file_name,protein_name,sequence
RNCMPT00001_RNCMPT.pkl,A1CF,GDGLSGTQKEAALRALVQRTGYSLVQENGQRKYGGPPPGWDAAPPERGCEIFIGKLPRDLFEDELIPLCEKIGKIYEMRMMMDFNGNNRGYAFVTFSNKVEAKNAIKQLNNYEIRNGRLLGVCASVDNCRLFVGGIPKTKKREEILSEMKKVTEGVVDVIVYPSAADKTKNRGFAFVEYESHRAAAMARRKLLPGRIQLWGHGIAVDWAEPEVEVDEDTMSSVKILYVRNLMLSTSEEMIEKEFNNIKPGAVERVKKIRDYAFVHFSNREDAVEAMKALNGKVLDGSPIEVTLAKPVDKDSYVRYTRGTGGRGTMLQGEYTYSLGQVYDPTTTYLGAPVF
RNCMPT00291_RNCMPT.pkl,A1CF,GDGLTGTQKEAALRALIQRTGYNLIQENGQRKYGGPPPGWDGPPPERGCEIFIGKLPRDLFEDELIPLCEKIGKIYEMRMMMDFNGNNRGYAFVTFSNKQEARNAIKQLNNYEIRNGRLLGVCASVDNCRLFVGGIPKTKKREEILAEMKKVTDGVVDVIVYPSAADKTKNRGFAFVEYESHRAAAMARRKLLPGRIQLWGHPIAVDWAEPEVEVDEDTMSSVKILYVRNLMLSTTEETIEKEFNNIKQGAVERVKKIRDYAFVHFNKREDAVHAMKALNGKVLDGSPIEVTLAKPVDKDSYVRYTRGTGGRGAVLQGEYTYAFGHVYDPAATYLGAPVF
RNCMPT00123_RNCMPT.pkl,A2BP1,AHLNAAAAAASGIVSPSANVATSLSSALVPAQSVAAVAAASLDAKSQPKRLHVSNIPFRFRDPDLRAMFGQFGTILDVEIIFNERGSKGFGFVTFANSNDAERARERLHGTVVEGRKIEVNNATARVQTKKVTAVPNVCVQWPEAAVAAAMRGVAIQRGHVGVVGATPY
RNCMPT00265_RNCMPT.pkl,An_0265,TPLKLENMDTTDIHETPIADETMTDAVNVGDEGDLEVAPKTEEEYAQSMLTLRAIVSSKEAGVIIGKAGKNVADLRDETGVKAGVSKVVPGVHDRVLTVTGALSGTARAYALVAKGLLEGAPQMGMGGIVSNNGTHPIRLLISHNQMGTIIGRQGLKIKHIQDASGVRMVAQKEMLPQSTERIVEVQGTPEGIEKAIWEIGKCLIDDWQRGTGTILYNPAVRSSVGSGSIQHNGGNSDSYNSRPYNRTGNGADFSDQSGGYGRRSNPDTSNRGYPLVTEDGEEIQTQNISIPADMVGCIIGRGGTKITEIRRSSGARISIAKAPHDETGERMFTIMGSAQANEKALYLLYENLEAEKTRRSQLQE
RNCMPT00287_RNCMPT.pkl,An_0287,ATTVYTSSGTTPTSTTPAAGVESQKTVVRSGGGQTWTDPTLLEWDPAHFRLFVGNLAGEVTDDSLFKAFSKYTSVQKARVIRDKRTQKSKGYGFVSFSDGDDYFKAAREMQGKYIGSHPVLLRRATTEVRPVSNTKNNKKNAGKGGGSGGNQGAKVKHDGIKKPGKTRGGL
RNCMPT00002_RNCMPT.pkl,ANKHD1,RLEGEVTPNSLSTSYKTVSLPLSSPNIKLNLTSPKRGQKREEGWKEVVRRSKKLSVPASVVSRIMGRGGCNITAIQDVTGAHIDVDKQKDKNGERMITIRGGTESTRYAVQLINALIQDPAKELEDLIPKNHIRTPASTKSIHANFSSGVGTTAASSKNAFPL
RNCMPT00270_RNCMPT.pkl,ARET,AAAAGKQIEGPEGCNLFIYHLPQEFTDTDLASTFLPFGNVISAKVFIDKQTSLSKCFGFVSFDNPDSAQVAIKAMNGFQVGTKRLKVQLKKPKDSKPY
RNCMPT00114_RNCMPT.pkl,ARET,TVTYGEKEPDPDNIKMFVGQVPKSMDESQLREMFEEYGAVHSINVLRDKATGISKGCCFVTFYTRHAALKAQDALHNVKTLNGMYHPIQMKPADSENRNERKLFVGMLNKKLNENDVRKLFEVHGAIEECTVLRDQNGQSKGCAFVTFATKHAAISAIKVTLSQNKIMEGCTSPLVVKFADTQKEKEQKKIQQIQANLWNLASNINIPLGQTATSVTTPILPNPPQQPSPVLGADAITPASIQLLQQLQAVGLQHQLLQALTGLGAQQSSSATDTSAVAAAGLLTPMTVQNLAAIAAMTQPSLSNAAAAAAAATSPGSAQLTNTAALLWSDPNPMASAYMSTAAGLPQFGSASALSTSPLASVALSAAAAAAAGKQIEGPEGCNLFIYHLPQEFTDTDLASTFLPFGNVISAKVFIDKQTSLSKCFGFVSFDNPDSAQVAIKAMNGFQVGTKRLKVQLKKPKDSKPY
RNCMPT00003_RNCMPT.pkl,ARET,MFTSRASFLANRRMIFDFSEKNNDIYLDAFGMSDKSSSATNSLPNSPIHSNNNNPSLLNNNNNNSNGTSSNNSLNVGNNNSNPSLGGSNSNALVSVGSNGIMSAAGLVNNNNNPCSANRNVVAMVDDDACFRLDTDATVTYGEKEPDPDNIKMFVGQVPKSMDESQLREMFEEYGAVHSINVLRDKATGISKGCCFVTFYTRHAALKAQDALHNVKTLNGMYHPIQMKPADSENRNERKLFVGMLNKKLNENDVRKLFEVHGAIEECTVLRDQNGQSKGCAFVTFATKHAAISAIKVTLSQNKIMEGCTSPLVVKFADTQKEKEQKKIQQIQANLWNLASNINIPLGQTATSVTTPILPNPPQQPSPVLGADAITPASIQLLQQLQAVGLQHQLLQALTGLGAQQSSSATDTSAVAAAGLLTPMTVQNLAAIAAMTQPSLSNAAAAAAAATSPGSAQLTNTAALLWSDPNPMASAYMSTAAGLPQFGSASALSTSPLASVALSAAAAAAAGKQIEGPEGCNLFIYHLPQEFTDTDLASTFLPFGNVISAKVFIDKQTSLSKCFGFVSFDNPDSAQVAIKAMNGFQVGTKRLKVQLKKPKDSKPY
RNCMPT00180_RNCMPT.pkl,ASD-1,MTTAAEIITVEKLNDFDYKVALQQQMVAAQNGAAAAVLRPHQIGSSPEAPQSQTSGGSTEQLQQQPLPPPTQQKQQQPLTIGPVAPNDRSTSSSSTDGPRRLHVSNIPFKYREPDLTAMFEKVGPVVDVEIIFNERGSKGFGFVTMQNPDDADRARAEFNGTTIEGRRVEVNLATQRVHNKKAKPLMSVGVDAMSAQNALISQQQQIQRAALLQQQLLAQQFLVPRHQQLMMPPTSAAAISQLQALQYQQALLAAQQQQQQMQNPQFLLSLQQQQQAQAQAPPTSMAQLIQHQQQFAMDPMAQAQAQAAQAQMVTLIAFEQQRMQLQAAAAAAQGRGVPQPGRIPTSTATTGSSQNQVAAGSIGEQYLQQSMQGAVPANFHHHSQALHPAAAAAAALQRRFAPY
RNCMPT00284_RNCMPT.pkl,At_0284,MAYQPVPGSGFHYLNSPFGDTTFTKVFVGGLAWETQSETLRQHFEQYGEILEAVVIADKNTGRSKGYGFVTFRDPEAARRACADPTPIIDGRRANCNLASLGRPRPPLPYAVIPNMPGRLRPASPYIGNVQGPRGSLIGNYPY
RNCMPT00134_RNCMPT.pkl,B52,MVGSRVYVGGLPYGVRERDLERFFKGYGRTRDILIKNGYGFVEFEDYRDADDAVYELNGKELLGERVVVEPARGTARGSNRDRYDDRYGGRRGGGGGRYNEKNKNSRSSSRYGPPLRTEYRLIVENLSSRVSWQDLKDYMRQAGEVTYADAHKQRRNEGVVEFASLSDMKTAIEKLDDTELNGRRIHLVEDRRGGRSGGGGGSGRGRSRSSSSRSRSRSRRRSRSRRSSHSRSKSRSRSKS
RNCMPT00122_RNCMPT.pkl,BRU-3,LVGQPKVEFAQQVTVSCHHPLIPPAIKLMNRALQLKPAENESRSEHLDRKLFVGMLSKQQTEDDVRQIFHPFGTIEECTILRGPDGASKGCAFVKFGSQQEAQSAITNLHGSQTMPGASSSLVVKYADTEKERQIRRMQQMAGHMNLLNPFVFNQFSPYGAYAQQQQQAALMAAAATAPGSAAAYMNPMAALATQIPHGLNGTGQPPSLPSPTMPNFNMGANTPNGQPGGAAAAAAAAAAADGVFTNGIPQTAFPGHPLHLTIPPQGLPNGDAATLQHAFPGLPPFPGVAFPAVYGQFPQALPPPLAAVAPTQREDFLMFPGCSISGPEGCNLFIYHLPQEFGDAELMQMFLPFGNVISSKVFIDRATNQSKCFGFVSFDNPASAQAAIQAMNGFQIGMKRLKVQLKRPKDASRPY
RNCMPT00004_RNCMPT.pkl,BRUNOL4,ATLANGQADNASLSTNGLGSSPGSAGHMNGLSHSPGNPSTIPMKDHDAIKLFIGQIPRNLDEKDLKPLFEEFGKIYELTVLKDRFTGMHKGCAFLTYCERESALKAQSALHEQKTLPGMNRPIQVKPADSESRGGSSCLRQPPSQDRKLFVGMLNKQQSEDDVRRLFEAFGNIEECTILRGPDGNSKGCAFVKYSSHAEAQAAINALHGSQTMPGASSSLVVKFADTDKERTMRRMQQMAGQMGMFNPMAIPFGAYGAYAQALMQQQAALMASVAQGGYLNPMAAFAAAQMQQMAALNMNGLAAAPMTPTSGGSTPPGITAPAVPSIPSPIGVNGFTGLPPQANGQPAAEAVFANGIHPYPAQSPTAADPLQQAYAGVQQYAGPAAYPAAYGQISQAFPQPPPMIPQQQREGPEGCNLFIYHLPQEFGDAELMQMFLPFGFVSFDNPASAQTAIQAMNGFQIGMKRLKVQLKRPKDANRPY
RNCMPT00166_RNCMPT.pkl,BRUNOL5,MARLTESEARRQQQQLLQPRPSPVGSSGPEPPGGQPDGMKDLDAIKLFVGQIPRHLDEKDLKPLFEQFGRIYELTVLKDPYTGMHKGCAFLTYCARDSAIKAQTALHEQKTLPGMARPIQVKPADSESRGGRDRKLFVGMLNKQQSEEDVLRLFQPFGVIDECTVLRGPDGSSKGCAFVKFSSHTEAQAAIHALHGSQTMPGASSSLVVKFADTDKERTLRRMQQMVGQLGILTPSLTLPFSPYSAYAQALMQQQTTVLSTSGSYLSPGVAFSPCHIQQIGAVSLNGLPATPIAPASGLHSPPLLGTTAVPGLVAPITNGFAGVVPFPGGHPALETVYANGLVPYPAQSPTVAETLHPAFSGVQQYTAMYPTAAITPIAHSVPQPPPLLQQQQREGPEGCNLFIYHLPQEFGDTELTQMFLPFGNIISSKVFMDRATNQSKCFGFVSFDNPASAQAAIQAMNGFQIGMKRLKVQLKRPKDPGHPY
RNCMPT00187_RNCMPT.pkl,BRUNOL6,MAAAPGGSAQPAGPGPRLGFSTADSGVGMSGLNPGPAVPMKDHDAIKLFVGQIPRGLDEQDLKPLFEEFGRIYELTVLKDRLTGLHKGCAFLTYCARDSALKAQSALHEQKTLPGMNRPIQVKPAASEGRGEDRKLFVGMLGKQQGEEDVRRLFQPFGHIEECTVLRSPDGTSKGCAFVKFGSQGEAQAAIRGLHGSRTMAGASSSLVVKLADTDRERALRRMQQMAGHLGAFHPAPLPLGACGAYTTAILQHQAALLAAAQGPGLGPVAAVAAQMQHVAAFSLVAAPLLPAAAANSPPGSGPGTLPGLPAPIGVNGFGPLTPQTNGQPGSDTLYNNGLSPYPAQSPGVADPLQQAYAGMHHYAAAYPSAYAPVSTAFPQQPSALPQQQREGPEGCNLFIYHLPQEFGDAELIQTFLPFGAVVSAKVFVDRATNQSKCFGFVSFDNPTSAQTAIQAMNGFQIGMKRLKVQLKRPKDANRPY
RNCMPT00129_RNCMPT.pkl,CG11360,PLPMPLSARSDFEIGTINSTLPIPSAPNCLLLPNAGAVSSEDRSKKSQNMTECVPVPSSEHVAEIVGRQGCKIKALRAKTNTYIKTPVRGEEPVFVVTGRKEDVNKAKREILSAADHFSLIRASRKPVSDSQNNGMVGSTTSSGGGAVPRMSGPPCMPGQVTIQVRVPYRVVGLVVGPKGATIKHIQQETQTYIVTPSREKEPIFEVTGLPDNVDTARKQIEAHIALRTGSGSGSGDAITMQSSDSVDTKEYASLPSLTQILNDDLNSEIL
RNCMPT00006_RNCMPT.pkl,CG14718,RPPLLPCMGGNTSYMVFPRTAADYMPRLALPRHRPYISIGQEQYVIQAETVFVLGMRLNVTKNDIILFFGKVGVIKMDESTNKPKIFVYKNKITGRSKGEATITYVSPFSAQAAISCLSGAKFMGQVITVLPAYLSTRRGSVRYSYPRELNAPEHQRRQRAMKWKPAIDNWVCMLCRNS
RNCMPT00131_RNCMPT.pkl,CG17838,APATVKGPDEDKIKKILERTGYTLDVTTGQRKYGGPPPHWEGNVPGNGCEVFCGKIPKDMYEDELIPLFENCGIIWDLRLMMDPMTGTNRGYAFVTFTNREAAVNAVRQLDNHEIKPGKCLKINISVPNLRLFVGNIPKSKGKDEILEEFGKLTAGLYEVIIYSSPDDKKKNRGFCFLEYESHKAASLAKRRLDTGRIKVWGCDIIVDWADPQEEPDEQTMSKVKVLYVRNLTQDVSEDKLKEQFEQYGKVERVKKIKDYAFIHFEDRDSAVEAMRGLNGKEIGASNIEVSLAKPPSDKKKKEEILRARERRMMQMMQARPGIVGNLSPTHPSIMSLTP
RNCMPT00147_RNCMPT.pkl,CG2931,EAIKAARASSALQSFQTTERKKKDRKTVRIAGGTVWEDTSLADWPDDDFRIFCGDLGNDVNDEVLTRTFNKFPSFQRARVVRDKRTGKSKGFGFVSFREPADFIRAMKEMDGRYVGSRPIKLRKSTWRQRSLDVVKKKEREKQVLLQAFNSMT
RNCMPT00007_RNCMPT.pkl,CG2950,AASAAAAAQAAAIAAVGTSNQQHMLLPPGEVIRNSGKFPKPTKIPGKTYCKDEVVIRNADSGKVMGIKGRRVHMIEELSETIISFQRVNPGAKERLVQITGPAEDKINYAKQLMEDTIRRNASPVRLEPAPAVGGSCSSLNSSNSDDAIVQPRTPTGSSLANRL
RNCMPT00009_RNCMPT.pkl,CG33714,MATAAAVAKVGKSVHRIFVGNLPWTVGHQELRGYFREFGRVVSANVIFDKRTGCSKGYGFVSFNSLTALEKIENEQKHILEGNYLNIQKS
RNCMPT00010_RNCMPT.pkl,CG5213,MTKKESSVPTLCWGYAGIRGMFQTGRPVDPPPPLPNLRMKTNLILNYLPQDMTESELHRLFSKFGEIRKAKIIRHRRTGISCCYGFVDYVSERQAAAAVNGMDGYETRGKRLKVAFARPSEYESTSSSLYVGNLPTYMDEKKVRELFATYGNIVDVNLLRHKFNNRSRGVAFLQFELVRDAEVAKYGMDRYMIEGASRPLTVKFVEREKKGSSSTSSGSQYKDKRKSSPPPYKRRERTNDHHVSKRS
RNCMPT00146_RNCMPT.pkl,CG7804,RLYSPSEETGWGEYHYFCVFPKKNKRQSEDNLENSTAKTKRTEAHLRCFDLIVLGLSYNTTEQDLREYFETYGDVVKAEIKKDTRSGHSKGFGFVRFGSYDVQMHVLSKRHSIDGRWCEVKVPASRGMGNQEPGKVFVGRCTEDIEADDLREYFSKFGEVIDVFIPKPFRAFSFVTFLDPYVPRVVCGEKHIIKGVSVHVSTADKKNVQNKNQLFQTNNYNNLDNNFKMQP
RNCMPT00144_RNCMPT.pkl,CG7903,MNTTAKVFVGSLPRCKPEELRRLFTNYGSVVECDVMNRCAFVHLENTDMAEAAIAALNGTIFKGQPIVVEAGRPKYGPGGGSRGQPGSGDNPGRRPSQVQGGGADKRPHESNTNFKRN
RNCMPT00008_RNCMPT.pkl,CNOT4,PENPADFKPLSQEEMIAFKSQKRQRDQQRKQKITENRKHLANVRVVQKNLVFVVGLPPRLADADILKKHEYFGKYGKIHKVVINPSTTYAGVQGPSASAYVTYVNNSDALRAIQSVNNIMIDGRLIKTSLGTTKYCSHFMKNQQCPKGDCMYLHELGDPEASFTKEEMHQGKHLEYE
RNCMPT00156_RNCMPT.pkl,CNOT4,PEDPAVYKPLSQEELQRIKNEKKQKQNERKQKISENRKHLASVRVVQKNLVFVVGLSQRLADPEVLKRPEYFGKFGKIHKVVINNSTSYAGSQGPSASAYVTYIRSEDALRAIQCVNNVVVDGRTLKASLGTTKYCSYFLKNMQCPKPDCMYLHELGDEAASFTKEEMQAGKHQEYE
RNCMPT00012_RNCMPT.pkl,CPEB2,LLMLNGRSSLFPIDDGLLDDGHSDQVGVLNSPTCYSAHQNGERIERFSRKVFVGGLPPDIDEDEITASFRRFGPLVVDWPHKAESKSYFPPKGYAFLLFQEESSVQALIDACIEEDGKLYLCVSSPTIKDKPVQIRPWNLSDSDFVMDGSQPLDPRKTIFVGGVPRPLRAVELAMIMDRLYGGVCYAGIDTDPELKYPKGAGRVAFSNQQSYIAAISARFVQLQHGDIDKRVEVKPYVLDDQMCDECQGARCGGKFAPFFCANVTCLQYYCEF
RNCMPT00158_RNCMPT.pkl,CPEB4,GRRRGQSSLFPMEDGFLDDGRGDQPLHSGLGSPHCFSHQNGERVERYSRKVFVGGLPPDIDEDEITASFRRFGPLIVDWPHKAESKSYFPPKGYAFLLFQDESSVQALIDACIEEDGKLYLCVSSPTIKDKPVQIRPWNLSDSDFVMDGSQPLDPRKTIFVGGVPRPLRAVELAMIMDRLYGGVCYAGIDTDPELKYPKGAGRVAFSNQQSYIAAISARFVQLQHGEIDKRVEVKPYVLDDQLCDECQGARCGGKFAPFFCANVTCLQYYCEYCWAAI
RNCMPT00133_RNCMPT.pkl,CPO,AVSDSNNNLNSSSSSNSNSNAIMENQMALAPLGLSQSMDSVNTASNEEEVRTLFVSGLPMDAKPRELYLLFRAYEGYEGSLLKVTSKNGKTASPVGFVTFHTRAGAEAAKQDLQGVRFDPDMPQTIRLEFAKSNTKVSKPKPQPNTATTASHPALMHPLTGHLGGPFFPGGPELWHHPLAYSA
RNCMPT00013_RNCMPT.pkl,DAZAP1,MNNSGADEIGKLFVGGLDWSTTQETLRSYFSQYGEVVDCVIMKDKTTNQSRGFGFVKFKDPNCVGTVLASRPHTLDGRNIDPKPCTPRGMQPERTRPKEGWQKGPRSDNSKSNKIFVGGIPHNCGETELREYFKKFGVVTEVVMIYDAEKQRPRGFGFITFEDEQSVDQAVNMHFHDIMGKKVEVKRAEPRDSKSQAPGQPGASQWGSRVVPNAANGWAGQPPPTWQQGYGPQGMWVPAGQAIGGYGPPPAGRGAPPPPPPFTSYIVSTPPGGFPPPQGFPQGYGAPPQFSFGYGPPPPPPDQFAPPGVPPPPATPGAAPLAFPPPPSQAAPDMSKPPTAQPDFPYGQYGLGSYSPAPPGCGPHFVYSLMVRLSSDVA
RNCMPT00273_RNCMPT.pkl,EIF-2ALPHA,MALTSRFYNERYPEIEDVVMVNVLSIAEMGAYVHLLEYNNIEGMILLSELSRRRIRSINKLIRVGKTEPVVVIRVDKEKGYIDLSKRRVSPEDVEKCTERFAKAKAINSLLRHVADILGFEGNEKLEDLYQKTAWHFEKKYNNKTVAYDIFKQSVTDPTVFDECNLEPETKEVLLSNIKRKLVSPTVKIRADIECSCYGYEGIDAVKASLTKGLELSTEELPIRINLIAPPLYVMTTSTTKKTDGLKALEVAIEHIRAKTSEYDGEFKVIMAPKLVTAIDEADLARRLERAEAENAQVAGDDDEEDGADQEGMQFDPEKEFNHKGSGAGRANEEDEEEEED
RNCMPT00121_RNCMPT.pkl,ELAV,QQQQAAAVVQQAAVQQAVVPQPQQAQPNTNGNAGSGSQNGSNGSTETRTNLIVNYLPQTMTEDEIRSLFSSVGEIESVKLIRDKSQVYIDPLNPQAPSKGQSLGYGFVNYVRPQDAEQAVNVLNGLRLQNKTIKVSFARPSSDAIKGANLYVSGLPKTMTQQELEAIFAPFGAIITSRILQNAGNDTQTKGVGFIRFDKREEATRAIIALNGTTPSSCTDPIVVKFSNTPGSTSKIIQPQLPAFLNPQLVRRIGGAMHTPVNKGLARFSPMAGDMLDVMLPNGLGAAAAAATTLASGPGGAYPIFIYNLAPETEEAALWQLFGPFGAVQSVKIVKDPTTNQCKGYGFVSMTNYDEAAMAIRALNGYTMGNRVLQVSFKTNKAK
RNCMPT00149_RNCMPT.pkl,ENOX1,IPGLGLVPPPPPTEVAVVKEIIHCKSCTLFPQNPNLPPPSTRERPPGCKTVFVGGLPENATEEIIQEVFEQCGDITAIRKSKKNFCHIRFAEEFMVDKAIYLSGYRMRLGSSTDKKDSGRLHVDFAQARDDFYEWECKQRMRAREERHRRKLEEDRLRPPS
RNCMPT00150_RNCMPT.pkl,ESRP2,GVWEVKTMVAVILHLLKEPSSQLFSKPEVIKQKYETGPCSKADVVDSETVVRARGLPWQSSDQDVARFFKGLNVARGGVALCLNAQGRRNGEALIRFVDSEQRDLALQRHKHHMGVRYIEVYKATGEEFVKIAGGTSLEVARFLSREDQVILRLRGLPFSAGPTDVLGFLGPECPVTGGTEGLLFVRHPDGRPTGDAFALFACEELAQAALRRHKGMLGKRYIELFRSTAAEVQQVLNRYASGPLLPTLTAPLLPIPFPLAPGTGRDCVRLRGLPYTATIEDILSFLGEAAADIRPHGVHMVLNQQGRPSGDAFIQMTSAERALAAAQRCHKKVMKERYVEVVPCSTEEMSRVLMGGTLGRSGMSPPPCKLPCLSPPTYTTFQATPTLIPT
RNCMPT00183_RNCMPT.pkl,ETR-1,MSGAVLPAVLVVPKMESVVVPIAESTVINAKDTTPSTAADNDVSPSPSEPDTDAIKMFVGQIPRQWNETDCRRLFEKYGSVFSCNILRDKSTQASKGCCFVTFYHRKDAIEAQGALHNIKVIEGMHHPVQMKPADTENRNERKLFIGQLSKKHNEENLREIFAKFGHIEDCSVLRDQDGKSRGCAFVTFTNRSCAVVATKEMHHSQTMEGCSAPLVVKFADTQKDKDVKTKSMITGSGAGSPKGGAASLLQNLNPALLQQLGGGQNYQAVASLLSLINGQQGQQQQHQQQQNVLGILGTGNPLLGNPAMAAQNQFDAITMAQIAHQQQMLALQGFAVQQGAPSQQQQGLFLAHQYSTNYSTGSPDSASNATDSSSDDNNVMNNRLTPTSKMAQYGYGPLIPRHPAQLYLQQRFPATAAAYVPGLAGGMAGAKTTSPVAASLANHQQIALTPFAGGAAALDHFQAMQQYALLANLQATGGVGVQATTSAAQMVGNGDVKGPDGANLFIYHLPQDFGDSDLINTFAPFGGILSAKVFIDKVTNLSKCFGFVSYENAQSATNAISAMNGFQIGSKRLKVQLKVDRGNPYNR
RNCMPT00014_RNCMPT.pkl,EXC-7,MTMEALLTPNNNNVPTSPVQTTYTSTQRYCSAPNVDIGESKTNLIINYLPQGMTQEEVRSLFTSIGEIESCKLVRDKVTGQSLGYGFVNYVREEDALRAVSSFNGLRLQNKTIKVSYARPSNDQIKGSNLYVSGIPKSMTLHELESIFRPFGQIITSRILSDNVTGLSKGVGFVRFDKKDEADVAIKTLNGSIPSGCSEQITVKFANNPASNNPKGLLSDLEAVQQAATTLVPLSTILGAPTLRATAGGIGPMHHAPITSKYRYSPMGAITAVSQPTATLPADYLTTSALLQMSQLNALAGLNPFATATAVPDFTASLIAHQQQQHAVAQQHAAQTASPPATNGQVAGLAAHAQLSALSASVAATLPPSDTAGYCLFVYNLSSDTDDTLLWQLFSQFGAIVNVKILRDLTQQCKGYAFVSMSNYTEAYNAMLSLNGTNLAGKTLQVVFKSSTPYRA
RNCMPT00015_RNCMPT.pkl,FMR1,ISKFEHTQKRASMLKDMHFRNLSQKVMLLKRTEEAARQLETTKLMSRGNYVEEFRVRDDLMGLAIGSHGSNIQAARTVDGVTNIELEEKSCTFKISGETEESVQRARAMLEYAEEFFQVPRELVGKVIGKNGRIIQEIVDKSGVFRIKDQNIPRELAHVPFVFIGTVESIANAKVLLEYHLSHLKEVEQLRQEKMEIDQQLRAIQESSMGSTQSFPVTRRSERGYSSDIESVRSMRGGGGGQRGRVRG
RNCMPT00016_RNCMPT.pkl,FMR1,ILSINEVTSKRAHMLIDMHFRSLRTKLSLIMRNEEASKQLESSRQLASRFHEQFIVREDLMGLAIGTHGANIQQARKVPGVTAIDLDEDTCTFHIYGEDQDAVKKARSFLEFAEDVIQVPRNLVGKVIGKNGKLIQEIVDKSGVVRVRIEAENEKNVPQEEEIMPPNSLPSNNSRVGPNAPEEKKHLDIKENSTHFSQPNSTKVQRGMVPFVFVGTKDSIANATVLLDYHLNYLKEVDQLRLERLQIDEQLRQIGASSRPPPNRTDKEKSYVTDDGQ
RNCMPT00120_RNCMPT.pkl,FNE,MTNAMDIVKNGSANGSVDGSNDESRTNLIVNYLPQTMTQEEMRSLFSSIGELESCKLVRDKVSGNLVLPASLTALNPALQQGQSLGYGFVNYVRAEDAEKAVNTLNGLRLQNKVIKVSYARPSSESIKGANLYVSGLPKNLSQPDLEGMFASFGKIITSRILCDNISGLSKGVGFIRFDQRNEAERAIQELNGKTPKGYAEPITVKFANNPSNSAKAQIAPPLTAYLTPQAAAATRRLAGALPSAGRIRYSPLAGDLLANSILPGNAMTGSGWCIFVYNLAPETEENVLWQLFGPFGAVQSVKVIRDLQTSKCKGFGFVTMTNYDEAVVAIQSLNGYTLGNRVLQVSFKTNKTKTT
RNCMPT00017_RNCMPT.pkl,FOX-1,MQALYQLSATGAQQQNQQIPIGLSNSLLYQQLAAHQQIAAQQHQQQLAVSAAHQTQNNIMLATSAPSLINHMENSTDGKVKDDPNSDYDLQLSIQQQLAAAAQAAQMGQTQIGPQIVGQQGQPVVATTAGSTNGSAAVTQPDPSTSSGPDGPKRLHVSNIPFRFRDPDLKTMFEKFGVVSDVEIIFNERGSKGFGFVTMERPQDAERARQELHGSMIEGRKIEVNCATARVHSKKVKPTGGILDQMNPLMAQSALAAQAQMNRALLLRSPLVAQSLLGRGAALIPGMQQPAFQLQAALAGNPLAQLQGQPLLFNAAALQTNALQQSAFGMDPAAVQAALLANEQARFQLAAAAAQGNEYIMYHQAKQQELPGRIPSSGNASAFGEQYLSNALATASLPSYQMNPALRTLNRFTPY
RNCMPT00018_RNCMPT.pkl,FUS,GGYEPRGRGGGRGGRGGMGGSDRGGFNKFGGPRDQGSRHDSEQDNSDNNTIFVQGLGENVTIESVADYFKQIGIIKTNKKTGQPMINLYTDRETGKLKGEATVSFDDPPSAKAAIDWFDGKEFSGNPIKVSFATRRADFNRGGGNGRGGRGRGGPMGRGGYGGGGSGGGGRGGFPSGGG
RNCMPT00161_RNCMPT.pkl,FXR1,ILSASEATVKRVNILSDMHLRSIRTKLMLMSRNEEATKHLECTKQLAAAFHEEFVVREDLMGLAIGTHGSNIQQARKVPGVTAIELDEDTGTFRIYGESADAVKKARGFLEFVEDFIQVPRNLVGKVIGKNGKVIQEIVDKSGVVRVRIEGDNENKLPREDGMVPFVFVGTKESIGNVQVLLEYHIAYLKEVEQLRMERLQIDEQLRQIGSRSYSGRGRGRRGPNYTSGYGT
RNCMPT00020_RNCMPT.pkl,FXR2,ILSTTEAPVKRASLLGDMHFRSLRTKLLLMSRNEEATKHLETSKQLAAAFQEEFTVREDLMGLAIGTHGANIQQARKVPGVTAIELGEETCTFRIYGETPEACRQARSYLEFSEDSVQVPRNLVGKVIGKNGKVIQEIVDKSGVVRVRVEGDNDKKNPREEGMVPFIFVGTRENISNAQALLEYHLSYLQEVEQLRLERLQIDEQLRQIGLGFRPPGSGRGSGGSDKAGYST
RNCMPT00021_RNCMPT.pkl,G3BP2,EVQSQPPRVREQRPRERPGFPPRGPRPGRGDMEQNDSDNRRIIRYPDSHQLFVGNLPHDIDENELKEFFMSFGNVVELRINTKGVGGKLPNFGFVVFDDSEPVQRILIAKPIMFRGEVRLNVEEKKTRAARERETRGGGDDRRDIRRNDRGPGGPRGIVGGGMMRDR
RNCMPT00022_RNCMPT.pkl,HNRNPA1,MSKSESPKEPEQLRKLFIGGLSFETTDESLRSHFEQWGTLTDCVVMRDPNTKRSRGFGFVTYATVEEVDAAMNARPHKVDGRVVEPKRAVSREDSQRPGAHLTVKKIFVGGIKEDTEEHHLRDYFEQYGKIEVIEIMTDRGSGKKRGFAFVTFDDHDSVDKIVIQKYHTVNGHNCEVRKALSKQEMASASSSQRGRSGSGNFGGGRGGGFGGNDNFGRGGNFSGRG
RNCMPT00023_RNCMPT.pkl,HNRNPA1L2,MSKSASPKEPEQLRKLFIGGLSFETTDESLRSHFEQWGTLTDCVVMRDPNTKRSRGFGFVTYATVEEVDAAMNTTPHKVDGRVVEPKRAVSREDSQRPGAHLTVKKIFVGGIKEDTEEHHLRDYFEQYGKIEVIEIMTDRGSGKKRGFAFVTFDDHDSVDKIVIQKYHTVKGHNCEVRKALPKQEMASASSSQRGRRGSGNFGGGRGDGFGGNDNFGRGGNFSGRG
RNCMPT00024_RNCMPT.pkl,HNRNPA2B1,MEKTLETVPLERKKREKEQFRKLFIGGLSFETTEESLRNYYEQWGKLTDCVVMRDPASKRSRGFGFVTFSSMAEVDAAMAARPHSIDGRVVEPKRAVAREESGKPGAHVTVKKLFVGGIKEDTEEHHLRDYFEEYGKIDTIEIITDRQSGKKRGFGFVTFDDHDPVDKIVLQKYHTINGHNAEVRKALSRQEMQEVQSSRSGRGGNFGFGDSRGGGGNFGPGPGSNFRGGSDG
RNCMPT00245_RNCMPT.pkl,HNRNPAB,KMFVGGLSWDTSKKDLKDYFNKFGDVTDCTIKMDQGTGRSRGFGFILFKDPASVEKVLEQKEHKLDGRVIDPKRALAMKKEPVKKVFVGGLNPDTSKEVIQEYFEEFGEIENIELPQDPKTEKRRGFVFITYKEEACVKKALENKFHTVGGSKCEIKIAQPKEVYQQQQYGNRSYGGRNRTRGGQGQNWNQGYNYWHHGYNQNYG
RNCMPT00025_RNCMPT.pkl,HNRNPC,MASNVTNKTDPRSMNSRVFIGNLNTLVVKKSDVEAIFSKYGKIVGCSVHKGFAFVQYVNERNARAAVAGEDGRMIAGQVLDINLAAEPKVNRGKAGVKRSAAEMYGSVTEHPSPSPLLSSSFDLDYDFQRD
RNCMPT00167_RNCMPT.pkl,HNRNPCL1,MASNVTNKMDPHSMNSRVFIGNLNTLVVKKSDVEAIFSKYGKIAGCSVHKGFAFVQYDKEKNARAAVAGEDGRMIASQVVDINLAAEPKVNRGNAGVKRSAAEMYGSSFDLDYGFQRDYYDGMYSFPARVP
RNCMPT00160_RNCMPT.pkl,HNRNPH2,MMLSTEGREGFVVKVRGLPWSCSADEVMRFFSDCKIQNGTSGIRFIYTREGRPSGEAFVELESEEEVKLALKKDRETMGHRYVEVFKSNSVEMDWVLKHTGPNSPDTANDGFVRLRGLPFGCSKEEIVQFFSGLEIVPNGMTLPVDFQGRSTGEAFVQFASQEIAEKALKKHKERIGHRYIEIFKSSRAEVRTHYDPPRKLMAMQRPGPYDRPGAGRGYNSIGRGAGFERMRRGAYGGGYGGYDDYGGYNDGYGFGSDRFGRDLNYCFSGMSDHRYGDGGSSFQSTTGHCVHMRGLPYRATENDIYNFFSPLNPMRVHIEIGPDGRVTGEADVEFATHEDAVAAMAKDKANMQHRYVELFLNSTAGTSGGAYDHSYVELFLNSTAGASGGAYGSQMMGGMGLSNQSSY
RNCMPT00026_RNCMPT.pkl,HNRNPK,METEQPEETFPNTETNGEFGKRPAEDMEEEQAFKRSRNTDEMVELRILLQSKNAGAVIGKGGKNIKALRTDYNASVSVPDSSGPERILSISADIETIGEILKKIIPTLEEGLQLPSPTATSQLPLESDAVECLNYQHYKGSDFDCELRLLIHQSLAGGIIGVKGAKIKELRENTQTTIKLFQECCPHSTDRVVLIGGKPDRVVECIKIILDLISESPIKGRAQPYDPNFYDETYDYGGFTMMFDDRRGRPVGFPMRGRGGFDRMPPGRGGRPMPPSRRDYDDMSPRRGPPPPPPGRGGRGGSRARNLPLPPPPPPRGGDLMAYDRRGRPGDRYDGMVGFSADETWDSAIDTWSPSEWQMAYEPQGGSGYDYSYAGGRGSYGDLGGPIITTQVTIPKDLAGSIIGKGGQRIKQIRHESGASIKIDEPLEGSEDRIITITGTQDQIQNAQYLLQNSVKQYADVEGF
RNCMPT00027_RNCMPT.pkl,HNRNPL,MVKMAAAGGGGGGGRYYGGGSEGGRAPKRLKTDNAGDQHGGGGGGGGGAGAAGGGGGGENYDDPHKTPASPVVHIRGLIDGVVEADLVEALQEFGPISYVVVMPKKRQALVEFEDVLGACNAVNYAADNQIYIAGHPAFVNYSTSQKISRPGDSDDSRSVNSVLLFTILNPIYSITTDVLYTICNPCGPVQRIVIFRKNGVQAMVEFDSVQSAQRAKASLNGADIYSGCCTLKIEYAKPTRLNVFKNDQDTWDYTNPNLSGQGDPGSNPNKRQRQPPLLGDHPAEYGGPHGGYHSHYHDEGYGPPPPHYEGRRMGPPVGGHRRGPSRYGPQYGHPPPPPPPPEYGPHADSPVLMVYGLDQSKMNGDRVFNVFCLYGNVEKVKFMKSKPGAAMVEMADGYAVDRAITHLNNNFMFGQKLNVCVSKQPAIMPGQSYGLEDGSCSYKDFSESRNNRFSTPEQAAKNRIQHPSNVLHFFNAPLEVTEENFFEICDELGVKRPSSVKVFSGKSERSSSGLLEWESKSDALETLGFLNHYQMKNPNGPYPYTLKLCFSTAQHAS
RNCMPT00091_RNCMPT.pkl,HNRNPL,MSRRLLPRAEKRRRRLEQRQQPDEQRRRSGAMVKMAAAGGGGGGGRYYGGGSEGGRAPKRLKTDNAGDQHGGGGGGGGGAGAAGGGGGGENYDDPHKTPASPVVHIRGLIDGVVEADLVEALQEFGPISYVVVMPKKRQALVEFEDVLGACNAVNYAADNQIYIAGHPAFVNYSTSQKISRPGDSDDSRSVNSVLLFTILNPIYSITTDVLYTICNPCGPVQRIVIFRKNGVQAMVEFDSVQSAQRAKASLNGADIYSGCCTLKIEYAKPTRLNVFKNDQDTWDYTNPNLSGQGDPGSNPNKRQRQPPLLGDHPAEYGGPHGGYHSHYHDEGYGPPPPHYEGRRMGPPVGGHRRGPSRYGPQYGHPPPPPPPPEYGPHADSPVLMVYGLDQSKMNCDRVFNVFCLYGNVEKVKFMKSKPGAAMVEMADGYAVDRAITHLNNNFMFGQKLNVCVSKQPAIMPGQSYGLEDGSCSYKDFSESRNNRFSTPEQAAKNRIQHPSNVLHFFNAPLEVTEENFFEICDELGVKRPSSVKVFSGKSERSSSGLLEWESKSDALETLGFLNHYQMKNPNGPYPYTLKLCFSTAQHAS
RNCMPT00288_RNCMPT.pkl,HNRNPR,ESTKGPDEAKIKALLERTGYTLDVTTGQRKYGGPPPDTVYSGVQPGIGTEVFVGKIPRDLYEDELVPLFEKAGPIWDLRLMMDPLSGQNRGYAFITFCSKDAAQEAVKLCDNYEIRPGKHLGVCISVANNRLFVGSIPKNKTKENILEEFNKVTEGLVDVILYHQPDDKKKNRGFCFLEYEDHKSAAQARRRLMSGKVKVWGNVVTVEWADPVEEPDPEVMAKVKVLFVRNLATTVTEEILEKSFSEFGKLERVKKLKDYAFVHFEDRGAAVKAMNEMNGKEIEGEEIEIVLAKPPDKKRKERQAARQASRSTAYEDYYYYPPPRMPPPIRGRGRGGRG
RNCMPT00289_RNCMPT.pkl,Hnrnpr,ESAKAPDEAKIKALLERTGYTLDVTTGQRKYGGPPPESVSSGAQPGIGTEVFVGKIPRDLFEDELVPLFEKAGPIWDLRLMMDPLSGQNRGYAFITFCNKEAAQEAVKLCDNYEIRPGKHIGVCISVANNRLFVGSIPKNKTKENILEEFSKVTEGLVDVILYHQPDDKKKNRGFCFLEYEDHKTAAQARRRLMSGKVKVWGNVVTVEWADPVEEPDPEIMAKVKVLFVRNLSSTVTEEILEKAFSVFGKLERVKKLKDYAFVHFDERDAAVRAMDEMNGTELEGEEIEIVLAKPPDKKRKERQAARQASRGSSYDDYYYYPPPRMPPPGRGRGRGGRG
RNCMPT00178_RNCMPT.pkl,HNRPLL,MSSSSSSPRETYEEDREYESQAKRLKTEEGEIDYSAEEGENRREATPRGGGDGGGGGRSFSQPEAGGSHHKVSVSPVVHVRGLCESVVEADLVEALEKFGTICYVMMMPFKRQALVEFENIDSAKECVTFAADEPVYIAGQQAFFNYSTSKRITRPGNTDDPSGGNKVLLLSIQNPLYPITVDVLYTVCNPVGKVQRIVIFKRNGIQAMVEFESVLCAQKAKAALNGADIYAGCCTLKIEYARPTRLNVIRNDNDSWDYTKPYLGRRDRGKGRQRQAILGEHPSSFRHDGYGSHGPLLPLPSRYRMGSRDTPELVAYPLPQASSSYMHGGNPSGSVVMVSGLHQLKMNCSRVFNLFCLYGNIEKVKFMKTIPGTALVEMGDEYAVERAVTHLNNVKLFGKRLNVCVSKQHSVVPSQIFELEDGTSSYKDFAMSKNNRFTSAGQASKNIIQPPSCVLHYYNVPLCVTEETFTKLCNDHEVLTFIKYKVFDAKPSAKTLSGLLEWECKTDAVEALTALNHYQIRVPNGSNPYTLKLCFSTSSHL
RNCMPT00118_RNCMPT.pkl,HOW,AAFPNVFTHVERLLDEEIARVRASLFQINGVKKEPLTLPEPEGSVVTMNEKVYVPVREHPDFNFVGRILGPRGMTAKQLEQETGCKIMVRGKGSMRDKKKEDANRGKPNWEHLSDDLHVLITVEDTENRATVKLAQAVAEVQKLLVPQAEGEDELKKRQLMELAIINGTYRDTTAKSVAVCDEEWRRLVAASDS
RNCMPT00028_RNCMPT.pkl,HRB27C,MEEDERGKLFVGGLSWETTQENLSRYFCRFGDIIDCVVMKNNESGRSRGFGFVTFADPTNVNHVLQNGPHTLDGRTIDPKPCNPRTLQKPKKGGGYKVFLGGLPSNVTETDLRTFFNRYGKVTEVVIMYDQEKKKSRGFGFLSFEEESSVEHVTNERYINLNGKQVEIKKAEPRDGSGGQNSNNSTVGGAYGKLGNECSHWGPHHAPINMMQGQNGQM
RNCMPT00093_RNCMPT.pkl,HRB27C,MEEDERGKLFVGGLSWETTQENLSRYFCRFGDIIDCVVMKNNESGRSRGFGFVTFADPTNVNHVLQNGPHTLDGRTIDPKPCNPRTLQKPKKGGGYKVFLGGLPSNVTETDLRTFFNRYGKVTEVVIMYDQEKKKSRGFGFLSFEEESSVEHVTNERYINLNGKQVEIKKAEPRDGSGGQNSNNSTVGGAYGKLGNECSHWGPHHAPINMMQGQNGQMGGPPLNMPIGAPNMMPGYQGWGTSPQQQQYGYGNSGPGSYQGWGAPPGPQGPPPQWSNYAGPQQTQGYGGYDMYNSTSTGAPSGPSGGGSWNSWNMPPNSAGPTGAPGAGAGTATDMYSRAQAWATGGPSTTGPVGGMPRTGPGNSASKSGSEYDYGGYGSGYDYDYSNYVKQEGASNYGAGPRSAYGNDSSTQPPYATSQAV
RNCMPT00029_RNCMPT.pkl,HRB87F,MAEQNDSNGNYDDGEEITEPEQLRKLFIGGLDYRTTDDGLKAHFEKWGNIVDVVVMKDPKTKRSRGFGFITYSQSYMIDNAQNARPHKIDGRTVEPKRAVPRQEIDSPNAGATVKKLFVGGLRDDHDEECLREYFKDFGQIVSVNIVSDKDTGKKRGFAFIEFDDYDPVDKIILQKTHSIKNKTLDVKKAIAKQDMDRQGGGGGRGGPRAGGRGGQGDRGQGGGGWGGQNRQNGGG
RNCMPT00095_RNCMPT.pkl,HRB98DE,DFPQDSITEPEHMRKLFIGGLDYRTTDENLKAHFEKWGNIVDVVVMKDPRTKRSRGFGFITYSHSSMIDEAQKSRPHKIDGRVVEPKRAVPRQDIDSPNAGATVKKLFVGALKDDHDEQSIRDYFQHFGNIVDINIVIDKETGKKRGFAFVEFDDYDPVDKVVLQKQHQLNGKMVDVKKALPKQNDQQGGG
RNCMPT00096_RNCMPT.pkl,HRB98DE,DFPQDSITEPEHMRKLFIGGLDYRTTDENLKAHFEKWGNIVDVVVMKDPRTKRSRGFGFITYSHSSMIDEAQKSRPHKIDGRVVEPKRAVPRQDIDSPNAGATVKKLFVGALKDDHDEQSIRDYFQHFGNIVDINIVIDKETGKKRGFAFVEFDDYDPVDKVVLQKQHQLNGKMVDVKKALPKQNDQQGGG
RNCMPT00094_RNCMPT.pkl,HRB98DE,MVNSNQNQNGNSNGHDDDFPQDSITEPEHMRKLFIGGLDYRTTDENLKAHFEKWGNIVDVVVMKDPRTKRSRGFGFITYSHSSMIDEAQKSRPHKIDGRVVEPKRAVPRQDIDSPNAGATVKKLFVGALKDDHDEQSIRDYFQHFGNIVDINIVIDKETGKKRGFAFVEFDDYDPVDKVVLQKQHQLNGKMVDVKKALPKQNDQQGGGGGRGGPGGRAGGNRGNMGGGNYGNQNGGGNWNNGGNNWGNNRGGNDNWGNNSFGGGGGGGGGYGGGNNSWGNNNPWDNGNGGGNFGGGGNNWNNGGNDFGGYQQNYGGGPQRGGGNFNNNRMQPYQGGGGFKAGGGNQGNYGGNNQGFNNGGNNRRY
RNCMPT00031_RNCMPT.pkl,Hrp1p,QVTQTKEERSKADLSKESCKMFIGGLNWDTTEDNLREYFGKYGTVTDLKIMKDPATGRSRGFGFLSFEKPSSVDEVVKTQHILDGKVIDPKRAIPRDEQDKTGKIFVGGIGPDVRPKEFEEFFSQWGTIIDAQLMLDKDTGQSRGFGFVTYDSADAVDRVCQNKFIDFKDRKIEIKRAEPRHMQQKSSNNGGNN
RNCMPT00112_RNCMPT.pkl,HuR,MSNGYEDHMAEDCRGDIGRTNLIVNYLPQNMTQDELRSLFSSIGEVESAKLIRDKVAGHSLGYGFVNYVTAKDAERAINTLNGLRLQSKTIKVSYARPSSEVIKDANLYISGLPRTMTQKDVEDMFSRFGRIINSRVLVDQTTGLSRGVAFIRFDKRSEAEEAITSFNGHKPPGSSEPITVKFAANPNQNKNVALLSQLYHSPARRFGGPVHHQAQRFRFSPMGVDHMSGLSGVNVPGNASSGWCIFIYNLGQDADEGILWQMFGPFGAVTNVKVIRDFNTNKCKGFGFVTMTNYEEAAMAIASLNGYRLGDKILQVSFKTNKSH
RNCMPT00117_RNCMPT.pkl,HuR,MSNGYEDHMAEDCRGDIGRTNLIVNYLPQNMTQDELRSLFSSIGEVESAKLIRDKVAGHSLGYGFVNYVTAKDAERAINTLNGLRLQSKTIKVSYARPSSEVIKDANLYISGLPRTMTQKDVEDMFSRFGRIINSRVLVDQTTGLSRGVAFIRFDKRSEAEEAITSFNGHKPPGSSEPITVKFAANPNQNKNVALLSQLYHSPARRFGGPVHHQAQRFRFSPMGVDHMSGLSGVNVPGNASSGWCIFIYNLGQDADEGILWQMFGPFGAVTNVKVIRDFNTNKCKGFGFVTMTNYEEAAMAIASLNGYRLGDKILQVSFKTNKSH
RNCMPT00136_RNCMPT.pkl,HuR,MSNGYEDHMAEDCRGDIGRTNLIVNYLPQNMTQDELRSLFSSIGEVESAKLIRDKVAGHSLGYGFVNYVTAKDAERAINTLNGLRLQSKTIKVSYARPSSEVIKDANLYISGLPRTMTQKDVEDMFSRFGRIINSRVLVDQTTGLSRGVAFIRFDKRSEAEEAITSFNGHKPPGSSEPITVKFAANPNQNKNVALLSQLYHSPARRFGGPVHHQAQRFRFSPMGVDHMSGLSGVNVPGNASSGWCIFIYNLGQDADEGILWQMFGPFGAVTNVKVIRDFNTNKCKGFGFVTMTNYEEAAMAIASLNGYRLGDKILQVSFKTNKSH
RNCMPT00032_RNCMPT.pkl,HuR,MSNGYEDHMAEDCRGDIGRTNLIVNYLPQNMTQDELRSLFSSIGEVESAKLIRDKVAGHSLGYGFVNYVTAKDAERAINTLNGLRLQSKTIKVSYARPSSEVIKDANLYISGLPRTMTQKDVEDMFSRFGRIINSRVLVDQTTGLSRGVAFIRFDKRSEAEEAITSFNGHKPPGSSEPITVKFAANPNQNKNVALLSQLYHSPARRFGGPVHHQAQRFRFSPMGVDHMSGLSGVNVPGNASSGWCIFIYNLGQDADEGILWQMFGPFGAVTNVKVIRDFNTNKCKGFGFVTMTNYEEAAMAIASLNGYRLGDKILQVSFKTNKSH
RNCMPT00274_RNCMPT.pkl,HuR,MSNGYEDHMAEDCRGDIGRTNLIVNYLPQNMTQDELRSLFSSIGEVESAKLIRDKVAGHSLGYGFVNYVTAKDAERAINTLNGLRLQSKTIKVSYARPSSEVIKDANLYISGLPRTMTQKDVEDMFSRFGRIINSRVLVDQTTGLSRGVAFIRFDKRSEAEEAITSFNGHKPPGSSEPITVKFAANPNQNKNVALLSQLYHSPARRFGGPVHHQAQRFRFSPMGVDHMSGLSGVNVPGNASSGWCIFIYNLGQDADEGILWQMFGPFGAVTNVKVIRDFNTNKCKGFGFVTMTNYEEAAMAIASLNGYRLGDKILQVSFKTNKSH
RNCMPT00033_RNCMPT.pkl,IGF2BP2,MMNKLYIGNLSPAVTADDLRQLFGDRKLPLAGQVLLKSGYAFVDYPDQNWAIRAIETLSGKVELHGKIMEVDYSVSKKLRSRKIQIRNIPPHLQWEVLDGLLAQYGTVENVEQVNTDTETAVVNVTYATREEAKIAMEKLSGHQFENYSFKISYIPDEEVSSPSPPQRAQRGDHSSREQGHAPGGTSQARQIDFPLRILVPTQFVGAIIGKEGLTIKNITKQTQSRVDIHRKENSGAAEKPVTIHATPEGTSEACRMILEIMQKEADETKLAEEIPLKILAHNGLVGRLIGKEGRNLKKIEHETGTKITISSLQDLSIYNPERTITVKGTVEACASAEIEIMKKLREAFENDMLAVNQQANLIPGLNLSALGIFSTGLSVLSPPAGPRGAPPAAPYHPFTTHSGYFSSLYPHHQFGPFPHHHSYPEQEIVNLFIPTQAVGAIIGKKGAHIKQLARFAGASIKIAPAEGPDVSERMVIITGPPEAQFKAQGRIFGKLKEENFFNPKEEVKLEAHIRVPSSTAGRVIGKGGKTVNELQNLTSAEVIVPRDQTPDENEEVIVRIIGHFFASQTAQRKIREIVQQVKQQEQKYPQGVASQRSK
RNCMPT00172_RNCMPT.pkl,IGF2BP3,MNKLYIGNLSENAAPSDLESIFKDAKIPVSGPFLVKTGYAFVDCPDESWALKAIEALSGKIELHGKPIEVEHSVPKRQRIRKLQIRNIPPHLQWEVLDSLLVQYGVVESCEQVNTDSETAVVNVTYSSKDQARQALDKLNGFQLENFTLKVAYIPDEMAAQQNPLQQPRGRRGLGQRGSSRQGSPGSVSKQKPCDLPLRLLVPTQFVGAIIGKEGATIRNITKQTQSKIDVHRKENAGAAEKSITILSTPEGTSAACKSILEIMHKEAQDIKFTEEIPLKILAHNNFVGRLIGKEGRNLKKIEQDTDTKITISPLQELTLYNPERTITVKGNVETCAKAEEEIMKKIRESYENDIASMNLQAHLIPGLNLNALGLFPPTSGMPPPTSGPPSAMTPPYPQFEQSETETVHLFIPALSVGAIIGKQGQHIKQLSRFAGASIKIAPAEAPDAKVRMVIITGPPEAQFKAQGRIYGKIKEENFVSPKEEVKLEAHIRVPSFAAGRVIGKGGKTVNELQNLSSAEVVVPRDQTPDENDQVVVKITGHFYACQVAQRKIQEILTQVKQHQQQKALQSGPPQSRRK
RNCMPT00169_RNCMPT.pkl,KHDRBS1,LMAEKDSLDPSFTHAMQLLTAEIEKIQKGDSKKDDEENYLDLFSHKNMKLKERVLIPVKQYPKFNFVGKILGPQGNTIKRLQEETGAKISVLGKGSMRDKAKEEELRKGGDPKYAHLNMDLHVFIEVFGPPCEAYALMAHAMEEVKKFLVPDMMDDICQEQFLELSYLNGVPEPSRGRGVPVRGR
RNCMPT00062_RNCMPT.pkl,KHDRBS1,RRDDPASRLTRFSGRSCSKDPSGAHPSVRLTPSRPSPLPHRPRGGGGGPRGGARASPATQPPPLLPPSTPGPDATVVGSAPTPLLPPSATAAVKMEPENKYLPELMAEKDSLDPSFTHAMQLLSVEIEKIQKGESKKDDEENYLDLFSHKNMKLKERVLIPVKQYPKFNFVGKILGPQGNTIKRLQEETGAKISVLGKGSMRDKA
RNCMPT00185_RNCMPT.pkl,KHDRBS2,MAEKDSLDPSFVHASRLLAEEIEKFQGSDGKKEDEEKKYLDVISNKNIKLSERVLIPVKQYPKFNFVGKLLGPRGNSLKRLQEETGAKMSILGKGSMRDKAKEEELRKSGEAKYAHLSDELHVLIEVFAPPGEAYSRMSHALEEIKKFLVPDYNDEIRQEQLRELSYLNGSEDSGRGRGIR
RNCMPT00034_RNCMPT.pkl,KHDRBS3,ELMAEKDSLDPSFTHALRLVNQEIEKFQKGEGKDEEKYIDVVINKNMKLGQKVLIPVKQFPKFNFVGKLLGPRGNSLKRLQEETLTKMSILGKGSMRDKAKEEELRKSGEAKYFHLNDDLHVLIEVFAPPAEAYARMGHALEEIKKFLIPDYNDEIRQAQLQELTYLNGGSENADVPVVRGKP
RNCMPT00035_RNCMPT.pkl,LARK,MPGAGTFKLFIGNLDEKTQATELRALFEKYGTVVECDVVKNYGFVHMETEQQGRDAIQNLNGYTLNEFAIKVEAAKSRRAPNTPTTKIFVGNLTDKTRAPEVRELFQKYGTVVECDIVRNYGFVHLDCVGDVQDAIKELNGRVVDGQPLKVQVSTSRVRPKPGMGDPEQCYRCGRSGHWSKECPRLYGSAGGGREPPSPLSAGGYRD
RNCMPT00097_RNCMPT.pkl,LARK,MPGAGTFKLFIGNLDEKTQATELRALFEKYGTVVECDVVKNYGFVHMETEQQGRDAIQNLNGYTLNEFAIKVEAAKSRRAPNTPTTKIFVGNLTDKTRAPEVRELFQKYGTVVECDIVRNYGFVHLDCVGDVQDAIKELNGRVVDGQPLKVQVSTSRVRPKPGMGDPEQCYRCGRSGHWSKECPRLYGSAGGGREPPSPLSAGGYRD
RNCMPT00124_RNCMPT.pkl,LARK,MPGAGTFKLFIGNLDEKTQATELRALFEKYGTVVECDVVKNYGFVHMETEQQGRDAIQNLNGYTLNEFAIKVEAAKSRRAPNTPTTKIFVGNLTDKTRAPEVRELFQKYGTVVECDIVRNYGFVHLDCVGDVQDAIKELNGRVVDGQPLKVQVSTSRVRPKPGMGDPEQCYRCGRSGHWSKECPRLYGSAGGGREPPSPLSAGGYRDRMYGRDPYPPPPPPPPFLRDRIMDGFRDYDYYDRRFEDSRDLYERRYQTSRMRDFPPPPISRREPMPLPPTLSGSLRSCSVSRGYDTMFSRRSPPPPRSSNGMSRYGSPTPHGYEDFSRDAFDERMISSRGMRGPSPPGRRYAPY
RNCMPT00036_RNCMPT.pkl,LIN28A,MGSVSNQQFAGGCAKAAEEAPEEAPEDAARAADEPQLLHGAGICKWFNVRMGFGFLSMTARAGVALDPPVDVFVHQSKLHMEGFRSLKEGEAVEFTFKKSAKGLESIRVTGPGGVFCIGSERRPKGKSMQKRRSKGDRCYNCGGLDHHAKECKLPPQPKKCHFCQSISHMVASCPLKAQQGPSAQGKPTYFREEEEEIHSPTLLPEAQN
RNCMPT00162_RNCMPT.pkl,LIN28A,MGSVSNQQFAGGCAKAAEEAPEEAPEDAARAADEPQLLHGAGICKWFNVRMGFGFLSMTARAGVALDPPVDVFVHQSKLHMEGFRSLKEGEAVEFTFKKSAKGLESIRVTGPGGVFCIGSERRPKGKSMQKRRSKGDRCYNCGGLDHHAKECKLPPQPKKCHFCQSISHMVASCPLKAQQGPSAQGKPTYFREEEEEIHSPTLLPEAQN
RNCMPT00212_RNCMPT.pkl,Lm_0212,MTKSSQHQHKSSSFTPSSTNLFVRYLPREVDDNRLREIFSAFGKITSSMVMRDIYNGQSLGTAFVRYEEHEEALRAMRDAHGMPLLGKTVSVQWAKQQHDDTPAGQERLKMNKLFLRNVPLEVAEEDLVRLVSPYGSVKKVTIHNDTAPLIDATERRRIVFITFAEQGAAEAALLAVHNTCAFHQCRGIPLMGKLSEDYTQKARTPRTAHAPYSRRYSGSERSPSGTCSKAVKSR
RNCMPT00223_RNCMPT.pkl,Lm_0223,KPANKAPAPKAAAAKPVAKAAPKAAAPAARPASGSSNGVYVKNWGTGSVADAANVFSAAGKVVKVQLRRQRYAIVFFENSAAVKKAIDLFNEKEVLGKTVLVVPAKTSPKPDAHENSSCVFVSPIFRPSTTKAQVMELFAGVKVQRLRMYRQNFAYAYLDSPAAAKKFVEEKNGTEFRGHTLRVALSARSLEKLRARQEAANVVIAAHRHYKTHERQ
RNCMPT00254_RNCMPT.pkl,Lm_0254,KKKSLFETVFDTKEVEKELAAQEDRRSRKRSKKQVLRHALHSNEEEDARTVFVGNLPNTIHKRDVEKIFKSCGSITAVRIRCQALEELDEQHQNMGRAVRVLRGEIKKDAKYSATAYVLFDSAKSIASALEKNGLIFHNRHIVVTTMDVESRAYPPETSIFLGNVAYNTTEEDVWSFFQEHGIADVKRVRLVRDRETGDCKGFGYVEFMHASSVQPAIETRGDKLNGRELRIVHVNKSKEVKVATKSRREKRRSEHAGGRGGAEACKRSRSGGDGDGGSRG
RNCMPT00255_RNCMPT.pkl,Lm_0255,MAFTGPNPSIWVGGLDPDLQEQKLYDYFVRIGPVTSVRVCVDSATQKSLGYGYVNFQDPADAEKALDQAGSKLGSRYLRIAKIQRDPSKRRSGVNNILVKKLPKSVDTYALKEMFSKFGRLTAIGLACDEKGESRGYARISFEREESAVDAVREMDGMEMDGQAIVVERYQAQHRDELLKQFTNLYVKNLDPAVTDEKLRAFFAKYGEVSSAKVRDLGAAQSEAGLGYVAFQKHENAARAVEELNGKECEIAKAGSPLDVSRFRSREERQRDRERQRRERAQQHSKYPNLYVKGFDDTVTSERLEELFQRYGETVSVTVMMDKETGVSRCFGFVSMKDQNAASQAIQELNGSTFLSPRPLFVTYALRKDARRQNLEERSKQFRVRQNPMGGPGMGAMPPIGFMGPQMFN
RNCMPT00234_RNCMPT.pkl,MAL13P1.35,FTHSVRIPIYPTPQNMLYNTMNYMNSKAYIKHLKYNKVIPTDPTIPPNETLYIKNLNDRVKTDEMKKNLKDLFNTYGEIKDLIVMKSFWRKGQAWVVYDDKECATKALNALQGYVLFGKIMQINFSHNKSDIHAKRDGTFVERSKEPKKPKKILEREQKQKEIFEQMHKNYLEMQKNNFNMLNGNKEINKPEIIDLSQMDKQTLIAKAQAKANEDKNKKNEELPNNNIFSSYYQMNNIAPVQNYPVVMPYKILFVENVVENVDTQAFNDLFKNYAGFVEARIIPQRNVAFVDFTDETTATFAMKAVQNYELQGSKLKISYAKR
RNCMPT00197_RNCMPT.pkl,MAL8P1.40,MSLTNSSKIFIGSIPKDVTEEELKTEAAKYGTITQVYYVPATAQSPRGWAFITYEQRSEAYKAIEALDYKCIFPNSQRPLDVRFASYKYNNSNDAQGGNKNVWQKHVTTDGHPYYYNSVTGHSQWEKPKEMSATNFPGKGSAPSFGPPGANVFVFHLPSHWTDMELYQHFQHFGYVVSARIQRDANGRNKGYGFVSFNNPESALNAIKGMHGFYVSGKHLKVQLKKGEEHYVQMNTPAQPQLTPAQPYSVQQPIIGNHHQPYMTHLMYGGM
RNCMPT00037_RNCMPT.pkl,MATR3,SFHLGGPAVGPRGNLGAGNGNLQGPRHMQKGRVETSRVVHIMDFQRGKNLRYQLLQLVEPFGVISNHLILNKINEAFIEMATTEDAQAAVDYYTTTPALVFGKPVRVHLSQKYKRIKKPEGKPDQKFDQKQELGRVIHLSNLPHSGYSDSAVLKLAEPYGKIKNYILMRMKSQAFIEMETREDAMAMVDHCLKKALWFQGRCVKVDLSEKYKKLVLRIPNRGIDLLKKDKSRKRSYSPDGKESPSDKKSKTDG
RNCMPT00038_RNCMPT.pkl,MBNL1,MAVSVTPIRDTKWLTLEVCREFQRGTCSRPDTECKFAHPSKSCQVENGRVIACFDSLKGRCSRENCKYLHPPPHLKTQLEINGRNNLIQQKNMAMLAQQMQLANAMMPGAPLQPVPMFSVAPSLATNASAAAFNPYLGPVSPSLVPAEILPTAPMLVTGNPGVPVPAAAAAAAQKLMRTDRLEVCREYQRGNCNRGENDCRFAHPADSTMIDTNDNTVTVCMDYIKGRCSREKCKYFHPPAHLQAKIKAAQYQVNQAAAAQAAATAAAMGIPQAVLPPLPKRPALEKTNGATAVFNTGIFQYQQALANMQLQQHTAFLPPGSILCMTPATSVVPMVHGATPATVSAATTSATSVPFAATATANQIPIISAEHLTSHKYVTQM
RNCMPT00181_RNCMPT.pkl,MEC-8,MDGPKPNLASAASMESLNSVSSEATNPSQVRTLFVSGLPMDAKPRELYLLFRGCRGYEGALLKMTSKNGKPTSPVGFVTFLSQQDAQDARKMLQGVRFDPECAQVLRLELAKSNTKVARPKQSPPPPQHAALSAAAAGVPQFLAPMQHDLLLDPQSAALFNEQQLLALSLPHLHAAQALQAAYMPASALQQYSQNQLFAAAQMHPAAAAAASLQHSQQASQASTSACSTLFVANLSAEVNEDTLRGVFKAFSGFTRLRLHNKNGSCVAFVEYSDLQKATQAMISLQGFQITANDRGGLRIEYARNKMADVNG
RNCMPT00039_RNCMPT.pkl,MEX-5,MKAASNSVSSAGGSVSPTTTQPPLPPGQSSHPQIYDQQMQYYFAAAMPNQPMATYAAQNGSSQQYAPAAPYYQDANGQYVQVPANGSMAPQQHMMVSGQPYLYMAQPQQGAQQVMQSGQPQLIYYQQSMAPQAAPMYFHPMQAAPMLPEQMGVMPHTQPAIPPQQQPRQVGVEISSTRTAPLTSSTPLPTSLEYETVQRDNRNRNIQFRYHRVMEHDELPIDEISKITLDNHNDDTMSAEKENHFHEHRGEKFGRRGFPIPETDSQQPPNYKTRLCMMHASGIKPCDMGARCKFAHGLKELRATDAPARYPNNKYKTKLCKNFARGGTGFCPYGLRCEFVHPTDKEFQNIPPYQRMSHDDQDYDQDVIPEDYVVARHQPRFMRTGGRATTPTKVMLKHRNVAGSMMCLSNAGRDLQAGGDYNQPESNEDDLPPHLRRNRRENPPMNKRRTSLSTKWTSEENLGLRGHY
RNCMPT00140_RNCMPT.pkl,MOD,DESDDDEEAPVEKPVSKKSEKANSEKSEENRGIPKVKVGKIPLGTPKNQIVFVTNLPNEYLHKDLVALFAKFGRLSALQRFTNLNGNKSVLIAFDTSTGAEAVLQAKPKALTLGDNVLSVSQPRNKEENNERTVVVGLIGPNITKDDLKTFFEKVAPVEAVTISSNRLMPRAFVRLASVDDIPKALKLHSTELFSRFITVRRISQESISRTSELTLVVENVGKHESYSSDALEKIFKKFGDVEEIDVVCSKAVLAFVTFKQSDAATKALAQLDGKTVNKFEWKLHRFERSTSGRAILVTNLTSDATEADLRKVFNDSGEIESIIMLGQKAVVKFKDDEGFCKSFLANESIVNNAPIFIEPNSLLKHRLLKKRLAIGQTRAPRKFQKDTKPNFGKKPFNKRPAQENGG
RNCMPT00040_RNCMPT.pkl,MSI,ATPKNRPRQANKTKKIFVGGVSQDTSAEEVKAYFSQFGPVEETVMLMDQQTKRHRGFGFVTFENEDVVDRVCEIHFHTIKNKKVECKKAQPKEAVTPAAQ
RNCMPT00100_RNCMPT.pkl,MSI,ALLKENVNASAGAGQNNGQAAMGGSNKSGSSGRSTPSLSGGSGSDPAPGKLFVGGLSWQTSSDKLKEYFNMFGTVTDVLIMKDPVTQRSRGFGFITFQEPCTVEKVLKVPIHTLDGKKIDPKHATPKNRPRQANKTKKIFVGGVSQDTSAEEVKAYFSQFGPVEETVMLMDQQTKRHRGFGFVTFENEDVVDRVCEIHFHTIKNKKVECKKAQPKEAVTPAAQLLQKRIMLGTLGVQLPTAPGQLIGARGAGVATMNP
RNCMPT00099_RNCMPT.pkl,MSI,PSLSGGSGSDPAPGKLFVGGLSWQTSSDKLKEYFNMFGTVTDVLIMKDPVTQRSRGFGFITFQEPCTVEKVLKVPIHTLDGKKIDPKHATPKNRPRQANKTKKIFVGGVSQDTSAEEVKAYFSQFGPVEETVMLMDQQTKRHRGFGFVTFENEDVVDRVCEIHFHTIKNKKVECKKAQPKEAVTPAAQ
RNCMPT00041_RNCMPT.pkl,MSI1,METDAPQPGLASPDSPHDPCKMFIGGLSWQTTQEGLREYFGQFGEVKECLVMRDPLTKRSRGFGFVTFMDQAGVDKVLAQSRHELDSKTIDPKVAFPRRAQPKMVTRTKKIFVGGLSVNTTVEDVKQYFEQFGKVDDAMLMFDKTTNRHRGFGFVTFESEDIVEKVCEIHFHEINNKMVECKKAQPKEVMSPTGSARGRSRVMPYGMDAFMLGIGMLGYPGFQATTYASR
RNCMPT00176_RNCMPT.pkl,MSI1,METDAPQPGLASPDSPHDPCKMFIGGLSWQTTQEGLREYFGQFGEVKECLVMRDPLTKRSRGFGFVTFMDQAGVDKVLAQSRHELDSKTIDPKVAFPRRAQPKMVTRTKKIFVGGLSVNTTVEDVKQYFEQFGKVDDAMLMFDKTTNRHRGFGFVTFESEDIVEKVCEIHFHEINNKMVECKKAQPKEVMSPTGSARGRSRVMPYGMDAFMLGIGMLGYPGFQATTYASRSYTGLAPGYTYQFPEFRVERTPLPSAPVLPELTAIPLTAYGPMAAAAAAAAVVRGTGSHPWTMAPPPGSTPSRTGGFLGTTSPGPMAELYGAANQDSGVSSYISAASPAPSTGFGHSLGGPLIATAFTNGYH
RNCMPT00137_RNCMPT.pkl,MUB,SQLRTANPANRAQQQQHEMTVSNDLIGCIIGKGGTKIAEIRQISGAMIRISNCEEREGGNTDRTITISGNPDSVALAQYLINMRISMETAGLPIPG
RNCMPT00042_RNCMPT.pkl,Nab2p,AAPPPVEKSLEQCKFGTHCTNKRCKYRHARSHIMCREGANCTRIDCLFGHPINEDCRFGVNCKNIYCLFRHPPGR
RNCMPT00238_RNCMPT.pkl,NCU02404,SRTPMTGQGAPAGGQGIGYTGPPHRTFEDRAAHREQVMNNIRETSQQDRRVYVGNLSYDVKWHHLKDFMRQAGEVLYADVLLLPNGMSKGCGIVEYATREQAQNAVATLSNQNLMGRLVYVREDREAEPRFGPPGGGANRGGFGGGMGPNGYGAVPGHAGPGGFGGGPMAGGGGRQIYVSNLPYNVGWQDLKDLFRQAARNGGVIRADVHIGPDGRPKGSGIVVFETPDDARNAIQQFNGYDWQGRMLEVREDRFAGANMGPGGFGGRGGFGGGRGAFGGFGRGGFGGGRGGFGGGFGGRGGFGGAPGGPPSFDANQPAAQPNPFTDFATSGTERSEIIYVRNLPWSTSNEDLVELFSTIGKVEQAEIQYEPSGRSRGSGVVRFDNADTADTAIQKFQGYQYGGRPLGLSFVKYLNPGAGGDSMDTDPHGGLTQDQIM
RNCMPT00209_RNCMPT.pkl,NCU08034,MASAGQAPIATVYVRNLEERVKPEPLKEALRTIFSEYGNVIDIVAKTNLKAKGQAFVVFDKPESAQAAIDELQGFELFEKPMVVTLARTRSDATVIQTGNEEEFDQHKRRRIAEKDKKRALEVAEQQNRLKRPLQGAAPDARPAKNQRGAGLKATGQGPAAVVPDEYLPPNRILFVQNLPDDFTKDDLTTIFSRFDGFREVRTVPGRSGIAFVEYDAEAGAITAKENTAGMALKNGEKIMKVTYQRQ
RNCMPT00261_RNCMPT.pkl,Ng_0261,NLFPNTANVQMAGGYNPNDQINQDGSNGSSTDSDDEGKSQKHPGEYPSRTLFVRNISSVVDDQELRILFESFGPIRQMYTSCKHRGFVMITYYDIRHAKQAKKNLQSKLIKKRKIDIHYSIPKENPPEKEQLNQETLVVFNLDPSITNEELKTIFTQFGGDVKEIRETPNKKFHKFIEFYDTRDAERALKQLNKTELKGKKIKIEYSRPGGLRNRFPSFSDSDSGSPTLQGTPETIEISSSLPTTTNIETLSPPKNDALLHPGNNKSRRPRAISAEEKEQFKLDLEKVRCGIDKRTTLMVKNIPNKYTQKMLLETVDVEFKTAYDFFYLPIDFKNKCNVGYAFINFADPKLIIPFVERFNRKKWEKFNSEKVCDITYARIQGKIALINHFQNSSLMCEEEDCRPIFC
RNCMPT00278_RNCMPT.pkl,Nv_0278,SEDPAVYTPLSQDEIQSIIRERKHKDTQRKQKLTENRKHLANVRVVQKNLVFVVGLTQRLADPELLKKPEYFGKFGKIHKIVINNSTNYAGPQGPSASAYITFNKEEDACRAILAVSNAYLDGRTLKTSLGTTKYCSYFLRNIPCPKPDCMYLHEFGDEAASFTKEAMQVGKHQEYE
RNCMPT00126_RNCMPT.pkl,ORB2,IAASGNDPSVYLNALKMGSPSRLSPHSPHSPIQGGNGGNVGDGTARFSRKVFVGGLPPDIDEDEITTSFRRFGPLVVDWPHKAESKSYFPPKGYAFLLFQDESSVQQLIDSCITDEDKLYLCVSSPTIKDKAVQIRPWRLADADYVLDATMSLDPRKTVFVGGVPRPLKAFELAMIMDRLYGGVCYAGIDTDPELKYPKGAGRVAFSNQQSYIAAISARFVQLQHGDIDKRVEVKPYVLDDQMCDECEGQRCGGKFAPFFCANVTCLQYYCEH
RNCMPT00262_RNCMPT.pkl,Ot_0262,MGFSSAAITAQTTRHARRIYLGGCPTMANEQELSSFFNDALVAVGGTTSEEAPVVNVYINLEKKFAFVEFRSVEECSNALALDGVMIQGEPVRIRRPNDYNPQIAQGLGPSTPNPKLNLQAIGLDPSALARSATTNILQEDPNRIFIGGLPYYLEEPQVRELLEAFGPIARFDLVRDKENGNSKGYGFVVYQDAAVTDIACQGLNGMQMGEKTLTVRRAEQGRTDLIGGQVSVPPPPAIAPANPPSEVVSFTNMGITEEELADDEEFENIMEDMNEECGKYGKIISVVIPRPSKSGESVTGIGKVFVRYESVEDATKARDALNGRRFGGNSVVADFIDIESFASQTF
RNCMPT00263_RNCMPT.pkl,Ot_0263,MQKGLVRGFSVVAEAGDEDGAGAGGRQDEHRVYVGNLSWGVTDESLAELFSEFDVRDASVMKDRETGRSRGFAFVSMNNEEDVERASAALNGREVDGRELRVSKAQAQAERGERPMRMPRQRRDFDQAEGRRVYFGNLSWGMDQYDLQDLCSEFGSVEDSRLITDRDTGRSRGFGFVTMSNTTEADEVVAQLNGQDVDGRVLRVNIATSN
RNCMPT00139_RNCMPT.pkl,PABP,MASLYVGDLPQDVNESGLFDKFSSAGPVLSIRVCRDVITRRSLGYAYVNFQQPADAERALDTMNFDLVRNKPIRIMWSQRDPSLRRSGVGNVFIKNLDRAIDNKAIYDTFSAFGNILSCKVATDEKGNSKGYGFVHFETEEAANTSIDKVNGMLLNGKKVYVGKFIPRKEREKELGEKAKLFTNVYVKNFTEDFDDEKLKEFFEPYGKITSYKVMSKEDGKSKGFGFVAFETTEAAEAAVQALNGKDMGEGKSLYVARAQKKAERQQELKRKFEELKQKRHESVFGVNLYVKNLDDTIDDDRLRIAFSPYGNITSAKVMTDEEGRSKGFGFVCFNAASEATCAVTELNGRVVGSKPLYVALAQRKEERKAHLASQYMRHMTGMRMQQLGQIYQPNAASGFFVPTLPSN
RNCMPT00155_RNCMPT.pkl,PABPC1,MNPSAPSYPMASLYVGDLHPDVTEAMLYEKFSPAGPILSIRVCRDMITRRSLGYAYVNFQQPADAERALDTMNFDVIKGKPVRIMWSQRDPSLRKSGVGNIFIKNLDKSIDNKALYDTFSAFGNILSCKVVCDENGSKGYGFVHFETQEAAERAIEKMNGMLLNDRKVFVGRFKSRKEREAELGARAKEFTNVYIKNFGEDMDDERLKDLFGKFGPALSVKVMTDESGKSKGFGFVSFERHEDAQKAVDEMNGKELNGKQIYVGRAQKKVERQTELKRKFEQMKQDRITRYQGVNLYVKNLDDGIDDERLRKEFSPFGTITSAKVMMEGGRSKGFGFVCFSSPEEATKAVTEMNGRIVATKPLYVALAQRKEERQAHLTNQYMQRMASVRAVPNPVINPYQPAPPSGYFMAAIP
RNCMPT00153_RNCMPT.pkl,PABPC3,MNPSTPSYPTASLYVGDLHPDVTEAMLYEKFSPAGPILSIRICRDLITSGSSNYAYVNFQHTKDAEHALDTMNFDVIKGKPVRIMWSQRDPSLRKSGVGNIFVKNLDKSINNKALYDTVSAFGNILSCNVVCDENGSKGYGFVHFETHEAAERAIKKMNGMLLNGRKVFVGQFKSRKEREAELGARAKEFPNVYIKNFGEDMDDERLKDLFGKFGPALSVKVMTDESGKSKGFGFVSFERHEDAQKAVDEMNGKELNGKQIYVGRAQKKVERQTELKRTFEQMKQDRITRYQVVNLYVKNLDDGIDDERLRKAFSPFGTITSAKVMMEGGRSKGFGFVCFSSPEEATKAVTEMNGRIVATKPLYVALAQRKEERQAYLTNEYMQRMASVRAVPNQRAPPSGYFMTAVPQTQNHA
RNCMPT00043_RNCMPT.pkl,PABPC4,MNAAASSYPMASLYVGDLHSDVTEAMLYEKFSPAGPVLSIRVCRDMITRRSLGYAYVNFQQPADAERALDTMNFDVIKGKPIRIMWSQRDPSLRKSGVGNVFIKNLDKSIDNKALYDTFSAFGNILSCKVVCDENGSKGYAFVHFETQEAADKAIEKMNGMLLNDRKVFVGRFKSRKEREAELGAKAKEFTNVYIKNFGEEVDDESLKELFSQFGKTLSVKVMRDPNGKSKGFGFVSYEKHEDANKAVEEMNGKEISGKIIFVGRAQKKVERQAELKRKFEQLKQERISRYQGVNLYIKNLDDTIDDEKLRKEFSPFGSITSAKVMLEDGRSKGFGFVCFSSPEEATKAVTEMNGRIVGSKPLYVALAQRKEERKAHLTNQYMQRVAGMRALPANAILNQFQPAAGGYFVPAVP
RNCMPT00171_RNCMPT.pkl,PABPC5,MGSGEPNPAGKKKKYLKAALYVGDLDPDVTEDMLYKKFRPAGPLRFTRICRDPVTRSPLGYGYVNFRFPADAEWALNTMNFDLINGKPFRLMWSQPDDRLRKSGVGNIFIKNLDKSIDNRALFYLFSAFGNILSCKVVCDDNGSKGYAYVHFDSLAAANRAIWHMNGVRLNNRQVYVGRFKFPEERAAEVRTRDRATFTNVFVKNIGDDIDDEKLKELFCEYGPTESVKVIRDASGKSKGFGFVRYETHEAAQKAVLDLHGKSIDGKVLYVGRAQKKIERLAELRRRFERLRLKEKSRPPGVPIYIKNLDETINDEKLKEEFSSFGSISRAKVMMEVGQGKGFGVVCFSSFEEATKAVDEMNGRIVGSKPLHVTLGQARRRC
RNCMPT00157_RNCMPT.pkl,PABPN1,ARVREMEEEAEKLKELQNEVEKQMNMSPPPGNAGPVIMSIEEKMEADARSIYVGNVDYGATAEELEAHFHGCGSVNRVTILCDKFSGHPKGFAYIEFSDKESVRTSLALDESLFRGRQIKVIPKRTNRPGISTTDRGFPRARYRARTTNYNSSRSRFYSGFNSRPRGRVY
RNCMPT00011_RNCMPT.pkl,PAPI,MLRNTPFGATPTYKLLLGFGLCSLGGAMLYAYFKTRNDEEEADSGGQRPASGIRGQTEEQKPQKEVCLKIVVDNEHVPLIMGRGGSNIKLIEEKTLAKIRLRDKDSGHKFCDISGVPDAVKAARALLIKEIERAPVVKVELQVPQRLASKINGRGGELLQEIRSSSLAKLNIDLNGRNGKAKITIIGNQKQVNIARKMLDDQIEEDEELVRSMEEVEQRREPRRSPTNSIASSMYSSQTSLSSHTQPRDKLMASKGEGKPMEVYVSAVASPTKFWVQLIGPQSKKLDSMVQEMTSYYSSAENRAKHVLTAPYVGQIVAAVFKFDEKWYRAEIVDIMPNQYNPKEQVIDLYFVDYGDSEYISPADICELRTDFLTLRFQAVECFLANVKSTIQTEPITWPKSSIAKFEELTEVAHWRKLIARVVTYKERPRATTAVSAAAKEGTPLPGVELFDPADNSELNIADLMITQGFALPLDDSYPVRSRSSTPSSNSDSTIEELCVSNPVTPLTPHSPMSMSIDVDSITQAENEHLAQQLQHLQHKLNGNDIKNINPAKLTATDLENGNNNNASTTNGASAH
RNCMPT00186_RNCMPT.pkl,PCBP1,MDAGVTESGLNVTLTIRLLMHGKEVGSIIGKKGESVKRIREESGARINISEGNCPERIITLTGPTNAIFKAFAMIIDKLEEDINSSMTNSTAASRPPVTLRLVVPATQCGSLIGKGGCKIKEIRESTGAQVQVAGDMLPNSTERAITIAGVPQSVTECVKQICLVMLETLSQSPQGRVMTIPYQPMPASSPVICAGGQDRCSDAAGYPHATHDLEGPPLDAYSIQGQHTISPLDLAKLNQVARQQSHFAMMHGGTGFAGIDSSSPEVKGYWASLDASTQTTHELTIPNNLIGCIIGRQGANINEIRQMSGAQIKIANPVEGSSGRQVTITGSAASISLAQYLINARLSSEKGMGCS
RNCMPT00239_RNCMPT.pkl,PCBP1,MDAGVTESGLNVTLTIRLLMHGKEVGSIIGKKGESVKRIREESGARINISEGNCPERIITLTGPTNAIFKAFAMIIDKLEEDINSSMTNSTAASRPPVTLRLVVPATQCGSLIGKGGCKIKEIRESTGAQVQVAGDMLPNSTERAITIAGVPQSVTECVKQICLVMLETLSQSPQGRVMTIPYQPMPASSPVICAGGQDRCSDAAGYPHATHDLEGPPLDAYSIQGQHTISPLDLAKLNQVARQQSHFAMMHGGTGFAGIDSSSPEVKGYWASLDASTQTTHELTIPNNLIGCIIGRQGANINEIRQMSGAQIKIANPVEGSSGRQVTITGSAASISLAQYLINARLSSEKGMGCS
RNCMPT00044_RNCMPT.pkl,PCBP2,MDTGVIEGGLNVTLTIRLLMHGKEVGSIIGKKGESVKKMREESGARINISEGNCPERIITLAGPTNAIFKAFAMIIDKLEEDISSSMTNSTAASRPPVTLRLVVPASQCGSLIGKGGCKIKEIRESTGAQVQVAGDMLPNSTERAITIAGIPQSIIECVKQICVVMLETLSQSPPKGVTIPYRPKPSSSPVIFAGGQAYTIQGQYAIPQPDLTKLHQLAMQQSHFPMTHGNTGFSGIESSSPEVKGYWAGLDASAQTTSHELTIPNDLIGCIIGRQGAKINEIRQMSGAQIKIANPVEGSTDRQVTITGSAASISLAQYLINVRLSSETGGMGSS
RNCMPT00246_RNCMPT.pkl,Pcbp2,MDSGVIEGGLNVTLTIRLLMHGKEVGSIIGKKGESVKKMREESGARINISEGNCPERIITLAGPTTAIFKAFSMIIEKLEEDISSSMSNSTATSKPPVTLRIVVPASQCGSLIGKGGCKIKEIRESTGAQVQVAGDMLPNSTERAITIAGTPLSIIECVKQICVVMLESPPKGVTIPYRPKPSGSPVIFAGGQAYAVQGQHAIPQPDLTKLHQLAMQQSPFPLAPSSQGFTAGMDASAQTGSHELTIPNDLIGCIIGRQGAKINEIRQMSGAQIKIANPVEGSSDRQVTITGSPASISLAEYLINARLSSEATGMAAN
RNCMPT00215_RNCMPT.pkl,PCBP3,MESKVSEGGLNVTLTIRLLMHGKEVGSIIGKKGETVKKMREESGARINISEGNCPERIVTITGPTDAIFKAFAMIAYKFEEDIINSMSNSPATSKPPVTLRLVVPASQCGSLIGKGGSKIKEIRESTGAQVQVAGDMLPNSTERAVTISGTPDAIIQCVKQICVVMLESPPKGATIPYRPKPASTPVIFAGGQAYTIQGQYAIPHPDQLTKLHQLAMQQTPFPPLGQTNPAFPGEKLPLHSSEEAQNLMGQSSGLDASPPASTHELTIPNDLIGCIIGRQGTKINEIRQMSGAQIKIANATEGSSERQITITGTPANISLAQYLINARLTSEVTGMGAL
RNCMPT00199_RNCMPT.pkl,PF10_0068,MSMENNSPSKGCRVYVGNLPWKVTWPILKNHMKKAGDVVRVDIFEDTQGRSKGCGIVEYATYEEAQEAISSLNDSKLEDRLIFVREDREENSGNFEKRKFNNVRKDKFYESRRRRDYDYRKEYRRDDYRRDFRRDEFRRGGGEFRRDYRRDEFRRGGGEFRRSSKRNCTLIVYNLPPQVTWKELKDLFRKHGRVVRADLKNEDNSSKELIGVVIMENEYEAKNAIDALNFCNFDGYILKVNYENNE
RNCMPT00240_RNCMPT.pkl,PF10_0214,VDFEENVPEFMNEYKLYNEKVKHDNINNQIIKEIKKNKGNYNFKNIVITNIFLGNIPPNITEERLKNVLEIFGYIIHIEYKWSIDKWSYAFVYFIDEKCAINAVNFLNQKKFFDNSPNHKLICFIVSKQIPHQNTMHYSKENFSLLKDGPPGANLFLYGIPLKWTELNLIQLVNKYGHVVGLRIPYISKENDKKQGNRGFGFVSYDNKKSAIEAFEELSKMYIHGKLLKVQLKNGEEHLLPAKLKNIYNTNKNKAKDVTNLKTAQSLVSTTDTLNTFNS
RNCMPT00200_RNCMPT.pkl,PF13_0315,KEDIEGDENLKSSKGKQENNTKSSSDKDENTIDYGNHDFPCNPAPPVPIKLFIGRVPKNIEEDQLRPIFEEYGIVNEVVIIRDKITNVHKSSAFVKMASISEADNAIRLLNNQKTLDAQLGSLQVKYASGELNKLGFPQNIESGVDQAKLFIGSLPKNITEDNIKEMFSPYGTVEEVFIMKDNSTGLGKGCSFVKFSYKEQALYAIKSLNGKKTLEGCTRPVEVRFAEPKSSKQPQIPLTLQPMQNPPHAMAPQPSISSPNNINFGNNFSVNNNYPRQVGPWKEYYSGEGRPYYYNEQTNTTQWEMPKEFETLFMNNSANMHNLSESSGPPGANLFIFHVPNEWQQTDLIQAFSPFGELLSARIATEKNTGRNRGFAFVSYDSLESAAAAISQMNGFMALNKKLKVTVKKGEEDEMKKYVNQNGVNSFQQVPRVQKAIPAQPASMQPNLAYHQNP
RNCMPT00235_RNCMPT.pkl,PFF0320c,SNNNNNNNNNNGNNCLSTKYYSNDCKKRKGSRYTSSLPFLKKEKNNGNTVLLLKNVPEKVDEEDIISFMRPFLRNKNPEIIFDGQDIIVKLYDDELIESIYTYFNEHPTQIKGSFVKVKLSHIIDDNKESMEEQNDILNNYNNNNNNYSSSSSNNNNYSFYHTNHNNHPTDVLDKRNSKSNKAECSKVILVSVINLHYPVDIELIYYLFSKCGTVEKIITFSRNPVLYQALVQFDNVETAKEAIKTLHNRNIYDGCNTINIQYSFLKELVIKGNNSSSWDYTISNEKKTKNFPVLQNSHGVLPTPSRKSVDSELYQLMEKKFKLVDFEKMNPSKTPVLICYNIPKEYTDVNKLFNLFSIYGFVTRIKILREKPDAALIQYSNYIFSSLAQEYLQRARISNQSIEVNFSKIHDIRVSQRQQNNESHNTKIFSNYDQRYVLSDQGKYIKAACRPTKCLFISNLNENVNEDCVMNLFNKYGNINKLQFLPVKEGKRHLSIIVEMNTEDMATKALMDLHNFYLKDRYIKVSYTKSRLM
RNCMPT00202_RNCMPT.pkl,PFI1435w,MSIKNKIDMSLDELIEKENIKANLKTNEKKTVNKFIEKNTGQKFLHSIIISNVNSKNLELYKKEFSKFGKIYNIYHDNEKKITYVKYDNKNSCDTAISTMNNQTIDGDTITIILGKKIIDKKNSKNINQNNVVMNNNNNMHNNMNNNKIIQPYKMPMYNPNAYPPHPFYMNNNFAPYNNMPPANAYQNNFFDKNMALYNNSTKNIYDTHKNNTIIVTNVPTYLNAEDIFSAFQETGKIIDVQILMNEKRKLTGIVSIEYEKNESASDAVRMYDGGFLNDNRIRVFLDCR
RNCMPT00203_RNCMPT.pkl,PFI1695c,MDVADIPPNQTLYVNNLEDKINVNDLKFLLYEFFCPYGNIIDINIKKSNKGRGQAFIVFNNIASSTLAYKNLKGKMFLKKNININYAKTKSTIIQKIEGTYNPLLNYKSKHNIEHKSNLIYTLLVQNLPDEINKNALEILFNQYPGFYEVRYIPGKNIAFVDFTAQEHAEISMTGLQNFKITPHHPMKISWVT
RNCMPT00206_RNCMPT.pkl,Pp_0206,MTSTAGQPQFRYTQPPSKVLHVRNLPWECSEEELIELCKPFGKVVNTKVNVGANHNQAFVEFADLNQAIAMVSYYASSSEPAQVRGKTVYLQYSNRQEIVTSKNSGDVASNVLLVTIEGVEAGDVSIDVLHLVFSAFGFVHKIATFEKSAGFQALVQFSDANTASAAKSALEGRSIPRYLLPDHVGPCHLRISFSAHNDLNVKFQSHRSRDYTNPYLPVAPSAIDGSGQFSVGPDGKRREPESNVLLVSIENMQYAVTIDVIHTVFSAFGFVQKIAIFEKSAGFQALVQYPDIPTAVGAKEALEGHCIYDGGFCKLHLSYSRHTDLNVNNDRSRDYTNPGLPATQPPVLSQA
RNCMPT00228_RNCMPT.pkl,Pp_0228,SLVQVMLQQNQHQPQQQALYHPGLLATIPQMEPLPSGNLPPGFDATSCRSVYVGNIHTKVTEALLAEVFSNIGPLEGCKLIRKEKSSYGFVDYLDHIYAAVALTTLNGRLIFGQPIKVNWAYASGQREDTTGHYNVFVGDLSPEVTDATLFAAFCVYPSCSDARVMWDQRSGRSRGFGFVSFRSQQEAENAISEMTGKWLGTRSIRCNWATKTNSSASADETNNGGHAVGMNGSGDSLSGLQSLGQDSKSEDRPEGSAGDGPENNPQYTTVYVGNLAHEVNQGELHRWFHCMGAGVIEDVRVQKDKGFGFVRYRTHEEAALAIQAANGRVLCGKSVKCSWGSKPTVPGSSSAPLPPPLPVNPYQAGLMSGVNLGYSAADLLAYQRQ
RNCMPT00229_RNCMPT.pkl,Pp_0229,PQSHEEVKTLWVGDLQYWMDENYLHTAFVHTGEVQSVKIIRNKQTGYSEGYGFVEFVSHAAAEKILQAYNGTQMPNTEQPFRLNWASFGIGERRPEAGPEHSIFVGDLAPDVTDYMLQETFRTRYPSVKGAKVVTDANTGRSKGYGFVRFGDEMERNRAMSEMNGVYCSSRPMRISAATPKKSLGPAQLNPKVSPVAVATYAAYGAQPSPQAFPVDNDPNNTTIFVGGLDPAVGDEDLRNVFGQFGELVYVKIPAGKGCGFVQFTHRACAEEALQRLHQTVIGTQAVRLSWGRSPGNKQTADPGWGQHQDPNQWNAGGYYQGYAQGYDQYGYPAQPP
RNCMPT00237_RNCMPT.pkl,Pp_0237,MTTRITPGVGANLLGQHAAERNQDATAYVGNLDSQVSEELLWELFVQAGPVVNVYVPKDRVTNLHQGYGFIEFRSEDDADYAIKILNMIKLYGKPIRVNKASQDKKSLDVGANLFVGNLDPDVDEKLLYDTFSAFGVIVTNPKIMRDPDSGNSRGFGFISYDSFEASDSAIEAMNGQYLCNRAITVSYAYKKDTKGERHGTLAERMLASSNPNTTKSRPHTLFASGPPSLVGPPQ
RNCMPT00045_RNCMPT.pkl,PPRC1,SSSSSRSRSRSPSPRRRSDRRRRYSSYRSHDHYQRQRVLQKERAIEERRVVFIGKIPGRMTRSELKQRFSVFGEIEECTIHFRVQGDNYGFVTYRYAEEAFAAIESGHKLRQADEQPFDLCFGGRRQFCKRSYSDLDSNREDFDPAPVKSKFDSLDFDTLLKQA
RNCMPT00249_RNCMPT.pkl,Pr_0249,MTDAAAPPAAALTADVPPNQSLYLNNLNDKIKADRMKATLYATLSQHGKILEIVMGRARRLRGQAWVTFDDVPSASNALRAVGGSVLFDKPVVAHFAKEKADVIARREGSFVPREKRKREPKPAAPQQQQTNKKQAGENSSVAARPPPAQNVPNKILFLQDLPESCNKEMLSVLFKQYQGFKEVRMVPGKKGLAFVEFGDEAQAAIALQGLFGFKLTPTDALKVSFAK
RNCMPT00268_RNCMPT.pkl,PTBP1,MDGIVPDIAVGTKRGSDELFSTCVTNGPFIMSSNSASAANGNDSKKFKGDSRSAGVPSRVIHIRKLPIDVTEGEVISLGLPFGKVTNLLMLKGKNQAFIEMNTEEAANTMVNYYTSVTPVLRGQPIYIQFSNHKELKTDSSPNQARAQAALQAVNSVQSGNLALAASAAAVDAGMAMAGQSPVLRIIVENLFYPVTLDVLHQIFSKFGTVLKIITFTKNNQFQALLQYADPVSAQHAKLSLDGQNIYNACCTLRIDFSKLTSLNVKYNNDKSRDYTRPDLPSGDSQPSLDQTMAAAFGLSVPNVHGALAPLAIPSAAAAAAAAGRIAIPGLAGAGNSVLLVSNLNPERVTPQSLFILFGVYGDVQRVKILFNKKENALVQMADGNQAQLAMSHLNGHKLHGKPIRITLSKHQNVQLPREGQEDQGLTKDYGNSPLHRFKKPGSKNFQNIFPPSATLHLSNIPPSVSEEDLKVLFSSNGGVVKGFKFFQKDRKMALIQMGSVEEAVQALIDLHNHDLGENHHLRVSFSKST
RNCMPT00269_RNCMPT.pkl,PTBP1,MDGIVPDIAVGTKRGSDELFSTCVTNGPFIMSSNSASAANGNDSKKFKGDSRSAGVPSRVIHIRKLPIDVTEGEVISLGLPFGKVTNLLMLKGKNQAFIEMNTEEAANTMVNYYTSVTPVLRGQPIYIQFSNHKELKTDSSPNQARAQAALQAVNSVQSGNLALAASAAAVDAGMAMAGQSPVLRIIVENLFYPVTLDVLHQIFSKFGTVLKIITFTKNNQFQALLQYADPVSAQHAKLSLDGQNIYNACCTLRIDFSKLTSLNVKYNNDKSRDYTRPDLPSGDSQPSLDQTMAAAFGLSVPNVHGALAPLAIPSAAAAAAAAGRIAIPGLAGAGNSVLLVSNLNPERVTPQSLFILFGVYGDVQRVKILFNKKENALVQMADGNQAQLAMSHLNGHKLHGKPIRITLSKHQNVQLPREGQEDQGLTKDYGNSPLHRFKKPGSKNFQNIFPPSATLHLSNIPPSVSEEDLKVLFSSNGGVVKGFKFFQKDRKMALIQMGSVEEAVQALIDLHNHDLGENHHLRVSFSKST
RNCMPT00141_RNCMPT.pkl,PUF68,HDLVSKAKKYAMEQSIKMVLMKQTLAHQQQQLATQRTQVQRQQALALMCRVYVGSISFELKEDTIRVAFTPFGPIKSINMSWDPITQKHKGFAFVEYEIPEGAQLALEQMNGALMGGRNIKVGRPSNMPQAQQVIDEVQEEAKSFNRIYVASIHPDLSEEDIKSVFEAFGPILYCKLAQGTSLHTHKGYGFIEYANKQAMDEAIASMNLFDLGGQLLRVGRSITPPNALACPTTNSTMPTAAAVAAAAATAKIQALDAVASNAVLGLSQNTPVMAAGAVVTKVGAMPVVSAATSAAALHPALAQAAPALLPPGIFQAPTPVAPSLLGVPAGLQPLQAVVPTLPPPALLATPTLPMTVGGVGVGLVPTVATLAGAEASKGAAAAAALSAAANNAAVTAANLSENIKKAHEKQQEELQKKLMDEGDVQTLQQQENMSIKGQSARQLVMQRLMRPVDSRVIILRNMVGPEDVDETLQEEIQEECSKFGTVSRVIIFNEKQTENEDDDEAEIIVKIFVEFSAGAEAMRGKEALDGRFFGGRRVVAELYDQGIFDQGDLSG
RNCMPT00101_RNCMPT.pkl,PUM,GRSRLLEDFRNQRYPNLQLRDLANHIVEFSQDQHGSRFIQQKLERATAAEKQMVFSEILAAAYSLMTDVFGNYVIQKFFEFGTPEQKNTLGMQVKGHVLQLALQMYGCRVIQKALESISPEQQQEIVHELDGHVLKCVKDQNGNHVVQKCIECVDPVALQFIINAFKGQVYSLSTHPYGCRVIQRILEHCTAEQTTPILDELHEHTEQLIQDQYGNYVIQHVLEHGKQEDKSILINSVRGKVLVLSQHKFASNVVEKCVTHATRGERTGLIDEVCTFNDNALHMMMKDQYANYVVQKMIDVSEPTQLKKLMTKIRPHMAALRKYTYGKHINAKLEKYY
RNCMPT00102_RNCMPT.pkl,PUM,GRSRLLEDFRNQRYPNLQLRDLANHIVEFSQDQHGSRFIQQKLERATAAEKQMVFSEILAAAYSLMTDVFGNYVIQKFFEFGTPEQKNTLGMQVKGHVLQLALQMYGCRVIQKALESISPEQQQEIVHELDGHVLKCVKDQNGNHVVQKCIECVDPVALQFIINAFKGQVYSLSTHPYGCRVIQRILEHCTAEQTTPILDELHEHTEQLIQDQYGNYVIQHVLEHGKQEDKSILINSVRGKVLVLSQHKFASNVVEKCVTHATRGERTGLIDEVCTFNDNALHMMMKDQYANYVVQKMIDVSEPTQLKKLMTKIRPHMAALRKYTYGKHINAKLEKYY
RNCMPT00103_RNCMPT.pkl,PUM,GRSRLLEDFRNQRYPNLQLRDLANHIVEFSQDQHGSRFIQQKLERATAAEKQMVFSEILAAAYSLMTDVFGNYVIQKFFEFGTPEQKNTLGMQVKGHVLQLALQMYGCRVIQKALESISPEQQQEIVHELDGHVLKCVKDQNGNHVVQKCIECVDPVALQFIINAFKGQVYSLSTHPYGCRVIQRILEHCTAEQTTPILDELHEHTEQLIQDQYGNYVIQHVLEHGKQEDKSILINSVRGKVLVLSQHKFASNVVEKCVTHATRGERTGLIDEVCTFNDNALHMMMKDQYANYVVQKMIDVSEPTQLKKLMTKIRPHMAALRKYTYGKHINAKLEKYY
RNCMPT00104_RNCMPT.pkl,PUM,GRSRLLEDFRNQRYPNLQLRDLANHIVEFSQDQHGSRFIQQKLERATAAEKQMVFSEILAAAYSLMTDVFGNYVIQKFFEFGTPEQKNTLGMQVKGHVLQLALQMYGCRVIQKALESISPEQQQEIVHELDGHVLKCVKDQNGNHVVQKCIECVDPVALQFIINAFKGQVYSLSTHPYGCRVIQRILEHCTAEQTTPILDELHEHTEQLIQDQYGNYVIQHVLEHGKQEDKSILINSVRGKVLVLSQHKFASNVVEKCVTHATRGERTGLIDEVCTFNDNALHMMMKDQYANYVVQKMIDVSEPTQLKKLMTKIRPHMAALRKYTYGKHINAKLEKYY
RNCMPT00105_RNCMPT.pkl,PUM,GRSRLLEDFRNQRYPNLQLRDLANHIVEFSQDQHGSRFIQQKLERATAAEKQMVFSEILAAAYSLMTDVFGNYVIQKFFEFGTPEQKNTLGMQVKGHVLQLALQMYGCRVIQKALESISPEQQQEIVHELDGHVLKCVKDQNGNHVVQKCIECVDPVALQFIINAFKGQVYSLSTHPYGCRVIQRILEHCTAEQTTPILDELHEHTEQLIQDQYGNYVIQHVLEHGKQEDKSILINSVRGKVLVLSQHKFASNVVEKCVTHATRGERTGLIDEVCTFNDNALHMMMKDQYANYVVQKMIDVSEPTQLKKLMTKIRPHMAALRKYTYGKHINAKLEKYY
RNCMPT00046_RNCMPT.pkl,PUM,AANSRQVAATAAAAAAVAAAAGGVGGAPQPGRSRLLEDFRNQRYPNLQLRDLANHIVEFSQDQHGSRFIQQKLERATAAEKQMVFSEILAAAYSLMTDVFGNYVIQKFFEFGTPEQKNTLGMQVKGHVLQLALQMYGCRVIQKALESISPEQQQEIVHELDGHVLKCVKDQNGNHVVQKCIECVDPVALQFIINAFKGQVYSLSTHPYGCRVIQRILEHCTAEQTTPILDELHEHTEQLIQDQYGNYVIQHVLEHGKQEDKSILINSVRGKVLVLSQHKFASNVVEKCVTHATRGERTGLIDEVCTFNDNALHVMMKDQYANYVVQKMIDVSEPTQLKKLMTKIRPHMAALRKYTYGKHINAKLEKYYMKITNPITVGTGAGGVPAASSAA
RNCMPT00047_RNCMPT.pkl,QKI,MVGEMETKEKPKPTPDYLMQLMNDKKLMSSLPNFCGIFNHLERLLDEEISRVRKDMYNDTLNGSTEKRSAELPDAVGPIVQLQEKLYVPVKEYPDFNFVGRILGPRGLTAKQLEAETGCKIMVRGKGSMRDKKKEEQNRGKPNWEHLNEDLHVLITVEDAQNRAEIKLKRAVEEVKKLLVPAAEGEDSLKKMQLMELAILNGTYRDANIKSPALAFSLAATAQAAPRIITGPAPVLPPAALRTPTPAGPTIMPLIRQIQTAVMPNGTPHPTAAIVPPGPEAGLIYTPYEYPYTLAPATSILEYPIEPSGVLGAVATKVRRHDMRVHPYQRIVTADRAATGN
RNCMPT00142_RNCMPT.pkl,QKR58E-1,HIITKRLLDDEVEKILVSGRIPKPEIYANVYSEKPIRVAQKVLFPIKEYPKFNFVGKILGPKGNTLRQLQEETMCKMVVMGRNSMRDHGKEEELRSSGNPKYAHLSRDLHVEISTVAPPAEAYHRISYALGEIRKFMIPDANDDIRLEQLREMDGKERMYKKSHHYSK
RNCMPT00159_RNCMPT.pkl,RALY,MSLKLQASNVTNKNDPKSINSRVFIGNLNTALVKKSDVETIFSKYGRVAGCSVHKGYAFVQYSNERHARAAVLGENGRVLAGQTLDINMAGEPKPDRPKGLKRAASAIYSGYIFDYDYYRDDFYDRLFDYRGRLSP
RNCMPT00168_RNCMPT.pkl,RBFOX1,AQTHSEQSPADTSAQTVSGTATQTDDAAPTDGQPQTQPSENTENKSQPKRLHVSNIPFRFRDPDLRQMFGQFGKILDVEIIFNERGSKGFGFVTFENSADADRAREKLHGTVVEGRKIEVNNATARVMTNKKTVNPYTNGWKLNPVVGAVYSPEFYAGTVLLCQANQEG
RNCMPT00184_RNCMPT.pkl,RBM24,MHTTQKDTTYTKIFVGGLPYHTTDASLRKYFEVFGEIEEAVVITDRQTGKSRGYGFVTMADRAAAERACKDPNPIIDGRKANVNLAYLGAKPRIMQPGFAFGVQQLHPALIQRPFGIPAHYVYPQAFVQPG
RNCMPT00285_RNCMPT.pkl,Rbm24,MHTTQKDTTYTKIFVGGLPYHTTDSSLRKYFEVFGEIEEAVVITDRQTGKSRGYGFVTMADRSAADRACKDPNPIIDGRKANVNLAYLGAKPRVMQPGFTFGIPQIHPAFIQRPYGIPAHYVYPQAFVQPS
RNCMPT00049_RNCMPT.pkl,RBM28,MAGLTLFVGRLPPSARSEQLEELFSQVGPVKQCFVVTEKGSKACRGFGYVTFSMLEDVQRALKEITTFEGCKINVTVAKKKLRNKTKEKGKNENSECPKKEPKAKKAKVADKKARLIIRNLSFKCSEDDLKTVFAQFGAVLEVNIPRKPDGKMRGFGFVQFKNLLEAGKALKGMNMKEIKGRTVAVDWAVAKDKYKDTQSVSAIGEEKSHESKHQESVKKKGREEEDMEEEENDDDDDDDDEEDGVFDDEDEEEENIESKVTKPVQIQKRAVKRPAPAKSSDHSEEDSDLEESDSIDDGEELAQSDTSTEEQEDKAVQVSNKKKRKLPSDVNEGKTVFIRNLSFDSEEEELGELLQQFGELKYVRIVLHPDTEHSKGCAFAQFMTQEAAQKCLLAASPENEAGGLKLDGRQLKVDLAVTRDEAAKLQTTKVKKPTGTRNLYLAREGLIRAGTKAAEGVSAADMAKRERFELLKHQKLKDQNIFVSRTRLCLHNLPKAVDDKQLRKLLLSATSGEKGVRIKECRVMRDLKGVHGNMKGQSLGYAFAEFQEHEHALKALRLINNNPEIFGPLKRPIVEFSLEDRRKLKMKELRIQRSLQKMRSKPATGEPQKGQPEPAK
RNCMPT00050_RNCMPT.pkl,RBM3,MSSEEGKLFVGGLNFNTDEQALEDHFSSFGPISEVVVVKDRETQRSRGFGFITFTNPEHASVAMRAMNGESLDGRQIRVDHAGKSARGTRGGGFGAHGRGRSYSRGGGDQGYGSGRYYDSRPGGYGYG
RNCMPT00051_RNCMPT.pkl,RBM38,QKDTTFTKIFVGGLPYHTTDASLRKYFEGFGDIEE708090100110120AVVITDRQTGKSRGYGFVTMADRAAADRACKDPNPIIDGRKANVNLAYLGAKPR
RNCMPT00283_RNCMPT.pkl,Rbm38,MLLHQFVNGTLETMYPSIQKDTTFTKIFVGGLPYHTTDASLRKYFETFGDIDEAVVITDRQTGKSRGYGFVTMMDKSAAERACKDPNPIIDGRKANVNLAYLGAKPRSPLTGYSTGVQQVHPTLIQRQYGLSQPYVYPQAVLQPS
RNCMPT00113_RNCMPT.pkl,RBM4,MVKLFIGNLPREATEQEIRSLFEQYGKVLECDIIKNYGFVHIEDKTAAEDAIRNLHHYKLHGVNINVEASKNKSKTSTKLHVGNISPTCTNKELRAKFEEYGPVIECDIVKDYAFVHMERAEDAVEAIRGLDNTEFQGKRMHVQLSTSRLRTAPGMGDQSGCYRCGKEGHWSKECPI
RNCMPT00052_RNCMPT.pkl,RBM4,MVKLFIGNLPREATEQEIRSLFEQYGKVLECDIIKNYGFVHIEDKTAAEDAIRNLHHYKLHGVNINVEASKNKSKTSTKLHVGNISPTCTNKELRAKFEEYGPVIECDIVKDYAFVHMERAEDAVEAIRGLDNTEFQGKRMHVQLSTSRLRTAPGMGDQSGCYRCGKEGHWSKECPI
RNCMPT00248_RNCMPT.pkl,Rbm4.3,MVKIFIGNLPQQAEVDELKSLFSQYGTVTECAIIKNFAFVHMDDRKSATKAIKNLHLYKLHGTPINVEASRGKNQGPVKLHVANVEKGTDDELRALFEDYGTVAECAIIKNFAFVHMNNSDEAMDAIKGLDNTEFQGKRIHVQISKSRPRGEEDDYGHPDAGYWPPRYPGERPEPPGYPRGRYGYPPGPPP
RNCMPT00053_RNCMPT.pkl,RBM41,PEQCWTGPKKLTQPIEFVPEDEIQRNRLSEEEIRKIPMFSSYNPGEPNKVLYLKNLSPRVTERDLVSLFARFQEKKGPPIQFRMMTGRMRGQAFITFPNKEIAWQALHLVNGYKLHGKILVIEFGKNKKQRSNLQATSLISCATGSTTEISGS
RNCMPT00151_RNCMPT.pkl,RBM42,PGLMALEVPEPLGEDKKKGKPEKLKRCIRTAAGSSWEDPSLLEWDADDFRIFCGDLGNEVNDDILARAFSRFPSFLKAKVIRDKRTGKTKGYGFVSFKDPSDYVRAMREMNGKYVGSRPIKLRKSMWKDRNLDVVRKKQKEKKKLGLR
RNCMPT00282_RNCMPT.pkl,Rbm42,EPVQPEVVLEPVQEDKKKTKPEKLKRCIRTAAGTSWEDQSLLEWESDDFRIFCGDLGNEVNDDILARAFSRYPSFLRAKVIRDKRTGKTKGYGFVSFKDPNDYVRAMREMNGKYVGSRPIKLRKSQWKDRNMDVVRKKQREKKKLGLR
RNCMPT00241_RNCMPT.pkl,RBM45,MDDAGGLGGSGGFRPGVDSLDEPPNSRIFLVISKHTSELVLRERFSPFGDIQDIWVVRDKHTKESKGVAFVKFARSSQACRAMEEMHGQCLGPSDTKPIKVFIAQSRSSGSHRDVEDEELTRIFVMIPKSYTEEDLREKFKVYGDIEYCSIIKNKVTGESKGLGYVRYLKPSQAAQAIENCDRSFRALLAEPKNKVSGSPEQDDYSSGRQEALGQEPRANLFPFVGEQQSEFSTFDKNDSRGQEAVSKRLSVVSRVPFTEEQLFSIFDIVPGLEYCEVPRDPYSNYGHGVVQYFNVASAIYAKYKLHGFQYPPGNRIVVSFLDDGSNMTELIRKMATQMVAAQLASMVWSTTSQQQFLQYGGNAASQAPQIQTDVVLPSCKKKAPPETPVKERLFVVFNPHPLPLDVLEDIFCRFGNLIEVYLVSGKNVGYVKYADRKSANEAITTLHGKILNGVRLKVMLADSPREESKKRQRTY
RNCMPT00054_RNCMPT.pkl,RBM46,SKVRTGIQNEAALLALMEKTGYNMVQENGQRKFGGPPPGWEGPPPPRGCEVFVGKIPRDMYEDELVPVFERAGKIYEFRLMMEFSGENRGYAFVMYTTKEEAQLAIRILNNYEIRPGKFIGVCVSLDNCRLFIGAIPKEKKKEEILDEMKKVTEGVVDVIVYPSATDKTKNRGFAFVEYESHRAAAMARRKLIPGTFQLWGHTIQVDWADPEKEVDEETMQRVKVLYVRNLMISTTEETIKAEFNKFKPGAVERVKKLRDYAFVHFFNREDAVAAMSVMNGKCIDGASIEVTLAKPVNKENTWRQHLNGQISPNSENLIVFANKEESHPKTLGKLPTLPA
RNCMPT00279_RNCMPT.pkl,RBM47,PEGVAGAPNEAALLALMERTGYSMIQENGQRKYGGPPPGWDGLHPPRGCEVFVGKIPRDVYEDELVPVFESVGRIYEMRLMMDFDGKNRGYAFVMYTQKHEAKRAVRELNNYEIRPGRLLGVCCSVDNCRLFIGGIPKMKKREEILEEIAKVTEGVLDVIVYASAADKMKNRGFAFVEYESHRAAAMARRKLMPGRIQLWGHQIAVDWAEPEIDVDEDVMETVKILYVRNLMIETTEDTIKKVFGQFNPGCVERVKKIRDYAFVHFTTREDAIHAMNNLNGVELEGSCLEVTLAKPVDKEQYTRYQKAAKGGAAATPEVTQQPNYVYSCDPYTLAYYGYP
RNCMPT00280_RNCMPT.pkl,Rbm47,PEGVAGAPNEAALINLMERTGYTMVQENGQRKYGGPPPGWEGSPPPRGCEVFVGKIPRDVYEDELVPVFESAGRIFEMRLMMDFDGKNRGYAFVMFTKKHEAKQAVRELNNYEIRPGRLLGVCCSVDNCRLFIGGIPKMKKREEILEEISKVTEGVLDVIVYASAADKMKNRGFAFVEYESHRAAAMARRKLMPGRIQLWGHQIAVDWAEPEIDVDEDVMETVKILYVRNLMIETSEDTIKKIFGQFNPGCVERVKKIRDYAFVHFSSREDAVQSMRKLNGTELEGSCIEVTLAKPVDKEQYTRYQKAAKGGAPATATATEVTQPNYIYSCDPYTLAYYG
RNCMPT00055_RNCMPT.pkl,RBM5,MGSDKRVSRTERSGRYGSIIDRDDRDERESRSRRRDSDYKRSSDDRRGDRYDDYRDYDSPERERERRNSDRSEDGYHSDGDYGEHDYRHDISDERESKTIMLRGLPITITESDIREMMESFEGPQPADVRLMKRKTGVSRGFAFVEFYHLQDATSWMEANQKKLVIQGKHIAMHYSNPRPKFEDWLCNKCCLNNFRKRLKCFRCGADKFDSEQEVPPGTTESVQSVDYYCDTIILRNIAPHTVVDSIMTALSPYASLAVNNIRLIKDKQTQQNRGFAFVQLSSAMDASQLLQILQSLHPPLKIDGKTIGVDFAKSARKDLVLSDGNRVSAFSVASTAIAAAQWSSTQSQSGEGGSVDYSYLQPGQDGYAQYAQYSQDYQQFYQQQAGGLESDASSASGTAVTTTSAAVVSQSPQLYNQTSNPPGSPTEEAQPSTSTSTQAPAASPTGVVPGTKYAVPDTSTYQYDESSGYYYDPTTGLYYDPNSQYYYNSLTQQYLYWDGEKETYVPAAESSSHQQSGLPPAKEGKEKKEKPKSKTAQQIAKDMER
RNCMPT00154_RNCMPT.pkl,RBM5,RYDDYRDYDSPERERERRNSDRSEDGYHSDGDYGEHDYRHDISDERESKTIMLRGLPITITESDIREMMESFEGPQPADVRLMKRKTGVSRGFAFVEFYHLQDATSWMEANQKKLVIQGKHIAMHYSNPRPKFEDWLCNKCCLNNFRKRLKCFRCGADKFDSEQEVPPGTTESVQSVDYYCDTIILRNIAPHTVVDSIMTALSPYASLAVNNIRLIKDKQTQQNRGFAFVQLSSAMDASQLLQILQSLHPPLKIDGKTIGVDFAKSARKDLVLSDGNRVSAFSVASTAIAAAQWSSTQSQSGE
RNCMPT00170_RNCMPT.pkl,RBM6,DVDHRLPGSQMFGYGQSKSFPEGKTARDAQRDLQDQDYRTGPSEEKPSRLIRLSGVPEDATKEEILNAFRTPDGMPVKNLQLKEYNTGYDYGYVCVEFSLLEDAIGCMEANQGTLMIQDKEVTLEYVSSLDFWYCKRCKANIGGHRSSCSFCKNPREVTEAKQELITYPQPQKTSIPAPLEKQPNQPLRPADKEPEPRKREEGQESRLGHQKREAERYLPPSRREGPTFRRDRERESWSGETRQDGESKTIMLKRIYRSTPPEVIVEVLEPYVRLTTANVRIIKNRTGPMGHTYGFIDLDSHAEALRVVKILQNLDPPFSIDGKMVAVNLATGKRRNDSGDHSDHMHYYQGKKYFRDRRGGGRNSDW
RNCMPT00056_RNCMPT.pkl,RBM8A,DESIHKLKEKAKKRKGRGFGSEEGSRARMREDYDSVEQDGDEPGPQRSVEGWILFVTGVHEEATEEDIHDKFAEYGEIKNIHLNLDRRTGYLKGYTLVEYETYKEAQAAMEGLNGQDLMGQPISVDWCFVRGPPKGKRRGGRRRSRSPDRRRR
RNCMPT00152_RNCMPT.pkl,RBMS1,ATYYYPQYLQAKQSLVPAHPMAPPSPSTTSSNNNSSSSSNSGWDQLSKTNLYIRGLPPHTTDQDLVKLCQPYGKIVSTKAILDKTTNKCKGYGFVDFDSPAAAQKAVSALKASGVQAQMAKQQEQDPTNLYISNLPLSMDEQELENMLKPFGQVISTRILRDSSGTSRGVGFARMESTEKCEAVIGHFNGKFIKTPPGVSAPTEPLLCKFADGGQKKRQNPNKYIPNGRPWHREGEVRLAGMTLTY
RNCMPT00173_RNCMPT.pkl,RBMS3,QYTYYYPHYLQTKQSYAPAPHPMAPPSPSTNSSSNNSSNNSSGEQLSKTNLYIRGLPPGTTDQDLIKLCQPYGKIVSTKAILDKNTNQCKGYGFVDFDSPAAAQKAVASLKANGVQAQMAKQQEQDPTNLYISNLPISMDEQELENMLKPFGHVISTRILRDANGVSRGVGFARMESTEKCEVVIQHFNGKYLKTPPGIPAPSEPLLCKFADGGQKKRQNQSKYTQNGRPWPREGEAGMALTYDPT
RNCMPT00057_RNCMPT.pkl,RBMS3,QYTYYYPHYLQTKQSYAPAPHPMAPPSPSTNSSSNNSSNNSSGEQLSKTNLYIRGLPPGTTDQDLIKLCQPYGKIVSTKAILDKNTNQCKGYGFVDFDSPAAAQKAVASLKANGVQAQMAKQQEQDPTNLYISNLPISMDEQELENMLKPFGHVISTRILRDANGVSRGVGFARMESTEKCEVVIQHFNGKYLKTPPGIPAPSEPLLCKFADGGQKKRQNQSKYTQNGRPWPREGEAGMALTYDPT
RNCMPT00058_RNCMPT.pkl,RBP1,MPRYREWDLACKVYVGNLGSSASKHEIEGAFAKYGPLRNVWVARNPPGFAFVEFEDRRDAEDATRALDGTRCCGTRIRVEMSSGRSRDRRRGEGGSSGRSGSGRYRSRSPRRSRSPRSRSFSRDRRSR
RNCMPT00127_RNCMPT.pkl,RBP1-LIKE,MPRYREWDLACKVYVGNLGSSASKYEIENAFSKYGPLRNVWVARNPPGFAFVEFEDRRDAEDATRGLDGTRCCGTRIRVEMSSGRSREGRGGGGGGGGGGGGSGGGGRGGGSGARAGGGGRAGDGGGR
RNCMPT00132_RNCMPT.pkl,RBP9,GSTTNAAVGQATANNAASNNNNNNNNTNNNNNNNATANNNNNNEPDPKTNLIVNYLPQTMSQDEIRSLFVSFGEVESCKLIRDKVTGQSLGYGFVNYVKQEDAEKAINALNGLRLQNKTIKVSIARPSSESIKGANLYVSGLPKNMTQSDLESLFSPYGKIITSRILCDNITDEHAAGLSKGVGFIRFDQRFEADRAIKELNGTTPKNSTEPITVKFANNPSSNKNSMQPLAAYIAPQNTRGGRAFPANAAAGAAAAAAAAAIHPNAGRYSSVISRYSPLTSDLITNGMIQGNTIASSGWCIFVYNLAPDTEENVLWQLFGPFGAVQSVKVIRDLQSNKCKGFGFVTMTNYEEAVLAIQSLNGYTLGNRVLQVSFKTNKNKQT
RNCMPT00059_RNCMPT.pkl,REF2,NERVQGGSIRKRNSEGGLRGIQRSRNGTGFIRKSKFKQETLLKPPKKPTLVMVCNLDYGVDDDDIMELFNQDGVVEKGFVHYDRDGNSLGTAHLSFKYREEAFQIIEQFHGVRLDGRRLKLHLVQNTRNFKRTDVDDLSLRMGSFKTRFLQNGTFKTRSLQNGFQKSRLF
RNCMPT00138_RNCMPT.pkl,RIN,TASSYNNSNGNSRLDNGGPLPQRNNSIRNNKGDFEQRRSSNTQQFGDNQQLFLGNIPHHASEDDLREIFSRFGNVLELRILSKAGNKVPPGMRSPLNYGFITYDDPEAVQKCLANCPLYFPENSPDGQKLNVEEKKPRVRNDMVPRQQIGGNNLNNNMGRLGGNNGPQSRPMGNN
RNCMPT00060_RNCMPT.pkl,RNP4F,QQQQQKHGIKKSRTEPSGGATSPPSKVKGPANAEAKESNFKYSPNMEINKIFVRNLHPACSKEELHELFSPFGTIKDVRLVHKLNKQFKGIAYVEFEKPGEAQRAVAGRDGCLFKGMNISVAISNPPPRGTSAVKPSVAPKRRVPTSLIPTTLVRQEVAAKKLRLLLPEP
RNCMPT00205_RNCMPT.pkl,RO3G_00049,MEVDEKKEESSDDSSDSSDEEESKGKKRKAEEEQEEIPVPKAAKTEENYTIWCGGISFEATADDVREFFGECGEIKDVRIRIDEATGKNRGFCHIDFATQEAKDAAVALSGNEFLGRRIRIDGADGGKKTNTSGPASATKKVFVANLNRDYDEDAHRTALTEAFQEFGTIVGDIRLPYNRESGALKGIGYIEFETTEQAEAAVKGMNGVEINGRPLRTDFSGDNDRDRFGGNRGGRGG
RNCMPT00148_RNCMPT.pkl,ROX8,MDESQPKTLYVGNLDSSVSEDLLIALFSTMGPVKSCKIIREPGNDPYAFIEYSNYQAATTALTAMNKRLFLEKEIKVNWATSPGNQPKTDISSHHHIFVGDLSPEIETETLREAFAPFGEISNCRIVRDPHTMKSKGYAFVSFVKKAEAENAIQAMNGQWIGSRSIRTNWSTRKLPPPREPSKGGGQGGGMGGGPGNGSGVKGSQRHTFEEVYNQSSPTNTTVYCGGFPPNVISDDLMHKHFVQFGPIQDVRVFKDKGFSFIKFVTKEAAAHAIEHTHNSEVHGNLVKCFWGKENGGDNSANNLNAAAAAAAASANVAAVAAANAAVAAGAGMPGQMM
RNCMPT00061_RNCMPT.pkl,RSF1,MSSMGDQRGTRVYVGNLTDKVKKDDLEGEFTKYGKLNSVWIAFNPPGFAFVEFEHRDDAEKACDILNGSELLGSQLRVEISKGRPRQGRRGGPMDRGGRRGDFGRHSITSGGSGGGGFRQRGSSGSS
RNCMPT00063_RNCMPT.pkl,SAMD4A,SDDKLNGWQNSRDSGICINASNWQDKSMGCENGHVPLYSSSSVPTTINTIGTSTSTNVPAWLKSLRLHKYAALFSQMTYEEMMALTECQLEAQNVTKGARHKIVISIQKLKERQNLLKSLERDIIEGGSLRIPLQELHQMILTPIKAYSSPSTTPEARRRE
RNCMPT00064_RNCMPT.pkl,SART3,ETQNVEVAAGPAGKCAAVDVEPPSKQKEKAASLKRDMPKVLHDSSKDSITVFVSNLPYSMQEPDTKLRPLFEACGEVVQIRPIFSNRGDFRGYCYVEFKEEKSALQALEMDRKSVEGRPMFVSPCVDKSKNPDFKVFRYSTSLEKHKLFISGLPFSCTKEELEEICKAHGTVKDLRLVTNRAGKPKGLAYVEYENESQASQAVMKMDGMTIKENIIKVAISNPPQRKVPEKPETRKAPGGPMLLPQTYGARGKGRTQLSLLPRALQR
RNCMPT00065_RNCMPT.pkl,SF1,YSSDGKRLNTREFRYRKRLEEQRHQLIVKMQTVNPEFKPPADYKPPVTRVSDKVLIPQEQHPDINFVGLLIGPRGNTLKAMEKDTGAKIIIRGKGSVKEGKVGRKDGQPLPGEDEPLHAFITAPNPEAVRKAVDKIKDVIRQGIEVPEGHNDLRRMQLRELAQLNGTLRENDIQRCTCGSTDHKSW
RNCMPT00066_RNCMPT.pkl,SF2,MGSRNECRIYVGNLPPDIRTKDIQDLFHKFGKVTFVDLKNRRGPPFAFVEFEDARDADDAVKARDGYDYDGYRLRVEFPRGGGPGSYRGGNRNDRSRDGGGRMGGRGPPAKRSQYRVMVTGLPASGSWQDLKDHMREAGDVCFADTYKDGSGVVEFLRHEDMKYAIKKLDDSRFRSHEGEVAYIRVREDSGDNDRGGGGGGSGGGGGGSGGGGSRDYRDRSRSRSFSSRPRRRGTPTYSPVRRQS
RNCMPT00224_RNCMPT.pkl,Sf3b4,DATVYVGGLDEKVSEPLLWELFLQAGPVVNTHMPKDRVTGQHQGYGFVEFLSEEDADYAIKIMNMIKLYGKPIRVNKASAHNKNLDVGANIFIGNLDPEIDEKLLYDTFSAFGVILQTPKIMRDPDTGNSKGYAFINFASFDASDAAIEAMNGQYLCNRPITVSYAFKKDSKGERHGSAAERLLAAQNPLSQADRPHQLFADAPPPPSMPTP
RNCMPT00177_RNCMPT.pkl,SFPQ,GRSEEKISDSEGFKANLSLLRRPGEKTYTQRCRLFVGNLPADITEDEFKRLFAKYGEPGEVFINKGKGFGFIKLESRALAEIAKAELDDTPMRGRQLRVRFATHAAALSVRNLSPYVSNELLEEAFSQFGPIERAVVIVDDRGRSTGKGIVEFASKPAARKAFERCSEGVFLLTTTPRPVIVEPLEQLDDEDGLPEKLAQKNPMYQKERETPPRFAQHGTF
RNCMPT00174_RNCMPT.pkl,SHEP,HPRYSPAPPPQQQQQMGGPPHQQQGGGGGGGVSMRGPSNAQQLPPQIPRSQNYSNGSSSSAAAAPLTSRSAFPGAPLTASAVALKGALPQRPPAMTSPAAAAAGAALAAGAPYRGAASWTPQGYAPAAAATAAAVAQQAAYRYTAPLPQPAYAAYTPHTATTPATTTVSFLSQPVDYYWYGQRVPTAASPSNTNSSSSSNTGSQSGTLSTSLSNTTNTNTNMGPNGTVQNQNQQGGEQLSKTNLYIRGLQQGTTDKDLVNMCAQYGTIISTKAILDKTTNKCKGAGAVDAEQPAFAECAVKGLQGKGVQAQMAKVGIWVLHRPAIQQEQDPTNLYIANLPPHFKETDLEAMLSKYGQVVSTRILRDQQMNSKGAGAAAMESREKCEQIIQMFNGNTIPGAKDPLLVKFADGGPKKKNLFKTPDPNARAWRDVSAEGIPVAYDPTMQQNGVSVNVGTPIGVPYSRFSAPQVGGYPVAGSQWIPGYMMTQVDDQTSYSPQYMQMAAAPPLGVTSYKPEAVNQVQPRGISMMVSGDTGVPYGTMMPQLATLQIGNSYISPTYPYYAPPPTIIPTMPMTDSEQASTAASPDEAYTQYPHQAAPK
RNCMPT00175_RNCMPT.pkl,SHEP,TSPAAAAAGAALAAGAPYRGAASWTPQGYAPAAAAAAAAVAQQAAYRYTAPLPQPAYAAYTPHTATTPATTTYGQRVPTAASPSNTNSSSSSNTGSQSGTLSTSLSNTTNTNTNMGPNGTVQNQNQQGGEQLSKTNLYIRGLQQGTTDKDLVNMCAQYGTIISTKAILDKTTNKCYGFVDFEQPAFAECAVKGLQGKGVQAQMAKVGIWVLHRPAIQQEQDPTNLYIANLPPHFKETDLEAMLSKYGQVVSTRILRDQQMNSKGVGFARMESREKCEQIIQMFNGNTIPGAKDPLLVKFADGGPKKKNLFKTPDPNARAWRDVSAEGIPVAYDPTMQQNGVSVNVGTPIGVPYSRFSAPQVGGYPVAGSQWIPGYMMTQVDDQTSYSPQYMQMAAAPPLGVTSYKPEAVNQVQPRGISMMVSGDTGVPYGTMMPQLATLQIGNSNFSPSLQYISPTYPYYAPPPTIIPTMPMTDSEQASTAASPDEAYTQYPHQAAPK
RNCMPT00068_RNCMPT.pkl,SHEP,GPNGTVQNQNQQGGEQLSKTNLYIRGLQQGTTDKDLVNMCAQYGTIISTKAILDKTTNKCKGYGFVDFEQPAFAECAVKGLQGKGVQAQMAKVGIWVLHRPAIQQEQDPTNLYIANLPPHFKETDLEAMLSKYGQVVSTRILRDQQMNSKGVGFARMESREKCEQIIQMFNGNTIPGAKDPLLVKFADGGPKKKNLFKTPDPNARAWRDVSAEGIPVAYDPTMQQNGVSVNVGTPIGVPYSRFSAPQVGGYPVAGSQWIPGYMMTQVDDQTSYSPQYMQMAAAPPLGVTSYKPEAVNQVQPRGISMMVSGDTGVPYGTMMPQLATLQIGNSYISPTYPYYAPPPTIIPTMPMTDSEQASTAASPDEAYTQYPHQAAPK
RNCMPT00069_RNCMPT.pkl,SM,PGENDVHMHARSTPQQNQQQALMNKSNDDLRRKRPETTRPNHILLFTIINPFYPITVDVLHKICHPHGQVLRIVIFKKNGVQAMVEFDNLDAATRARENLNGADIYAGCCTLKIDYAKPEKLNVYKNEPDTSWDYTLSTEPPLLGPGAAFPPFGAPEYHTTTPENWKGAAIHPTGLMKEPAGVVPGRNAPVAFTPQGQAQGAVMMVYGLDHDTSNTDKLFNLVCLYGNVARIKFLKTKEGTAMVQMGDAVAVERCVQHLNNIPVGTGGKIQIAFSKQNFLSEVINPFLLPDHSPSFKEYTGSKNNRFLSPAQASKNRIQPPSKILHFFNTPPGLTEDQLIGIFNIKDVPATSVRLFPLKTERSSSGLIEFSNISQAVLAIMKCNHLPIEGKGTKFPFIMKLCFSSSKSMNGAWNNAASEGMIEKENEVDTKVDIYN
RNCMPT00232_RNCMPT.pkl,Smp_067420,MTIGVMEERNQDATIYVGGLDEKVNESILWELFLQAGPVVNVHMPKDRINMQHQGYGFVEFMTEEDADYAMRIMNMIKLYGKPIRVNKASANQKNLDIGANIFIGNLDPEVDEKLLYDTFSAFGVILQTPKIMRDPETGNSKGYAFINFASFEASDAAIEAMNGQYLCNRAITISYAFKKDSKGERHGSAAERLLAAQSPLSQAERPHQLFADAPPPPPPPPP
RNCMPT00145_RNCMPT.pkl,SNF,MEMLPNQTIYINNLNEKIKKEELKKSLYAIFSQFGQILDIVALKTLKMRGQAFVIFKEIGSASNALRTMQGFPFYDKPMQIAYSKSDSDIVAKIKGTFKERPKKVKPPKPAPGTDEKKDKKKKPSSAENSNPNAQTEQPPNQILFLTNLPEETNEMMLSMLFNQFPGFKEVRLVPNRHDIAFVEFTTELQSNAAKEALQGFKITPTHAMKITFAKK
RNCMPT00070_RNCMPT.pkl,SNRNP70,PPPTRAETREERMERKRREKIERRQQEVETELKMWDPHNDPNAQGDAFKTLFVARVNYDTTESKLRREFEVYGPIKRIHMVYSKRSGKPRGYAFIEYEHERDMHSAYKHADGKKIDGRRVLVDVERGRTVKGWRPRRLGGGLGGTRRGGADVNIRHSGRDDTSRYDERPGP
RNCMPT00143_RNCMPT.pkl,SNRNP70K,PLPKTVETRQERLERRRREKAEQVAYKLEREIALWDPTEIKNATEDPFRTLFIARINYDTSESKLRREFEFYGPIKKIVLIHDQESGKPKGYAFIEYEHERDMHAAYKHADGKKIDSKRVLVDVERARTVKGWLPRRLGGGLGGTRRGGNDVNIKHSGREDNERERERYRL
RNCMPT00071_RNCMPT.pkl,SNRPA,MAVPETRPNHTIYINNLNEKIKKDELKKSLYAIFSQFGQILDILVSRSLKMRGQAFVIFKEVSSATNALRSMQGFPFYDKPMRIQYAKTDSDIIAKMKGTFVERDRKREKRKPKSQETPATKKAVQGGGATPVVGAVQGPVPGMPPMTQAPRIMHHMPGQPPYMPPPGMIPPPGLAPGQIPPGAMPPQQLMPGQMPPAQPLSENPPNHILFLTNLPEETNELMLSMLFNQFPGFKEVRLVPGRHDIAFVEFDNEVQAGAARDALQGFKITQNNAMKISFAKK
RNCMPT00272_RNCMPT.pkl,SRP54,MVKDEPLSDESADVIVLADREEDDICELEHLRKLFIGGLAPYTTEENLKLFYGQWGKVVDVVVMRDAATKRSRGFGFITYTKSLMVDRAQENRPHIIDGKTVEAKRALPRPERESRETNISVKKLFVGGLKDNHDEECLREYFLQFGNVVSVKLLTDKTTGKRRGFAFVEFDDYDAVDKAILKKQHAIKYVHVDVKKSIYNLDKKEKQQPGGLANAIKPSLNQQQQQQGGGQQPPNGNMQ
RNCMPT00106_RNCMPT.pkl,SRSF1,MSGGGVIRGPAGNNDCRIYVGNLPPDIRTKDIEDVFYKYGAIRDIDLKNRRGGPPFAFVEFEDPRDAEDAVYGRDGYDYDGYRLRVEFPRSGRGTGRGGGGGGGGGAPRGRYGPPSRRSENRVVVSGLPPSGSWQDLKDHMREAGDVCYADVYRDGTGVVEFVRKEDMTYAVRKLDNTKFRSHEGETAYIRVKVDGPRSPSY
RNCMPT00107_RNCMPT.pkl,SRSF1,MSGGGVIRGPAGNNDCRIYVGNLPPDIRTKDIEDVFYKYGAIRDIDLKNRRGGPPFAFVEFEDPRDAEDAVYGRDGYDYDGYRLRVEFPRSGRGTGRGGGGGGGGGAPRGRYGPPSRRSENRVVVSGLPPSGSWQDLKDHMREAGDVCYADVYRDGTGVVEFVRKEDMTYAVRKLDNTKFRSHEGETAYIRVKVDGPRSPSY
RNCMPT00108_RNCMPT.pkl,SRSF1,MSGGGVIRGPAGNNDCRIYVGNLPPDIRTKDIEDVFYKYGAIRDIDLKNRRGGPPFAFVEFEDPRDAEDAVYGRDGYDYDGYRLRVEFPRSGRGTGRGGGGGGGGGAPRGRYGPPSRRSENRVVVSGLPPSGSWQDLKDHMREAGDVCYADVYRDGTGVVEFVRKEDMTYAVRKLDNTKFRSHEGETAYIRVKVDGPRSPSY
RNCMPT00109_RNCMPT.pkl,SRSF1,MSGGGVIRGPAGNNDCRIYVGNLPPDIRTKDIEDVFYKYGAIRDIDLKNRRGGPPFAFVEFEDPRDAEDAVYGRDGYDYDGYRLRVEFPRSGRGTGRGGGGGGGGGAPRGRYGPPSRRSENRVVVSGLPPSGSWQDLKDHMREAGDVCYADVYRDGTGVVEFVRKEDMTYAVRKLDNTKFRSHEGETAYIRVKVDGPRSPSY
RNCMPT00110_RNCMPT.pkl,SRSF1,MSGGGVIRGPAGNNDCRIYVGNLPPDIRTKDIEDVFYKYGAIRDIDLKNRRGGPPFAFVEFEDPRDAEDAVYGRDGYDYDGYRLRVEFPRSGRGTGRGGGGGGGGGAPRGRYGPPSRRSENRVVVSGLPPSGSWQDLKDHMREAGDVCYADVYRDGTGVVEFVRKEDMTYAVRKLDNTKFRSHEGETAYIRVKVDGPRSPSY
RNCMPT00163_RNCMPT.pkl,SRSF1,MSGGGVIRGPAGNNDCRIYVGNLPPDIRTKDIEDVFYKYGAIRDIDLKNRRGGPPFAFVEFEDPRDAEDAVYGRDGYDYDGYRLRVEFPRSGRGTGRGGGGGGGGGAPRGRYGPPSRRSENRVVVSGLPPSGSWQDLKDHMREAGDVCYADVYRDGTGVVEFVRKEDMTYAVRKLDNTKFRSHEGETAYIRVKVDGPRSPSYGRSRSRSRSRSRSRSRSNSRSRSYSPRRSRGSPRYSPRHSRSRSRT
RNCMPT00088_RNCMPT.pkl,SRSF10,MSRYLRPPNTSLFVRNVADDTRSEDLRREFGRYGPIVDVYVPLDFYTRRPRGFAYVQFEDVRDAEDALHNLDRKWICGRQIEIQFAQGDRKT
RNCMPT00089_RNCMPT.pkl,SRSF10,MSRYLRPPNTSLFVRNVADDTRSEDLRREFGRYGPIVDVYVPLDFYTRRPRGFAYVQFEDVRDAEDALHNLDRKWICGRQIEIQFAQGDRKT
RNCMPT00090_RNCMPT.pkl,SRSF10,MSRYLRPPNTSLFVRNVADDTRSEDLRREFGRYGPIVDVYVPLDFYTRRPRGFAYVQFEDVRDAEDALHNLDRKWICGRQIEIQFAQGDRKT
RNCMPT00019_RNCMPT.pkl,SRSF10,MSRYLRPPNTSLFVRNVADDTRSEDLRREFGRYGPIVDVYVPLDFYTRRPRGFAYVQFEDVRDAEDALHNLDRKWICGRQIEIQFAQGDRKT
RNCMPT00072_RNCMPT.pkl,SRSF2,MSYGRPPPDVEGMTSLKVDNLTYRTSPDTLRRVFEKYGRVGDVYIPRDRYTKESRGFAFVRFHDKRDAEDAMDAMDGAVLDGRELRVQMARYGRPPDSHHSRRGPPPRRYGGGGYGRRSR
RNCMPT00073_RNCMPT.pkl,SRSF7,MSRYGRYGGETKVYVGNLGTGAGKGELERAFSYYGPLRTVWIARNPPGFAFVEFEDPRDAEDAVRGLDGKVICGSRVRVELSTGMPRRSRFDRPPARRPFDPNDRCYECGEKGHYAYDCHRYSR
RNCMPT00074_RNCMPT.pkl,SRSF9,MSGWADERGGEGDGRIYVGNLPTDVREKDLEDLFYKYGRIREIELKNRHGLVPFAFVRFEDPRDAEDAIYGRNGYDYGQCRLRVEFPRTYGGRGGWPRGGRNGPPTRRSDFRVLVSGLPPSGSWQDLKDHMREAGDVCYADVQKDGVGMVEYLRKEDMEYALRKLDDTKFRSHEGETSYIRVYPERSTSYGYSRSRSGSRGRDSPYQSRGSPHYFSPFRPY
RNCMPT00067_RNCMPT.pkl,SRSF9,MSGWADERGGEGDGRIYVGNLPTDVREKDLEDLFYKYGRIREIELKNRHGLVPFAFVRFEDPRDAEDAIYGRNGYDYGQCRLRVEFPRTYGGRGGWPRGGRNGPPTRRSDFRVLVSGLPPSGSWQDLKDHMREAGDVCYADVQKDGVGMVEYLRKEDMEYALRKLDDTKFRSHEGETSYIRVYPERSTSYGYSRSRSGSRGRDSPYQSRGSPHYFSPFRPY
RNCMPT00179_RNCMPT.pkl,SUP-12,MYGQVQDPLVHAAAAALAQSTNAEPVVGSRDTMFTKIFVGGLPYHTSDKTLHEYFEQFGDIEEAVVITDRNTQKSRGYGFVTMKDRASAERACKDPNPIIDGRKANVNLAYLGAKPRTNVQLAALAAGQVQLPLTTQLQALFQPRMGLPQMYYPTVTGLVNPLMAQQGAAAQQQLFDYNALAAVMNPQAAAAYGIQSQGKFAAAPTTIEQYAAYPAGYGLVPQSAYNIGNPQLQQLAAAQQQLEHQRV
RNCMPT00182_RNCMPT.pkl,SUP-26,MPPTAQNSQQPYPRSDKAGGHLLHYSSSSHQHQNHQHYHSSSSNQQFNRPPPPPHNSQHHHHHNNSRMNASSAPQQQQQQQQPQQGQAPQQQQQGPPQHQYQQQRPFHGRVQNHMRGSGPFGNSNGYGRYTAPRGDQQHHDSTPLSSTNLYIRGLMPNTNDDLLREMCSKYGNIASTKAIMDKATNNCKGYGFVDFESPQAAAAAVDGLNTEGVQAQMAKLQQQEQDPTNLYIANLPLDFTEQMLETELNKFGMVISTRILRTPDNQSRGVGFARMDSKEKCEVIISALNGGRFDTMSKEGPALLIKQADTGRKSKHSMNNPEMLQRMQYPQVYQSYYGYHPAAVYQQHYDVNSLASQMGGMHVGGGNPQANGGGDMYGAHMYGQNAGGQGGQGVGQGGQADESTINGQDNVFTPLLLSSLNLFSLSILSNQSSLQKKTQCAAARAAINTHVHIVSPLPDPQNLLLFLNPKTIVPF
RNCMPT00119_RNCMPT.pkl,SXL,GGSANNLGGGNMCHLPPMASNNSLNNLCGLSLGSGGSDDLMNDPRASNTNLIVNYLPQDMTDRELYALFRAIGPINTCRIMRDYKTGYSFGYAFVDFTSEMDSQRAIKVLNGITVRNKRLKVSYARPGGESIKDTNLYVTNLPRTITDDQLDTIFGKYGSIVQKNILRDKLTGRPRGVAFVRYNKREEAQEAISALNNVIPEGGSQPLSVRLAEEHGKAKAAHFMSQMGVVPANVPPPPPQPPAHMAAAFNMMHR
RNCMPT00281_RNCMPT.pkl,Syncrip,DSSKGPDESKIKALLERTGYTLDVTTGQRKYGGPPPDFVHTGQQPSVGTEIFVGKIPRDLFEDELVPLFEKAGSIWDLRLMMDPLTGLNRGYAFVTFCTKEAAQEAVKLYNNHEIRPGKHIGVCISVANNRLFVGSIPKSKTKEQIVEEFSKVTEGLTDVILYHQPDDKKKNRGFCFLEYEDHKTAAQARRRLMSGKVKVWGNVVTVEWADPIEDPDPEVMAKVKVLFVRNLANTVTEEILEKAFGQFGKLERVKKLKDYAFIHFDERVGAVKAMEEMNGKELEGENIEIVFAKPPDQKRKERKAQRQAAKNQMYDEYYYYGGPHMPPPSRGRGRGGRG
RNCMPT00076_RNCMPT.pkl,TARDBP,LVEGILHAPDAGWGNLVYVVNYPKDNKRKMDETDASSAVKVKRAVQKTSDLIVLGLPWKTTEQDLKEYFSTFGEVLMVQVKKDLKTGHSKGFGFVRFTEYETQVKVMSQRHMIDGRWCDCKLPNSKQSQDEPLRSRKVFVGRCTEDMTEDELREFFSQYGDVMDVFIPKPFRAFAFVTFADDQIAQSLCGEDLIIKGISVHISNAEPKHNSNRQLERSGRFGGNPGGFGNQGGFGNSRGGGAGLGNNQGSNMGGGMNFGA
RNCMPT00216_RNCMPT.pkl,Tb_0216,GEMMSLSISRESPPCPRRHGRRSDRTQPRGPFVKLPESKLTPNECQSKTNLIVRNLSNRVDEAVLKQIFSPYGEILSAAVMRNIHTGDSLGTAFVRFATTEQARAALVGCHGRVVCGRVLSVQWAKRQHDGTPVGEARKKIVKLFIRNIPLDVGPEDVQRLFERFGTVESVSLHKDTAAATPTTDNSRPQRRIAFVTFTESGVADRAAEAVHNTRPFPSHGSVPLMVKLAEDHSERRLAAAAAVAGGGSGHNSRRRPENHQSNSTSSLTA
RNCMPT00217_RNCMPT.pkl,Tb_0217,GVPPGPDSRGYSSYHPSQQYHQGYYGAPAAHGGENRGNRRDEEAREPTNTVWVGNLDVQRHSDDFLRQEFREFGRVVRIAKVPDKSYCFVHFRYVEEARNAVETLSARGSLGGARFSYGKMFDYSQDEGGMQQDGGMSNQGMRPPRRPREEERHEHEERRRRPRRDEEPMEPTNVLWIGDLPPTITNEELNENFKVFGTILNISRLDCKNMAFIHFENIESCTQALDLMRDQLICGARVALNYGRAQRNPVSQTSGLSPDGIPLSETPTNVIFVGQFATDVTEEDIEALFEPFEGFINSKFIHSSCIAFGHFDTVDHARAARVALNNTLLKGAPARISFGKTNHTLTMADRMRRGRPAPLVDGVEVIPETVAGAPARGSLDGVSGA
RNCMPT00218_RNCMPT.pkl,Tb_0218,GCVENLSPNPSSRTPLSSSTSGAQLPNGSFSSISPSLSTHPTGRLATRKNVYVSELPTHWNTEKLRSVCATFGNIVSAKVMHDSNTNESRGYGFVMFETDEQAALCVRTLNSCKVDGRMLSCRFAHEKAMPSFAHSDRIPWQEFGRSPNSTTPSLSKDKLTDVKTQPDQQQGGNSLPNMELLKGAHVACFGDRSRPMVQRSHNIFIQGLPLQWNTDKLRSLCGTFGKVELAKVVRDATTSLSCGHGFVLFEREEAAALCVERLNGATVEGRTLTCRFARDKRGPGVATGAAPSPPVRPSGNDFLKNTAPLLVRMVDAQESPSM
RNCMPT00219_RNCMPT.pkl,Tb_0219,LMSSSVDESLTCPPKKQHHGGQPQHQDVQGTKDNNHQRVPDCSEDAIRSNLFISGLRHSVTDSGLHELFSPFGSIESAKVMLDIHTGRSRGIAFVKFVRLCDAQRAVEALNGSIFCGETITVRVAKPNAAYRPGAPTNKTFVRNVPLSAKKEDLVSHFSKYGQVVEVSIHGDTAQCSTNKKRNVVFITYTTKEAAAWAAQQTHTTMPFPDCEGIPLLAKVAEDSAHRIERLARRGSSGKQASNSSKAVSGDASPQTAHLPPT
RNCMPT00220_RNCMPT.pkl,Tb_0220,PGMMQNYGNPGQGRGGFDAQKQPQQLQIGRQMVQRPPRTRNNEIGEVSRVIHMRNITPNVTQLSIQNLVQNFGNIKHIVMLRQMNQALVEMESTKSAQQLVDFFREAGYAEIDGRRVYIRYSNHQELTATQHTSKTLLVSMFNTQYDVSAATSITPMIVYQIFCNYGAVQKIVVLPKNESSQRNHNRVQALVQFDSKATAENVKNILQGQPVTIGETVTFTLDIQFSRMDNIKTSNPAISLVVNEDGVPQPPQPQPPQPPQQQQ
RNCMPT00230_RNCMPT.pkl,Tb_0230,RVVTTVTENGTELPKKLNTKVFVDGLPYENEVKSSSLSVEEELMQFVIAWKVGKPLRLIKKDGQGFGFLVFQSPHSVDVAVRVLNGRKFLGRSLRVEVPKPRDMEGAGGSYGANDSGKCSYARQVLLSDLAKVAQPEIIREILRDVAPQLEKRLDSIKMTSKNRKAFLTFQSSEDVEAAVKFLDGFSMFGRRISAAQAAAPGSLPYSKAPIRSTALHAAEGVLVGDGDADMVAAAGPNHGDEGELVVPLGLDVPPANRPVKGMEKRKPAPAAAAKPNALPSNITGVTEKYNLLDNGPAEVFVGNLGEDVTEEQLKAHFSVCGKINSCKIIVNKNTRLPTGIASIVFAIPAYAAYAQKHMHGSCLRGHVLRVDRGEEASAPLVSELPPRDDEETIDEDGYMEHFGVTNKKEYFKGTSFEE
RNCMPT00251_RNCMPT.pkl,Tb_0251,FLTDRPVSPISSASTAEVTAGHDISTINRTLDASFMYDDGALMDFDSKHWIRVTRLDPSTSSKTLRQMFYPYGGDEAFVIWDNAVVGYVGFDNHFMAELAVEKMNTFIPCRQAQALCVRPASMDEVVLARSAVSSGQESIVPLLYSDCPIKCIVQVIEGHRQPSYCAMELVEEVKRAPRSLFARVSETLSQLKANSFLVEEFREALVRNLLLHIFEEDHTDTKANCGVLLGELFCSGFLTGDPFQIASGILQRGVKSIGQIDNVCAVAHACASLPFAMSKASFWALVGQLSLQTEEPLRSALRGHIRRFHQSTEFISPKPTANAPLPTADRAASSFPGLKMRTVYVSHLPASMPQRTFMDLLTSCGGVNKVRVCRGKGYTTLFAFVEMATADGVAAALRLGRANVLGCNIRLQMARNPIQDSQSDDAVINANGTVACECLFGRHGGTLGDVASDKGY
RNCMPT00252_RNCMPT.pkl,Tb_0252,KDERFRGKKKRSGDDDETHSTPEDVEEEVQSDIDEEKQERLNKQDPLETQLFLKRLPLDTSEEELLNFFQTRFGGVRRVLLVRNSRTKTLAGTGFIHCGTVEMADKIFDHAQQNARELSANDRADWREQTKDLSHCRAKRLLFKNRADAFNSREPFMTLRETRFTVHRVLSRKDSHDATAAQQKKKKRTKVAADDPRHLYLLQEGLILPDTPAARGLHPRYIEMIRADYESRKNQLRDSNMFVSTTRLSVRNLPRTMGEKELRLLFSTHVRSFLKKNKNFADKSNWGKYGPIKNVKIVKDSAGTSKGYAFVELVNHPVALHALRALNNNPTIFGDHRRLLVSFAIEDINALQKLKRIRELRRQRDAALLNKSSNNEA
RNCMPT00253_RNCMPT.pkl,Tb_0253,MTIAAQGVPSGPSATKPLQVASLYVGDLDPAINEPQLVDIFKPYGTILNVRVCRDIITQRSLGYGYVNYDDVNSASKAMEELNFKRVGEKCIRIMWQQRDPALRYSGSGNIFVKNLKEEVDSRELSLIFKKFGEILSCKVMDDESGKSRGYGFVHFKDDDAAKAAIEKMNGDKEHADADKAALYVANFIRRNARLAALVANFTNVYIKQLLPTVDKDVIEKFFSKFGGITSAAICKDKNGRAFAFCNFEKHDDAVKAIEASHDQEVEGVTQPGEKLYVQRAQPRSERLIALRQKYMQCQSLGNNLYVRNFDAEFTEKDLNELFKEYGVIRSCRVMTDANGISRGFGFVSFENADQANAALREMNGRMLNGKPLVVNIAQRRDQRLTMLKLQLQQRLQMMMHHMHPPPFGMPGHPLQRRNARSGG
RNCMPT00165_RNCMPT.pkl,TIA1,MEDEMPKTLYVGNLSRDVTEALILQLFSQIGPCKNCKMIMDTAGNDPYCFVEFHEHRHAAAALAAMNGRKIMGKEVKVNWATTPSSQKKDTSSSTVVSTQRSQDHFHVFVGDLSPEITTEDIKAAFAPFGRISDARVVKDMATGKSKGYGFVSFFNKWDAENAIQQMGGQWLGGRQIRTNWATRKPPAPKSTYESNTKQLSYDEVVNQSSPSNCTVYCGGVTSGLTEQLMRQTFSPFGQIMEIRVFPDKGYSFVRFNSHESAAHAIVSVNGTTIEGHVVKCYWGKETLDMINPVQQQNQIGYPQPYGQWGQWYGNAQQIGQYMPNGWQVPAYGMYGQAWNQQGFNQTQSS
RNCMPT00077_RNCMPT.pkl,TIA1,MEDEMPKTLYVGNLSRDVTEALILQLFSQIGPCKNCKMIMDTAGNDPYCFVEFHEHRHAAAALAAMNGRKIMGKEVKVNWATTPSSQKKDTSNHFHVFVGDLSPEITTEDIKAAFAPFGRISDARVVKDMATGKSKGYGFVSFFNKWDAENAIQQMGGQWLGGRQIRTNWATRKPPAPKSTYESNTKQLSYDEVVNQSSPSNCTVYCGGVTSGLTEQLMRQTFSPFGQIMEIRVFPDKGYSFVRFNSHESAAHAIVSVNGTTIEGHVVKCYWGKETLDMINPVQQQNQIGYPQPYGQWGQWYGNAQQIGQYMPNGWQVPAYGMYGQAWNQQGFNQTQSSAPWMGPNYGVQPPQGQNGSMLPNQPSGYRVAGYETQ
RNCMPT00256_RNCMPT.pkl,TIAR-1,MSFFNPPANSNHGYNDDVNTGYNARMHSKLAEREGFHLGNGSDEPRTLYVGNLDSTVTEDFIATLFNQIGSVTKTKVIFDGSNDPYAFVEFSDHGQASQALQTMNKRLLLDREMKVNWAVEPGQQQSKIDTTRHFHVFVGDLSSEVDNQKLREAFQPFGDVSDAKVIRDTNTTKSKGYGFVSYPKREEAERAIEQMNGQWLGRRTIRTNWATRKPGDQEKPSHYNEKSYDEIYNQTSGDNTSVYVGNIASLTEDEIRQGFASFGRITEVRIFKMQGYAFVKFDNKDAAAKAIVQMNNQDVGGQLVRCSWGKTGDTGKTPGGSYGYGYGNSSSGGNSQPYSGYGGGGAYGGGQGGGG
RNCMPT00005_RNCMPT.pkl,TIAR-3,LSRQSFCPIEIHSTSTDSHLANAIVLQESAVLHSASEPPMEMRIDTSKHFHVFVGDLSKDVSNELLKSTFTKFGEVSEAKVIRDVQTQKSKGYGFVSFPNKQNAENAIAGMNGKWIGKRAVRTNWAARKNSEENRDKLTFEQVFNSTKADNTSVYVGNISQQTTDADLRDLFSTYGDIAEVRIFKTQRYAFVRYEKKECATKAIMEMNGKEMAGNQVRCSWGRTQAVPNQALNPLPIDLSSLMMPTMLPTTIPLIQNPFLNYEPATLLYSSFPQW
RNCMPT00225_RNCMPT.pkl,Tp_0225,MTADTTTAADASGTLSKIKPQPSYPANPTLYLSNIDWSIKKTLLKRSLLALFTRHGKVLDVICLRGDATGGRSLRGQAWVIFESQSAATAALEAERGFVFFGRPLMVNYAKDVSDRIAKRNGTYSKKTKDIREKRKLEGDGGGGGDAKMARVDGSGVNATTVNDPSSLVKKKEDVSAPTPSPKTGEITASTTPSSLILAQNLPSECSDMMLQMLFQQHAGYKGLKLVKAGMATIEFDSESQATVALKGLNGFKLTPSATLDLTYVAR
RNCMPT00078_RNCMPT.pkl,TRA2,RHQRSSSRRRSRSRSSSESPPPEPRHRSGRSSRDRERMHKSREHPQASRCIGVFGLNTNTSQHKVRELFNKYGPIERIQMVIDAQTQRSRGFCFIYFEKLSDARAAKDSCSGIEVDGRRIRVDFSITQRAHTPTPGVYLGRQPRGKAPRSFSPRRGRRVYHDRSASPYDNY
RNCMPT00075_RNCMPT.pkl,TUT1,MSLPIGSAEVASERVELWRSGFRWWQRCLCFCRYRRVAMAAVDSDVESLPRGGFRCCLCHVTTANRPSLDAHLGGRKHRHLVELRAARKAQGLRSVFVSGFPRDVDSAQLSEYFLAFGPVASVVMDKDKGVFAIVEMGDVGAREAVLSQSQHSLGGHRLRVRPREQKEFQSPASKSPKGAAPDSHQLAKALAEAADVGAQMIKLVGLRELSEAERQLRSLVVALMQEVFTEFFPGCVVHPFGSSINSFDVHGCDLDLFLDLGDLEEPQPVPKAPESPSLDSALASPLDPQALACTPASPPDSQPPASPQDSEALDFETPSSSLAPQTPDSALASETLASPQSLPPASPLLEDREEGDLGKASELAETPKEEKAEGAAMLELVGSILRGCVPGVYRVQTVPSARRPVVKFCHRPSGLHGDVSLSNRLALHNSRFLSLCSELDGRVRPLVYTLRCWAQGRGLSGSGPLLSNYALTLLVIYFLQTRDPPVLPTVSQLTQKAGEGEQVEVDGWDCSFPRDASRLEPSINVEPLSSLLAQFFSCVSCWDLRGSLLSLREGQALPVAGGLPSNLWEGLRLGPLNLQDPFDLSHNVAANVTSRVAGRLQNCCRAAANYCRSLQYQRRSSRGRDWGLLPLLQPSSPSSLLSATPIPLPLAPFTQLTAALVQVFREALGCHIEQATKRTRSEGGGTGESSQGGTSKRLKVDGQKNCCEEGKEEQQGCAGDGGEDRVEEMVIEVGEMVQDWAMQSPGQPGDLPLTTGKHGAPGEEGQPSHAALAERGPKGHEAAQEWSQGEAGKGASLPSSASWRCALWHRVWQGRRRARRRLQQQTKEGAGGGAGTRAGWLATEAQVTQELKGLSGGEERPETEPLLSFVASVSPADRMLTVTPLQDPQGLFPDLHHFLQVFLPQAIRHLK
RNCMPT00226_RNCMPT.pkl,Tv_0226,MQQEVIVYITGICPQATRESVYRYCAQFTGEIINVNVFPTNDGYNNLANVTLHSIVGASNLINAINYRIVDGKPIYANICGYDVIRIQNEELYSIFISHGYFSSERDLFEQCLEFGQVFRVKLLNGCAIVQFYNEESMIRALNARTIRGGNVSKKTQRKVSKPQVVVKDNVSVQSKVSYKSQKSNKSNLGVSYVPREKVGVFK
RNCMPT00236_RNCMPT.pkl,Tv_0236,MANKTTSLYLGNVEIFDSEEQAIDEIYDAIGYKPINIRFMRDPASGNQLNYGFIKFKNASEATEAMRLLKGSLMRRRPGVRWNVNWGTDKNESTDADSLVKAEGYSVYVGNIPNTIDDNALLDFFRNYIPSAINARIVYANGVHKGFGFVKFSTYQECLSAIEKLNNVNAWGRPLRIFEAENNRILGVNQENNTTLYISQLDPNIINEEILTSTFGRYGNVVSIKIDPVKFSWALLKMETHSMAESAMNALQGAKFGGTSKCAINWGRDVDDSSVSDKSSRISIPSMKPTKQNRRNYVEFYTKENVHKII
RNCMPT00257_RNCMPT.pkl,Tv_0257,MMPLPPRTPLRQPKDNAIHVSNLPISATVEFIRTLFSECGTVINVFLKNKPTGSYCFVEFADKEEAEKAVRDFNYTKLNGESIVITLTNHGIMQRIVSGEGNLFVRGIDESIEAPQLHELFSHFGEVISCKIPVLNGKPRGYAYVQFANPADGDRAMKELADSTINGKAITIEKFINRGMRQPNKATEQNIATDPTFTNIFIKNLPESINTLLDLLRLFQEYGQVVSARIVPEKRSGFAKMIDHESAVRAVLGLNGRVIYGHTISCCRSLSLSERAAFMNRNNEEEQAVEEPNNMEQPEDSNSMPEE
RNCMPT00258_RNCMPT.pkl,Tv_0258,MGDRSRRGRDSRSGPDYSDYEEEREENNKIPFHTVFFYNVPYSVKRSQLNPFFDKFGEVKGVFEARDKSYYFVTYYNLKSAIKAVEGQPYNEFGDRAIRANYAYRAQNQKKEKCATVLVSVSSGELNDSEVHESFVQFGEIRIIRRDSPKSFVVKYYDLRDAQKAVDASGKVKIGDKECKIEFKYGEDDGLEQEDRKDKDKDRRDRDRDRGRDRDRHRDRDRDRDRERDR
RNCMPT00259_RNCMPT.pkl,Tv_0259,MHNPNQNPPIAQPRARAAFRGPRPQSESFQRTPASGRRPRSQVITPSTNVFINYIPPRFTEQDLRNLCSQYGEIISSKIMINLETGQSKCFGFVKFRELSQAHAAIQAIDGMSIGNKRLLAKYAESQEKHEKLSTMLYIKHLPLSIDVNGVYQIFSRFGEITQVSPHSVDSTDPQYWRCFVRYQTQEAATEAMSMNNQIIVEGSRPIHVKYADEARLSGSFVLPPTGSTPSAPTEDEQRKLLPSFFFN
RNCMPT00079_RNCMPT.pkl,U2AF2,HITPMQYKAMQAAGQIPATALLPTMTPDGLAVTPTPVPVVGSQMTRQARRLYVGNIPFGITEEAMMDFFNAQMRLGGLTQAPGNPVLAVQINQDKNFAFLEFRSVDETTQAMAFDGIIFQGQSLKIRRPHDYQPLPGMSENPSVYVPGVVSTVVPDSAHKLFIGGLPNYLNDDQVKELLTSFGPLKAFNLVKDSATGLSKGYAFCEYVDINVTDQAIAGLNGMQLGDKKLLVQRASVGAKNATLVSPPSTINQTPVTLQVPGLMSSQVQMGGHPTEVLCLMNMVLPEELLDDEEYEEIVEDVRDECSKYGLVKSIEIPRPVDGVEVPGCGKIFVEFTSVFDCQKAMQGLTGRKFANRVVVTKYCDPDSYHRRDFW
RNCMPT00080_RNCMPT.pkl,U2AF50,DVPPPGFEHITPMQYKAMQASGQIPASVVPDTPQTAVPVVGSTITRQARRLYVGNIPFGVTEEEMMEFFNQQMHLVGLAQAAGSPVLACQINLDKNFAFLEFRSIDETTQAMAFDGINLKGQSLKIRRPHDYQPMPGITDTPAIKPAVVSSGVISTVVPDSPHKIFIGGLPNYLNDDQVKELLLSFGKLRAFNLVKDAATGLSKGYAFCEYVDLSITDQSIAGLNGMQLGDKKLIVQRASVGAKNAQNAANTTQSVMLQVPGLSNVVTSGPPTEVLCLLNMVTPDELRDEEEYEDILEDIKEECTKYGVVRSVEIPRPIEGVEVPGCGKVFVEFNSVLDCQKAQQALTGRKFSDRVVVTSYFDPDKYHRREF
RNCMPT00081_RNCMPT.pkl,UNC-75,MGQQQHEMRASSTSSTDSNGFPVKDPDAIKLFVGQIPRNLEEKDLRHLFEQFGKIYEFTILKDKYTGMHKGCAFLTYCHRDSAVRCQATLHDQKTLPGMNRAMQVKPADTDSRPASPKDKMDDKKLFIGMLSKQQSEDEVRALFATFGELDEVTVLRGADGASKGCAFVKYKHGLDAHMAISALHGSQTMPGASSSLVVKYADTEKERQNRRMQQMAAQMGMLNPMLVNQVGMQYNAYQQVLQQQSLAAQTNAMASAAYLPLLQQQTTDPLHVLQLQAAAAAAQAAANPVLSQQTQQQQQQQQQLAAQLQLQSAAAQNPHYALAAQALAQQQAAQQAQAVVAHSHAQVHQHQTAQVTSTASHAQTENPAASSYGSLAAAAAAANYSSLLSGMESQHNAAAALQLAQIQQQAAAALPMVTPREVLGPDGCNLFIYHLPQEFGDAELIQMFAPFGHIVSAKVFVDRATNQSKCFGFVSYDNIHSSQAAITAMNGFQIGMKRLKVQLKRPRNESRPY
RNCMPT00111_RNCMPT.pkl,Vts1p,MSNSSMNPKSLTDPKLLKNIPMWLKSLRLHKYSDALSGTPWIELIYLDDETLEKKGVLALGARRKLLKAFGIVIDYKERDLIDRSA
RNCMPT00082_RNCMPT.pkl,Vts1p,MSNSSMNPKSLTDPKLLKNIPMWLKSLRLHKYSDALSGTPWIELIYLDDETLEKKGVLALGARRKLLKAFGIVIDYKERDLIDRSA
RNCMPT00116_RNCMPT.pkl,YBX1,MSSEAETQQPPAAPPAAPALSAADTKPGTTGSGAGSGGPGGLTSAAPAGGDKKVIATKVLGTVKWFNVRNGYGFINRNDTKEDVFVHQTAIKKNNPRKYLRSVGDGETVEFDVVEGEKGAEAANVTGPGGVPVQGSKYAADRNHYRRYPRRRGPPRNYQQNYQNSESGEKNEGSESAPEGQAQQRRPYRRRRFPPYYMRRPYGRRPQYSNPPVQGEVMEGADNQGAGEQGRPVRQNMYRGYRPRFRRGPPRQRQPREDGNEEDKENQGDETQGQQPPQRRYRRNFNYRRRRPENPKPQDGKETKAADPPAENSSAPEAEQGGAE
RNCMPT00083_RNCMPT.pkl,YBX1,MSSEAETQQPPAAPPAAPALSAADTKPGTTGSGAGSGGPGGLTSAAPAGGDKKVIATKVLGTVKWFNVRNGYGFINRNDTKEDVFVHQTAIKKNNPRKYLRSVGDGETVEFDVVEGEKGAEAANVTGPGGVPVQGSKYAADRNHYRRYPRRRGPPRNYQQNYQNSESGEKNEGSESAPEGQAQQRRPYRRRRFPPYYMRRPYGRRPQYSNPPVQGEVMEGADNQGAGEQGRPVRQNMYRGYRPRFRRGPPRQRQPREDGNEEDKENQGDETQGQQPPQRRYRRNFNYRRRRPENPKPQDGKETKAADPPAENSSAPEAEQGGAE
RNCMPT00084_RNCMPT.pkl,YBX2,MSEVEAAAGATAVPAATVPATAAGVVAVVVPVPAGEPQKGGGAGGGGGAASGPAAGTPSAPGSRTPGNPATAVSGTPAPPARSQADKPVLAIQVLGTVKWFNVRNGYGFINRNDTKEDVFVHQTAIKRNNPRKFLRSVGDGETVEFDVVEGEKGAEATNVTGPGGVPVKGSRYAPNRRKSRRFIPRPPSVAPPPMVAEIPSAGTGPGSKGERAEDSGQRPRRWCPPPFFYRRRFVRGPRPPNQQQPIEGTDRVEPKETAPLEGHQQQGDERVPPPRFRPRYRRPFRPRPRQQPTTEGGDGETKPSQGPADGSRPEPQRPRNRPYFQRRRQQAPGPQQAPGPRQPAAPETSAPVNSGDPTTTILE
RNCMPT00085_RNCMPT.pkl,ZC3H10,MPDRDSYANGTGSSGGGPGGGGSEEASGAGVGSGGASSDAICRDFLRNVCKRGKRCRYRHPDMSEVSNLGVSKNEFIFCHDFQNKECSRPNCRFIHGSKEDEDGYKKTGELPPRLRQKVAAGLGLSPADLPNGKEEVPICRDFLKGDCQRGAKCKFRHLQRDFEFDARGGGGTGGGSTGSVLPGRRHDLYDIYDLPDRGFEDHEPGPKRRRGGCCPPDGPHFESYEYSLAPPRGVECRLLEEENAMLRKRVEELKKQVSNLLATNEVLLEQNAQFRNQAKVITLSSTAPATEQTLAPTVGTVATFNHGIAQTHTTLSSQALQPRPVSQQELVAPAGAPAAPPTNAAPPAAPPPPPPHLTPEITPLSAALAQTIAQGMAPPPVSMAPVAVSVAPVAPVAVSMAQPLAGITMSHTTTPMVTYPIASQSMRITAMPH
RNCMPT00086_RNCMPT.pkl,ZC3H14,MEIGTEISRKIRSAIKGKLQELGAYVDEELPDYIMVMVANKKSQDQMTEDLSLFLGNNTIRFTVWLHGVLDKLRSVTTEPSSLKSSDTNIFDSNVPSNKSNFSRGDERRHEAAVPPLAIPSARPEKRDSRVSTSSQESKTTNVRQTYDDGAATRLMSTVKPLREPAPSEDVIDIKPEPDDLIDEDLNFVQENPLSQKKPTVTLTYGSSRPSIEIYRPPASRNADSGVHLNRLQFQQQQNSIHAAKQLDMQSSWVYETGRLCEPEVLNSLEETYSPFFRNNSEKMSMEDENFRKRKLPVVSSVVKVKKFNHDGEEEEEDDDYGSRTGSISSSVSVPAKPERRPSLPPSKQANKNLILKAISEAQESVTKTTNYSTVPQKQTLPVAPRTRTSQEELLAEVVQGQSRTPRISPPIKEEETKGDSVEKNQGTQQRQLLSRLQIDPVMAETLQMSQDYYDMESMVHADTRSFILKKPKLSEEVVVAPNQESGMKTADSLRVLSGHLMQTRDLVQPDKPASPKFIVTLDGVPSPPGYMSDQEEDMCFEGMKPVNQTAASNKGLRGLLHPQQLHLLSRQLEDPNGSFSNAEMSELSVAQKPEKLLERCKYWPACKNGDECAYHHPISPCKAFPNCKFAEKCLFVHPNCKYDAKCTKPDCPFTHVSRRIPVLSPKPAVAPPAPPSSSQLCRYFPACKKMECPFYHPKHCRFNTQCTRPDCTFYHPTINVPPRHALKWIRPQTSE
RNCMPT00087_RNCMPT.pkl,ZCRB1,MSGGLAPSKSTVYVSNLPFSLTNNDLYRIFSKYGKVVKVTIMKDKDTRKSKGVAFILFLDKDSAQNCTRAINNKQLFGRVIKASIAIDNGRAAEFIRRRNYFDKSKCYECGESGHLSYACPKNMLGEREPPK
RNCMPT00164_RNCMPT.pkl,ZNF638,SDSNLGGHSIRCKSKNLEDDTLSECKQVSDKAVSLQRKLRKEQSLHYGSVLLITELPEDGCTEEDVRKLFQPFGKVNDVLIVPYRKEAYLEMEFKEAITAIMKYIETTPLTIKGKSVKICVPGKKKAQNKEVKKKTLESKKVSASTLKRDADASKAVEIVTSTSAAKTGQAKASVAKVNKSTGKSASSVKSVVTVAVKGNKASIKTAKSGGKKSLEAKKTGNVKNKDSNKPVTIPENSEIKTSIEVKATENCAKEAISDAALEATENEPLNKETEEMCVMLVSNLPNKGYSVEEVYDLAKPFGGLKDILILSSHKKAYIEINRKAAESMVKFYTCFPVLMDGNQLSISMAPENMNIKDEEAIFITLVKENDPEANI
