file_name,protein_name,uniprot_id,sequence
RNCMPT00001_RNCMPT.pkl,A1CF,Q9NQ94,MESNHKSGDGLSGTQKEAALRALVQRTGYSLVQENGQRKYGGPPPGWDAAPPERGCEIFIGKLPRDLFEDELIPLCEKIGKIYEMRMMMDFNGNNRGYAFVTFSNKVEAKNAIKQLNNYEIRNGRLLGVCASVDNCRLFVGGIPKTKKREEILSEMKKVTEGVVDVIVYPSAADKTKNRGFAFVEYESHRAAAMARRKLLPGRIQLWGHGIAVDWAEPEVEVDEDTMSSVKILYVRNLMLSTSEEMIEKEFNNIKPGAVERVKKIRDYAFVHFSNREDAVEAMKALNGKVLDGSPIEVTLAKPVDKDSYVRYTRGTGGRGTMLQGEYTYSLGQVYDPTTTYLGAPVFYAPQTYAAIPSLHFPATKGHLSNRAIIRAPSVREIYMNVPVGAAGVRGLGGRGYLAYTGLGRGYQVKGDKREDKLYDILPGMELTPMNPVTLKPQGIKLAPQILEEICQKNNWGQPVYQLHSAIGQDQRQLFLYKITIPALASQNPAIHPFTPPKLSAFVDEAKTYAAEYTLQTLGIPTDGGDGTMATAAAAATAFPGYAVPNATAPVSAAQLKQAVTLGQDLAAYTTYEVYPTFAVTARGDGYGTF
AGO2.pkl,AGO2,Q9UKV8,MYSGAGPALAPPAPPPPIQGYAFKPPPRPDFGTSGRTIKLQANFFEMDIPKIDIYHYELDIKPEKCPRRVNREIVEHMVQHFKTQIFGDRKPVFDGRKNLYTAMPLPIGRDKVELEVTLPGEGKDRIFKVSIKWVSCVSLQALHDALSGRLPSVPFETIQALDVVMRHLPSMRYTPVGRSFFTASEGCSNPLGGGREVWFGFHQSVRPSLWKMMLNIDVSATAFYKAQPVIEFVCEVLDFKSIEEQQKPLTDSQRVKFTKEIKGLKVEITHCGQMKRKYRVCNVTRRPASHQTFPLQQESGQTVECTVAQYFKDRHKLVLRYPHLPCLQVGQEQKHTYLPLEVCNIVAGQRCIKKLTDNQTSTMIRATARSAPDRQEEISKLMRSASFNTDPYVREFGIMVKDEMTDVTGRVLQPPSILYGGRNKAIATPVQGVWDMRNKQFHTGIEIKVWAIACFAPQRQCTEVHLKSFTEQLRKISRDAGMPIQGQPCFCKYAQGADSVEPMFRHLKNTYAGLQLVVVILPGKTPVYAEVKRVGDTVLGMATQCVQMKNVQRTTPQTLSNLCLKINVKLGGVNNILLPQGRPPVFQQPVIFLGADVTHPPAGDGKKPSIAAVVGSMDAHPNRYCATVRVQQHRQEIIQDLAAMVRELLIQFYKSTRFKPTRIIFYRDGVSEGQFQQVLHHELLAIREACIKLEKDYQPGITFIVVQKRHHTRLFCTDKNERVGKSGNIPAGTTVDTKITHPTEFDFYLCSHAGIQGTSRPSHYHVLWDDNRFSSDELQILTYQLCHTYVRCTRSVSIPAPAYYAHLVAFRARYHLVDKEHDSAEGSHTSGQSNGRDHQALAKAVQVHQDTLRTMYFA
ALKBH5.pkl,ALKBH5,Q6P6C2,MAAASGYTDLREKLKSMTSRDNYKAGSREAAAAAAAAVAAAAAAAAAAEPYPVSGAKRKYQEDSDPERSDYEEQQLQKEEEARKVKSGIRQMRLFSQDECAKIEARIDEVVSRAEKGLYNEHTVDRAPLRNKYFFGEGYTYGAQLQKRGPGQERLYPPGDVDEIPEWVHQLVIQKLVEHRVIPEGFVNSAVINDYQPGGCIVSHVDPIHIFERPIVSVSFFSDSALCFGCKFQFKPIRVSEPVLSLPVRRGSVTVLSGYAADEITHCIRPQDIKERRAVIILRKTRLDAPRLETKSLSSSVLPPSYASDRLSGNNRDPALKPKRSHRKADPDAAHRPRILEMDKEENRRSVLLPTHRRRGSFSSENYWRKSYESSEDCSEAAGSPARKVKMRRH
RNCMPT00002_RNCMPT.pkl,ANKHD1,Q8IWZ3,MLTDSGGGGTSFEEDLDSVAPRSAPAGASEPPPPGGVGLGIRTVRLFGEAGPASGVGSSGGGGSGSGTGGGDAALDFKLAAAVLRTGGGGGASGSDEDEVSEVESFILDQEDLDNPVLKTTSEIFLSSTAEGADLRTVDPETQARLEALLEAAGIGKLSTADGKAFADPEVLRRLTSSVSCALDEAAAALTRMKAENSHNAGQVDTRSLAEACSDGDVNAVRKLLDEGRSVNEHTEEGESLLCLACSAGYYELAQVLLAMHANVEDRGNKGDITPLMAASSGGYLDIVKLLLLHDADVNSQSATGNTALTYACAGGFVDIVKVLLNEGANIEDHNENGHTPLMEAASAGHVEVARVLLDHGAGINTHSNEFKESALTLACYKGHLDMVRFLLEAGADQEHKTDEMHTALMEACMDGHVEVARLLLDSGAQVNMPADSFESPLTLAACGGHVELAALLIERGANLEEVNDEGYTPLMEAAREGHEEMVALLLAQGANINAQTEETQETALTLACCGGFSEVADFLIKAGADIELGCSTPLMEASQEGHLELVKYLLASGANVHATTATGDTALTYACENGHTDVADVLLQAGADLEHESEGGRTPLMKAARAGHLCTVQFLISKGANVNRATANNDHTVVSLACAGGHLAVVELLLAHGADPTHRLKDGSTMLIEAAKGGHTNVVSYLLDYPNNVLSVPTTDVSQLPPPSQDQSQVPRVPTHTLAMVVPPQEPDRTSQENSPALLGVQKGTSKQKSSSLQVADQDLLPSFHPYQPLECIVEETEGKLNELGQRISAIEKAQLKSLELIQGEPLNKDKIEELKKNREEQVQKKKKILKELQKVERQLQMKTQQQFTKEYLETKGQKDTVSLHQQCSHRGVFPEGEGDGSLPEDHFSELPQVDTILFKDNDVDDEQQSPPSAEQIDFVPVQPLSSPQCNFSSDLGSNGTNSLELQKVSGNQQIVGQPQIAITGHDQGLLVQEPDGLMVATPAQTLTDTLDDLIAAVSTRVPTGSNSSSQTTECLTPESCSQTTSNVASQSMPPVYPSVDIDAHTESNHDTALTLACAGGHEELVSVLIARDAKIEHRDKKGFTPLILAATAGHVGVVEILLDKGGDIEAQSERTKDTPLSLACSGGRQEVVDLLLARGANKEHRNVSDYTPLSLAASGGYVNIIKILLNAGAEINSRTGSKLGISPLMLAAMNGHVPAVKLLLDMGSDINAQIETNRNTALTLACFQGRAEVVSLLLDRKANVEHRAKTGLTPLMEAASGGYAEVGRVLLDKGADVNAPPVPSSRDTALTIAADKGHYKFCELLIHRGAHIDVRNKKGNTPLWLASNGGHFDVVQLLVQAGADVDAADNRKITPLMSAFRKGHVKVVQYLVKEVNQFPSDIECMRYIATITDKELLKKCHQCVETIVKAKDQQAAEANKNASILLKELDLEKSREESRKQALAAKREKRKEKRKKKKEEQKRKQEEDEENKPKENSELPEDEDEEENDEDVEQEVPIEPPSATTTTTIGISATSATFTNVFGKKRANVVTTPSTNRKNKKNKTKETPPTAHLILPEQHMSLAQQKADKNKINGEPRGGGAGGNSDSDNLDSTDCNSESSSGGKSQELNFVMDVNSSKYPSLLLHSQEEKTSTATSKTQTRLEGEVTPNSLSTSYKTVSLPLSSPNIKLNLTSPKRGQKREEGWKEVVRRSKKLSVPASVVSRIMGRGGCNITAIQDVTGAHIDVDKQKDKNGERMITIRGGTESTRYAVQLINALIQDPAKELEDLIPKNHIRTPASTKSIHANFSSGVGTTAASSKNAFPLGAPTLVTSQATTLSTFQPANKLNKNVPTNVRSSFPVSLPLAYPHPHFALLAAQTMQQIRHPRLPMAQFGGTFSPSPNTWGPFPVRPVNPGNTNSSPKHNNTSRLPNQNGTVLPSESAGLATASCPITVSSVVAASQQLCVTNTRTPSSVRKQLFACVPKTSPPATVISSVTSTCSSLPSVSSAPITSGQAPTTFLPASTSQAQLSSQKMESFSAVPPTKEKVSTQDQPMANLCTPSSTANSCSSSASNTPGAPETHPSSSPTPTSSNTQEEAQPSSVSDLSPMSMPFASNSEPAPLTLTSPRMVAADNQDTSNLPQLAVPAPRVSHRMQPRGSFYSMVPNATIHQDPQSIFVTNPVTLTPPQGPPAAVQLSSAVNIMNGSQMHINPANKSLPPTFGPATLFNHFSSLFDSSQVPANQGWGDGPLSSRVATDASFTVQSAFLGNSVLGHLENMHPDNSKAPGFRPPSQRVSTSPVGLPSIDPSGSSPSSSSAPLASFSGIPGTRVFLQGPAPVGTPSFNRQHFSPHPWTSASNSSTSAPPTLGQPKGVSASQDRKIPPPIGTERLARIRQGGSVAQAPAGTSFVAPVGHSGIWSFGVNAVSEGLSGWSQSVMGNHPMHQQLSDPSTFSQHQPMERDDSGMVAPSNIFHQPMASGFVDFSKGLPISMYGGTIIPSHPQLADVPGGPLFNGLHNPDPAWNPMIKVIQNSTECTDAQQIWPGTWAPHIGNMHLKYVN
C17ORF85.pkl,C17ORF85,Q53F19,MAAVRGLRVSVKAEAPAGPALGLPSPEAESGVDRGEPEPMEVEEGELEIVPVRRSLKELIPDTSRRYENKAGSFITGIDVTSKEAIEKKEQRAKRFHFRSEVNLAQRNVALDRDMMKKAIPKVRLETIYICGVDEMSTQDVFSYFKEYPPAHIEWLDDTSCNVVWLDEMTATRALINMSSLPAQDKIRSRDASEDKSAEKRKKDKQEDSSDDDEAEEGEVEDENSSDVELDTLSQVEEESLLRNDLRPANKLAKGNRLFMRFATKDDKKELGAARRSQYYMKYGNPNYGGMKGILSNSWKRRYHSRRIQRDVIKKRALIGDDVGLTSYKHRHSGLVNVPEEPIEEEEEEEEEEEEEEEEDQDMDADDRVVVEYHEELPALKQPRERSASRRSSASSSDSDEMDYDLELKMISTPSPKKSMKMTMYADEVESQLKNIRNSMRADSVSSSNIKNRIGNKLPPEKFADVRHLLDEKRQHSRPRPPVSSTKSDIRQRLGKRPHSPEKAFSSNPVVRREPSSDVHSRLGVPRQDSKGLYADTREKKSGNLWTRLGSAPKTKEKNTKKVDHRAPGAEEDDSELQRAWGALIKEKEQSRQKKSRLDNLPSLQIEVSRESSSGSEAES
C22ORF28.pkl,C22ORF28,Q9Y3I0,MSRSYNDELQFLEKINKNCWRIKKGFVPNMQVEGVFYVNDALEKLMFEELRNACRGGGVGGFLPAMKQIGNVAALPGIVHRSIGLPDVHSGYGFAIGNMAAFDMNDPEAVVSPGGVGFDINCGVRLLRTNLDESDVQPVKEQLAQAMFDHIPVGVGSKGVIPMNAKDLEEALEMGVDWSLREGYAWAEDKEHCEEYGRMLQADPNKVSARAKKRGLPQLGTLGAGNHYAEIQVVDEIFNEYAAKKMGIDHKGQVCVMIHSGSRGLGHQVATDALVAMEKAMKRDKIIVNDRQLACARIASPEGQDYLKGMAAAGNYAWVNRSSMTFLTRQAFAKVFNTTPDDLDLHVIYDVSHNIAKVEQHVVDGKERTLLVHRKGSTRAFPPHHPLIAVDYQLTGQPVLIGGTMGTCSYVLTGTEQGMTETFGTTCHGAGRALSRAKSRRNLDFQDVLDKLADMGIAIRVASPKLVMEEAPESYKNVTDVVNTCHDAGISKKAIKLRPIAVIKG
CAPRIN1.pkl,CAPRIN1,Q14444,MPSATSHSGSGSKSSGPPPPSGSSGSEAAAGAGAAAPASQHPATGTGAVQTEAMKQILGVIDKKLRNLEKKKGKLDDYQERMNKGERLNQDQLDAVSKYQEVTNNLEFAKELQRSFMALSQDIQKTIKKTARREQLMREEAEQKRLKTVLELQYVLDKLGDDEVRTDLKQGLNGVPILSEEELSLLDEFYKLVDPERDMSLRLNEQYEHASIHLWDLLEGKEKPVCGTTYKVLKEIVERVFQSNYFDSTHNHQNGLCEEEEAASAPAVEDQVPEAEPEPAEEYTEQSEVESTEYVNRQFMAETQFTSGEKEQVDEWTVETVEVVNSLQQQPQAASPSVPEPHSLTPVAQADPLVRRQRVQDLMAQMQGPYNFIQDSMLDFENQTLDPAIVSAQPMNPTQNMDMPQLVCPPVHSESRLAQPNQVPVQPEATQVPLVSSTSEGYTASQPLYQPSHATEQRPQKEPIDQIQATISLNTDQTTASSSLPAASQPQVFQAGTSKPLHSSGINVNAAPFQSMQTVFNMNAPVPPVNEPETLKQQNQYQASYNQSFSSQPHQVEQTELQQEQLQTVVGTYHGSPDQSHQVTGNHQQPPQQNTGFPRSNQPYYNSRGVSRGGSRGARGLMNGYRGPANGFRGGYDGYRPSFSNTPNSGYTQSQFSAPRDYSGYQRDGYQQNFKRGSGQSGPRGAPRGRGGPPRPNRGMPQMNTQQVN
RNCMPT00004_RNCMPT.pkl,CELF4,Q9BZC1,MYIKMATLANGQADNASLSTNGLGSSPGSAGHMNGLSHSPGNPSTIPMKDHDAIKLFIGQIPRNLDEKDLKPLFEEFGKIYELTVLKDRFTGMHKGCAFLTYCERESALKAQSALHEQKTLPGMNRPIQVKPADSESRGGSSCLRQPPSQDRKLFVGMLNKQQSEDDVRRLFEAFGNIEECTILRGPDGNSKGCAFVKYSSHAEAQAAINALHGSQTMPGASSSLVVKFADTDKERTMRRMQQMAGQMGMFNPMAIPFGAYGAYAQALMQQQAALMASVAQGGYLNPMAAFAAAQMQQMAALNMNGLAAAPMTPTSGGSTPPGITAPAVPSIPSPIGVNGFTGLPPQANGQPAAEAVFANGIHPYPAQSPTAADPLQQAYAGVQQYAGPAAYPAAYGQISQAFPQPPPMIPQQQREGPEGCNLFIYHLPQEFGDAELMQMFLPFGFVSFDNPASAQTAIQAMNGFQIGMKRLKVQLKRPKDANRPY
RNCMPT00166_RNCMPT.pkl,CELF5,Q8N6W0,MARLTESEARRQQQQLLQPRPSPVGSSGPEPPGGQPDGMKDLDAIKLFVGQIPRHLDEKDLKPLFEQFGRIYELTVLKDPYTGMHKGCAFLTYCARDSAIKAQTALHEQKTLPGMARPIQVKPADSESRGGRDRKLFVGMLNKQQSEEDVLRLFQPFGVIDECTVLRGPDGSSKGCAFVKFSSHTEAQAAIHALHGSQTMPGASSSLVVKFADTDKERTLRRMQQMVGQLGILTPSLTLPFSPYSAYAQALMQQQTTVLSTSGSYLSPGVAFSPCHIQQIGAVSLNGLPATPIAPASGLHSPPLLGTTAVPGLVAPITNGFAGVVPFPGGHPALETVYANGLVPYPAQSPTVAETLHPAFSGVQQYTAMYPTAAITPIAHSVPQPPPLLQQQQREGPEGCNLFIYHLPQEFGDTELTQMFLPFGNIISSKVFMDRATNQSKCFGFVSFDNPASAQAAIQAMNGFQIGMKRLKVQLKRPKDPGHPY
RNCMPT00187_RNCMPT.pkl,CELF6,Q96J87,MAAAPGGSAQPAGPGPRLGFSTADSGVGMSGLNPGPAVPMKDHDAIKLFVGQIPRGLDEQDLKPLFEEFGRIYELTVLKDRLTGLHKGCAFLTYCARDSALKAQSALHEQKTLPGMNRPIQVKPAASEGRGEDRKLFVGMLGKQQGEEDVRRLFQPFGHIEECTVLRSPDGTSKGCAFVKFGSQGEAQAAIRGLHGSRTMAGASSSLVVKLADTDRERALRRMQQMAGHLGAFHPAPLPLGACGAYTTAILQHQAALLAAAQGPGLGPVAAVAAQMQHVAAFSLVAAPLLPAAAANSPPGSGPGTLPGLPAPIGVNGFGPLTPQTNGQPGSDTLYNNGLSPYPAQSPGVADPLQQAYAGMHHYAAAYPSAYAPVSTAFPQQPSALPQQQREGPEGCNLFIYHLPQEFGDAELIQTFLPFGAVVSAKVFVDRATNQSKCFGFVSFDNPTSAQTAIQAMNGFQIGMKRLKVQLKRPKDANRPY
RNCMPT00156_RNCMPT.pkl,CNOT4,O95628,MSRSPDAKEDPVECPLCMEPLEIDDINFFPCTCGYQICRFCWHRIRTDENGLCPACRKPYPEDPAVYKPLSQEELQRIKNEKKQKQNERKQKISENRKHLASVRVVQKNLVFVVGLSQRLADPEVLKRPEYFGKFGKIHKVVINNSTSYAGSQGPSASAYVTYIRSEDALRAIQCVNNVVVDGRTLKASLGTTKYCSYFLKNMQCPKPDCMYLHELGDEAASFTKEEMQAGKHQEYEQKLLQELYKLNPNFLQLSTGSVDKNKNKVTPLQRYDTPIDKPSDSLSIGNGDNSQQISNSDTPSPPPGLSKSNPVIPISSSNHSARSPFEGAVTESQSLFSDNFRHPNPIPSGLPPFPSSPQTSSDWPTAPEPQSLFTSETIPVSSSTDWQAAFGFGSSKQPEDDLGFDPFDVTRKALADLIEKELSVQDQPSLSPTSLQNSSSHTTTAKGPGSGFLHPAAATNANSLNSTFSVLPQRFPQFQQHRAVYNSFSFPGQAARYPWMAFPRNSIMHLNHTANPTSNSNFLDLNLPPQHNTGLGGIPVAGEEEVKVSTMPLSTSSHSLQQGQQPTSLHTTVA
RNCMPT00012_RNCMPT.pkl,CPEB2,Q7Z5Q1,MPPPSPDSENGFYPGLPSSMNPAFFPSFSPVSPHGCTGLSVPTSGGGGGGFGGPFSATAVPPPPPPAMNIPQQQPPPPAAPQQPQSRRSPVSPQLQQQHQAAAAAFLQQRNSYNHHQPLLKQSPWSNHQSSGWGTGSMSWGAMHGRDHRRTGNMGIPGTMNQISPLKKPFSGNVIAPPKFTRSTPSLTPKSWIEDNVFRTDNNSNTLLPLQVRSSLQLPAWGSDSLQDSWCTAAGTSRIDQDRSRMYDSLNMHSLENSLIDIMRAEHDPLKGRLSYPHPGTDNLLMLNGRSSLFPIDDGLLDDGHSDQVGVLNSPTCYSAHQNGERIERFSRKVFVGGLPPDIDEDEITASFRRFGPLVVDWPHKAESKSYFPPKGYAFLLFQEESSVQALIDACIEEDGKLYLCVSSPTIKDKPVQIRPWNLSDSDFVMDGSQPLDPRKTIFVGGVPRPLRAVELAMIMDRLYGGVCYAGIDTDPELKYPKGAGRVAFSNQQSYIAAISARFVQLQHGDIDKRVEVKPYVLDDQMCDECQGARCGGKFAPFFCANVTCLQYYCEFCWANIHSRAGREFHKPLVKEGADRPRQIHFRWN
RNCMPT00158_RNCMPT.pkl,CPEB4,Q17RY0,MGDYGFGVLVQSNTGNKSAFPVRFHPHLQPPHHHQNATPSPAAFINNNTAANGSSAGSAWLFPAPATHNIQDEILGSEKAKSQQQEQQDPLEKQQLSPSPGQEAGILPETEKAKSEENQGDNSSENGNGKEKIRIESPVLTGFDYQEATGLGTSTQPLTSSASSLTGFSNWSAAIAPSSSTIINEDASFFHQGGVPAASANNGALLFQNFPHHVSPGFGGSFSPQIGPLSQHHPHHPHFQHHHSQHQQQRRSPASPHPPPFTHRNAAFNQLPHLANNLNKPPSPWSSYQSPSPTPSSSWSPGGGGYGGWGGSQGRDHRRGLNGGITPLNSISPLKKNFASNHIQLQKYARPSSAFAPKSWMEDSLNRADNIFPFPDRPRTFDMHSLESSLIDIMRAENDTIKGRLNYSYPGSDSSLLINARTYGRRRGQSSLFPMEDGFLDDGRGDQPLHSGLGSPHCFSHQNGERVERYSRKVFVGGLPPDIDEDEITASFRRFGPLIVDWPHKAESKSYFPPKGYAFLLFQDESSVQALIDACIEEDGKLYLCVSSPTIKDKPVQIRPWNLSDSDFVMDGSQPLDPRKTIFVGGVPRPLRAVELAMIMDRLYGGVCYAGIDTDPELKYPKGAGRVAFSNQQSYIAAISARFVQLQHGEIDKRVEVKPYVLDDQLCDECQGARCGGKFAPFFCANVTCLQYYCEYCWAAIHSRAGREFHKPLVKEGGDRPRHISFRWN
RNCMPT00013_RNCMPT.pkl,DAZAP1,Q96EP5,MNNSGADEIGKLFVGGLDWSTTQETLRSYFSQYGEVVDCVIMKDKTTNQSRGFGFVKFKDPNCVGTVLASRPHTLDGRNIDPKPCTPRGMQPERTRPKEGWQKGPRSDNSKSNKIFVGGIPHNCGETELREYFKKFGVVTEVVMIYDAEKQRPRGFGFITFEDEQSVDQAVNMHFHDIMGKKVEVKRAEPRDSKSQAPGQPGASQWGSRVVPNAANGWAGQPPPTWQQGYGPQGMWVPAGQAIGGYGPPPAGRGAPPPPPPFTSYIVSTPPGGFPPPQGFPQGYGAPPQFSFGYGPPPPPPDQFAPPGVPPPPATPGAAPLAFPPPPSQAAPDMSKPPTAQPDFPYGQYAGYGQDLSGFGQGFSDPSQQPPSYGGPSVPGSGGPPAGGSGFGRGQNHNVQGFHPYRR
ELAVL1.pkl,ELAVL1,Q15717,MSNGYEDHMAEDCRGDIGRTNLIVNYLPQNMTQDELRSLFSSIGEVESAKLIRDKVAGHSLGYGFVNYVTAKDAERAINTLNGLRLQSKTIKVSYARPSSEVIKDANLYISGLPRTMTQKDVEDMFSRFGRIINSRVLVDQTTGLSRGVAFIRFDKRSEAEEAITSFNGHKPPGSSEPITVKFAANPNQNKNVALLSQLYHSPARRFGGPVHHQAQRFRFSPMGVDHMSGLSGVNVPGNASSGWCIFIYNLGQDADEGILWQMFGPFGAVTNVKVIRDFNTNKCKGFGFVTMTNYEEAAMAIASLNGYRLGDKILQVSFKTNKSHK
RNCMPT00149_RNCMPT.pkl,ENOX1,Q8TC92,MVDAGGVENITQLPQELPQMMAAAADGLGSIAIDTTQLNMSVTDPTAWATAMNNLGMVPVGLPGQQLVSDSICVPGFDPSLNMMTGITPINPMIPGLGLVPPPPPTEVAVVKEIIHCKSCTLFPQNPNLPPPSTRERPPGCKTVFVGGLPENATEEIIQEVFEQCGDITAIRKSKKNFCHIRFAEEFMVDKAIYLSGYRMRLGSSTDKKDSGRLHVDFAQARDDFYEWECKQRMRAREERHRRKLEEDRLRPPSPPAIMHYSEHEAALLAEKLKDDSKFSEAITVLLSWIERGEVNRRSANQFYSMVQSANSHVRRLMNEKATHEQEMEEAKENFKNALTGILTQFEQIVAVFNASTRQKAWDHFSKAQRKNIDIWRKHSEELRNAQSEQLMGIRREEEMEMSDDENCDSPTKKMRVDESALAAQAYALKEENDSLRWQLDAYRNEVELLKQEKEQLFRTEENLTKDQQLQFLQQTMQGMQQQLLTIQEELNNKKSELEQAKEEQSHTQALLKVLQEQLKGTKELVETNGHSHEDSNEINVLTVALVNQDRENNIEKRSQGLKSEKEALLIGIISTFLHVHPFGANIEYLWSYMQQLDSKISANEIEMLLMRLPRMFKQEFTGVGATLEKRWKLCAFEGIKTT
RNCMPT00150_RNCMPT.pkl,ESRP2,Q9H6T0,MTPPPPPPPPPGPDPAADPAADPCPWPGSLVVLFGATAGALGRDLGSDETDLILLVWQVVEPRSRQVGTLHKSLVRAEAAALSTQCREASGLSADSLARAEPLDKVLQQFSQLVNGDVALLGGGPYMLCTDGQQLLRQVLHPEASRKNLVLPDMFFSFYDLRREFHMQHPSTCPARDLTVATMAQGLGLETDATEDDFGVWEVKTMVAVILHLLKEPSSQLFSKPEVIKQKYETGPCSDSTVPCPYSSKADVVDSETVVRARGLPWQSSDQDVARFFKGLNVARGGVALCLNAQGRRNGEALIRFVDSEQRDLALQRHKHHMGVRYIEVYKATGEEFVKIAGGTSLEVARFLSREDQVILRLRGLPFSAGPTDVLGFLGPECPVTGGTEGLLFVRHPDGRPTGDAFALFACEELAQAALRRHKGMLGKRYIELFRSTAAEVQQVLNRYASGPLLPTLTAPLLPIPFPLAPGTGRDCVRLRGLPYTATIEDILSFLGEAAADIRPHGVHMVLNQQGRPSGDAFIQMTSAERALAAAQRCHKKVMKERYVEVVPCSTEEMSRVLMGGTLGRSGMSPPPCKLPCLSPPTYTTFQATPTLIPTETAALYPSSALLPAARVPAAPTPVAYYPGPATQLYLNYTAYYPSPPVSPTTVGYLTTPTAALASAPTSVLSQSGALVRMQGVPYTAGMKDLLSVFQAYQLPADDYTSLMPVGDPPRTVLQAPKEWVCL
EWSR1.pkl,EWSR1,Q01844,MASTDYSTYSQAAAQQGYSAYTAQPTQGYAQTTQAYGQQSYGTYGQPTDVSYTQAQTTATYGQTAYATSYGQPPTGYTTPTAPQAYSQPVQGYGTGAYDTTTATVTTTQASYAAQSAYGTQPAYPAYGQQPAATAPTRPQDGNKPTETSQPQSSTGGYNQPSLGYGQSNYSYPQVPGSYPMQPVTAPPSYPPTSYSSTQPTSYDQSSYSQQNTYGQPSSYGQQSSYGQQSSYGQQPPTSYPPQTGSYSQAPSQYSQQSSSYGQQSSFRQDHPSSMGVYGQESGGFSGPGENRSMSGPDNRGRGRGGFDRGGMSRGGRGGGRGGMGSAGERGGFNKPGGPMDEGPDLDLGPPVDPDEDSDNSAIYVQGLNDSVTLDDLADFFKQCGVVKMNKRTGQPMIHIYLDKETGKPKGDATVSYEDPPTAKAAVEWFDGKDFQGSKLKVSLARKKPPMNSMRGGLPPREGRGMPPPLRGGPGGPGGPGGPMGRMGGRGGDRGGFPPRGPRGSRGNPSGGGNVQHRAGDWQCPNPGCGNQNFAWRTECNQCKAPKPEGFLPPPFPPPGGDRGRGGPGGMRGGRGGLMDRGGPGGMFRGGRGGDRGGFRGGRGMDRGGFGGGRRGGPGGPPGPLMEQMGGRRGGRGGPGKMDKGEHRQERRDRPY
RNCMPT00016_RNCMPT.pkl,FMR1,Q06787,MEELVVEVRGSNGAFYKAFVKDVHEDSITVAFENNWQPDRQIPFHDVRFPPPVGYNKDINESDEVEVYSRANEKEPCCWWLAKVRMIKGEFYVIEYAACDATYNEIVTIERLRSVNPNKPATKDTFHKIKLDVPEDLRQMCAKEAAHKDFKKAVGAFSVTYDPENYQLVILSINEVTSKRAHMLIDMHFRSLRTKLSLIMRNEEASKQLESSRQLASRFHEQFIVREDLMGLAIGTHGANIQQARKVPGVTAIDLDEDTCTFHIYGEDQDAVKKARSFLEFAEDVIQVPRNLVGKVIGKNGKLIQEIVDKSGVVRVRIEAENEKNVPQEEEIMPPNSLPSNNSRVGPNAPEEKKHLDIKENSTHFSQPNSTKVQRVLVASSVVAGESQKPELKAWQGMVPFVFVGTKDSIANATVLLDYHLNYLKEVDQLRLERLQIDEQLRQIGASSRPPPNRTDKEKSYVTDDGQGMGRGSRPYRNRGHGRRGPGYTSGTNSEASNASETESDHRDELSDWSLAPTEEERESFLRRGDGRRRGGGGRGQGGRGRGGGFKGNDDHSRTDNRPRNPREAKGRTTDGSLQIRVDCNNERSVHTKTLQNTSSEGSRLRTGKDRNQKKEKPDSVDGQQPLVNGVP
FUBP3_ENCODE-HepG2.pkl,FUBP3,Q96I24,MAELVQGQSAPVGMKAEGFVDALHRVRQIAAKIDSIPHLNNSTPLVDPSVYGYGVQKRPLDDGVGNQLGALVHQRTVITEEFKVPDKMVGFIIGRGGEQISRIQAESGCKIQIASESSGIPERPCVLTGTPESIEQAKRLLGQIVDRCRNGPGFHNDIDSNSTIQEILIPASKVGLVIGRGGETIKQLQERTGVKMVMIQDGPLPTGADKPLRITGDAFKVQQAREMVLEIIREKDQADFRGVRGDFNSRMGGGSIEVSVPRFAVGIVIGRNGEMIKKIQNDAGVRIQFKPDDGISPERAAQVMGPPDRCQHAAHIISELILTAQERDGFGGLAAARGRGRGRGDWSVGAPGGVQEITYTVPADKCGLVIGKGGENIKSINQQSGAHVELQRNPPPNSDPNLRRFTIRGVPQQIEVARQLIDEKVGGTNLGAPGAFGQSPFSQPPAPPHQNTFPPRSSGCFPNMAAKVNGNPHSTPVSGPPAFLTQGWGSTYQAWQQPTQQVPSQQSQPQSSQPNYSKAWEDYYKKQSHAASAAPQASSPPDYTMAWAEYYRQQVAFYGQTLGQAQAHSQEQ
FUS.pkl,FUS,P35637,MASNDYTQQATQSYGAYPTQPGQGYSQQSSQPYGQQSYSGYSQSTDTSGYGQSSYSSYGQSQNTGYGTQSTPQGYGSTGGYGSSQSSQSSYGQQSSYPGYGQQPAPSSTSGSYGSSSQSSSYGQPQSGSYSQQPSYGGQQQSYGQQQSYNPPQGYGQQNQYNSSSGGGGGGGGGGNYGQDQSSMSSGGGSGGGYGNQDQSGGGGSGGYGQQDRGGRGRGGSGGGGGGGGGGYNRSSGGYEPRGRGGGRGGRGGMGGSDRGGFNKFGGPRDQGSRHDSEQDNSDNNTIFVQGLGENVTIESVADYFKQIGIIKTNKKTGQPMINLYTDRETGKLKGEATVSFDDPPSAKAAIDWFDGKEFSGNPIKVSFATRRADFNRGGGNGRGGRGRGGPMGRGGYGGGGSGGGGRGGFPSGGGGGGGQQRAGDWKCPNPTCENMNFSWRNECNQCKAPKPDGPGGGPGGSHMGGNYGDDRRGGRGGYDRGGYRGRGGDRGGFRGGRGGGDRGGFGPGKMDSRGEHRQDRRERPY
RNCMPT00161_RNCMPT.pkl,FXR1,P51114,MAELTVEVRGSNGAFYKGFIKDVHEDSLTVVFENNWQPERQVPFNEVRLPPPPDIKKEISEGDEVEVYSRANDQEPCGWWLAKVRMMKGEFYVIEYAACDATYNEIVTFERLRPVNQNKTVKKNTFFKCTVDVPEDLREACANENAHKDFKKAVGACRIFYHPETTQLMILSASEATVKRVNILSDMHLRSIRTKLMLMSRNEEATKHLECTKQLAAAFHEEFVVREDLMGLAIGTHGSNIQQARKVPGVTAIELDEDTGTFRIYGESADAVKKARGFLEFVEDFIQVPRNLVGKVIGKNGKVIQEIVDKSGVVRVRIEGDNENKLPREDGMVPFVFVGTKESIGNVQVLLEYHIAYLKEVEQLRMERLQIDEQLRQIGSRSYSGRGRGRRGPNYTSGYGTNSELSNPSETESERKDELSDWSLAGEDDRDSRHQRDSRRRPGGRGRSVSGGRGRGGPRGGKSSISSVLKDPDSNPYSLLDNTESDQTADTDASESHHSTNRRRRSRRRRTDEDAVLMDGMTESDTASVNENGLVTVADYISRAESQSRQRNLPRETLAKNKKEMAKDVIEEHGPSEKAINGPTSASGDDISKLQRTPGEEKINTLKEENTQEAAVLNGVS
RNCMPT00020_RNCMPT.pkl,FXR2,P51116,MGGLASGGDVEPGLPVEVRGSNGAFYKGFVKDVHEDSVTIFFENNWQSERQIPFGDVRLPPPADYNKEITEGDEVEVYSRANEQEPCGWWLARVRMMKGDFYVIEYAACDATYNEIVTLERLRPVNPNPLATKGSFFKVTMAVPEDLREACSNENVHKEFKKALGANCIFLNITNSELFILSTTEAPVKRASLLGDMHFRSLRTKLLLMSRNEEATKHLETSKQLAAAFQEEFTVREDLMGLAIGTHGANIQQARKVPGVTAIELGEETCTFRIYGETPEACRQARSYLEFSEDSVQVPRNLVGKVIGKNGKVIQEIVDKSGVVRVRVEGDNDKKNPREEGMVPFIFVGTRENISNAQALLEYHLSYLQEVEQLRLERLQIDEQLRQIGLGFRPPGSGRGSGGSDKAGYSTDESSSSSLHATRTYGGSYGGRGRGRRTGGPAYGPSSDVSTASETESEKREEPNRAGPGDRDPPTRGEESRRRPTGGRGRGPPPAPRPTSRYNSSSISSVLKDPDSNPYSLLDTSEPEPPVDSEPGEPPPASARRRRSRRRRTDEDRTVMDGGLESDGPNMTENGLEDESRPQRRNRSRRRRNRGNRTDGSISGDRQPVTVADYISRAESQSRQRPPLERTKPSEDSLSGQKGDSVSKLPKGPSENGELSAPLELGSMVNGVS
G3BP1_ENCODE-HepG2.pkl,G3BP1,Q13283,MVMEKPSPLLVGREFVRQYYTLLNQAPDMLHRFYGKNSSYVHGGLDSNGKPADAVYGQKEIHRKVMSQNFTNCHTKIRHVDAHATLNDGVVVQVMGLLSNNNQALRRFMQTFVLAPEGSVANKFYVHNDIFRYQDEVFGGFVTEPQEESEEEVEEPEERQQTPEVVPDDSGTFYDQAVVSNDMEEHLEEPVAEPEPDPEPEPEQEPVSEIQEEKPEPVLEETAPEDAQKSSSPAPADIAQTVQEDLRTFSWASVTSKNLPPSGAVPVTGIPPHVVKVPASQPRPESKPESQIPPQRPQRDQRVREQRINIPPQRGPRPIREAGEQGDIEPRRMVRHPDSHQLFIGNLPHEVDKSELKDFFQSYGNVVELRINSGGKLPNFGFVVFDDSEPVQKVLSNRPIMFRGEVRLNVEEKKTRAAREGDRRDNRLRGPGGPRGGLGGGMRGPPRGGMVQKPGFGVGRGLAPRQ
RNCMPT00021_RNCMPT.pkl,G3BP2,Q9UN86,MVMEKPSPLLVGREFVRQYYTLLNKAPEYLHRFYGRNSSYVHGGVDASGKPQEAVYGQNDIHHKVLSLNFSECHTKIRHVDAHATLSDGVVVQVMGLLSNSGQPERKFMQTFVLAPEGSVPNKFYVHNDMFRYEDEVFGDSEPELDEESEDEVEEEQEERQPSPEPVQENANSGYYEAHPVTNGIEEPLEESSHEPEPEPESETKTEELKPQVEEKNLEELEEKSTTPPPAEPVSLPQEPPKAFSWASVTSKNLPPSGTVSSSGIPPHVKAPVSQPRVEAKPEVQSQPPRVREQRPRERPGFPPRGPRPGRGDMEQNDSDNRRIIRYPDSHQLFVGNLPHDIDENELKEFFMSFGNVVELRINTKGVGGKLPNFGFVVFDDSEPVQRILIAKPIMFRGEVRLNVEEKKTRAARERETRGGGDDRRDIRRNDRGPGGPRGIVGGGMMRDRDGRGPPPRGGMAQKLGSGRGTGQMEGRFTGQRR
GRSF1_ENCODE-HepG2.pkl,GRSF1,Q12849,MAGTRWVLGALLRGCGCNCSSCRRTGAACLPFYSAAGSIPSGVSGRRRLLLLLGAAAAAASQTRGLQTGPVPPGRLAGPPAVATSAAAAAAASYSALRASLLPQSLAAAAAVPTRSYSQESKTTYLEDLPPPPEYELAPSKLEEEVDDVFLIRAQGLPWSCTMEDVLNFFSDCRIRNGENGIHFLLNRDGKRRGDALIEMESEQDVQKALEKHRMYMGQRYVEVYEINNEDVDALMKSLQVKSSPVVNDGVVRLRGLPYSCNEKDIVDFFAGLNIVDITFVMDYRGRRKTGEAYVQFEEPEMANQALLKHREEIGNRYIEIFPSRRNEVRTHVGSYKGKKIASFPTAKYITEPEMVFEEHEVNEDIQPMTAFESEKEIELPKEVPEKLPEAADFGTTSSLHFVHMRGLPFQANAQDIINFFAPLKPVRITMEYSSSGKATGEADVHFETHEDAVAAMLKDRSHVHHRYIELFLNSCPKGK
hnRNPA1.pkl,HNRNPA1,P09651,MSKSESPKEPEQLRKLFIGGLSFETTDESLRSHFEQWGTLTDCVVMRDPNTKRSRGFGFVTYATVEEVDAAMNARPHKVDGRVVEPKRAVSREDSQRPGAHLTVKKIFVGGIKEDTEEHHLRDYFEQYGKIEVIEIMTDRGSGKKRGFAFVTFDDHDSVDKIVIQKYHTVNGHNCEVRKALSKQEMASASSSQRGRSGSGNFGGGRGGGFGGNDNFGRGGNFSGRGGFGGSRGGGGYGGSGDGYNGFGNDGGYGGGGPGYSGGSRGYGSGGQGYGNQGSGYGGSGSYDSYNNGGGGGFGGGSGSNFGGGGSYNDFGNYNNQSSNFGPMKGGNFGGRSSGPYGGGGQYFAKPRNQGGYGGSSSSSSYGSGRRF
RNCMPT00023_RNCMPT.pkl,HNRNPA1L2,Q32P51,MSKSASPKEPEQLRKLFIGGLSFETTDESLRSHFEQWGTLTDCVVMRDPNTKRSRGFGFVTYATVEEVDAAMNTTPHKVDGRVVEPKRAVSREDSQRPGAHLTVKKIFVGGIKEDTEEHHLRDYFEQYGKIEVIEIMTDRGSGKKRGFAFVTFDDHDSVDKIVIQKYHTVKGHNCEVRKALPKQEMASASSSQRGRRGSGNFGGGRGDGFGGNDNFGRGGNFSGRGGFGGSCGGGGYGGSGDGYNGFGNDGSNFGGGGSYNDFGNYNNQSSNFGPMKGGNFGGRSSGPYGGGGQYFAKPQNQGGYGVSSSSSSYGSGRRF
RNCMPT00024_RNCMPT.pkl,HNRNPA2B1,P22626,MEKTLETVPLERKKREKEQFRKLFIGGLSFETTEESLRNYYEQWGKLTDCVVMRDPASKRSRGFGFVTFSSMAEVDAAMAARPHSIDGRVVEPKRAVAREESGKPGAHVTVKKLFVGGIKEDTEEHHLRDYFEEYGKIDTIEIITDRQSGKKRGFGFVTFDDHDPVDKIVLQKYHTINGHNAEVRKALSRQEMQEVQSSRSGRGGNFGFGDSRGGGGNFGPGPGSNFRGGSDGYGSGRGFGDGYNGYGGGPGGGNFGGSPGYGGGRGGYGGGGPGYGNQGGGYGGGYDNYGGGNYGSGNYNDFGNYNQQPSNYGPMKSGNFGGSRNMGGPYGGGNYGPGGSGGSGGYGGRSRY
RNCMPT00025_RNCMPT.pkl,HNRNPC,P07910,MASNVTNKTDPRSMNSRVFIGNLNTLVVKKSDVEAIFSKYGKIVGCSVHKGFAFVQYVNERNARAAVAGEDGRMIAGQVLDINLAAEPKVNRGKAGVKRSAAEMYGSVTEHPSPSPLLSSSFDLDYDFQRDYYDRMYSYPARVPPPPPIARAVVPSKRQRVSGNTSRRGKSGFNSKSGQRGSSKSGKLKGDDLQAIKKELTQIKQKVDSLLENLEKIEKEQSKQAVEMKNDKSEEEQSSSSVKKDETNVKMESEGGADDSAEEGDLLDDDDNEDRGDDQLELIKDDEKEAEEGEDDRDSANGEDDS
RNCMPT00167_RNCMPT.pkl,HNRNPCL1,O60812,MASNVTNKMDPHSMNSRVFIGNLNTLVVKKSDVEAIFSKYGKIAGCSVHKGFAFVQYDKEKNARAAVAGEDGRMIASQVVDINLAAEPKVNRGNAGVKRSAAEMYGSSFDLDYGFQRDYYDGMYSFPARVPPPPPIALAVVPSKRQRLSGNTSRRGKSGFNSKSGKRGSSKSGKLKGDDLQAIKQELTQIKQKVDSLLENLEKIEKEQSKQEVEVKNAKSEEEQSSSSMKKDETHVKMESEGGAEDSAEEGDPLDDDVNEDQGDDQLELIKDDEKEAEEGEDDRDSTNGQDDS
RNCMPT00160_RNCMPT.pkl,HNRNPH2,P55795,MMLSTEGREGFVVKVRGLPWSCSADEVMRFFSDCKIQNGTSGIRFIYTREGRPSGEAFVELESEEEVKLALKKDRETMGHRYVEVFKSNSVEMDWVLKHTGPNSPDTANDGFVRLRGLPFGCSKEEIVQFFSGLEIVPNGMTLPVDFQGRSTGEAFVQFASQEIAEKALKKHKERIGHRYIEIFKSSRAEVRTHYDPPRKLMAMQRPGPYDRPGAGRGYNSIGRGAGFERMRRGAYGGGYGGYDDYGGYNDGYGFGSDRFGRDLNYCFSGMSDHRYGDGGSSFQSTTGHCVHMRGLPYRATENDIYNFFSPLNPMRVHIEIGPDGRVTGEADVEFATHEDAVAAMAKDKANMQHRYVELFLNSTAGTSGGAYDHSYVELFLNSTAGASGGAYGSQMMGGMGLSNQSSYGGPASQQLSGGYGGGYGGQSSMSGYDQVLQENSSDYQSNLA
HNRNPK_ENCODE-HepG2.pkl,HNRNPK,P61978,METEQPEETFPNTETNGEFGKRPAEDMEEEQAFKRSRNTDEMVELRILLQSKNAGAVIGKGGKNIKALRTDYNASVSVPDSSGPERILSISADIETIGEILKKIIPTLEEGLQLPSPTATSQLPLESDAVECLNYQHYKGSDFDCELRLLIHQSLAGGIIGVKGAKIKELRENTQTTIKLFQECCPHSTDRVVLIGGKPDRVVECIKIILDLISESPIKGRAQPYDPNFYDETYDYGGFTMMFDDRRGRPVGFPMRGRGGFDRMPPGRGGRPMPPSRRDYDDMSPRRGPPPPPPGRGGRGGSRARNLPLPPPPPPRGGDLMAYDRRGRPGDRYDGMVGFSADETWDSAIDTWSPSEWQMAYEPQGGSGYDYSYAGGRGSYGDLGGPIITTQVTIPKDLAGSIIGKGGQRIKQIRHESGASIKIDEPLEGSEDRIITITGTQDQIQNAQYLLQNSVKQYSGKFF
RNCMPT00027_RNCMPT.pkl,HNRNPL,P14866,MSRRLLPRAEKRRRRLEQRQQPDEQRRRSGAMVKMAAAGGGGGGGRYYGGGSEGGRAPKRLKTDNAGDQHGGGGGGGGGAGAAGGGGGGENYDDPHKTPASPVVHIRGLIDGVVEADLVEALQEFGPISYVVVMPKKRQALVEFEDVLGACNAVNYAADNQIYIAGHPAFVNYSTSQKISRPGDSDDSRSVNSVLLFTILNPIYSITTDVLYTICNPCGPVQRIVIFRKNGVQAMVEFDSVQSAQRAKASLNGADIYSGCCTLKIEYAKPTRLNVFKNDQDTWDYTNPNLSGQGDPGSNPNKRQRQPPLLGDHPAEYGGPHGGYHSHYHDEGYGPPPPHYEGRRMGPPVGGHRRGPSRYGPQYGHPPPPPPPPEYGPHADSPVLMVYGLDQSKMNCDRVFNVFCLYGNVEKVKFMKSKPGAAMVEMADGYAVDRAITHLNNNFMFGQKLNVCVSKQPAIMPGQSYGLEDGSCSYKDFSESRNNRFSTPEQAAKNRIQHPSNVLHFFNAPLEVTEENFFEICDELGVKRPSSVKVFSGKSERSSSGLLEWESKSDALETLGFLNHYQMKNPNGPYPYTLKLCFSTAQHAS
RNCMPT00178_RNCMPT.pkl,HNRNPLL,Q8WVV9,MSSSSSSPRETYEEDREYESQAKRLKTEEGEIDYSAEEGENRREATPRGGGDGGGGGRSFSQPEAGGSHHKVSVSPVVHVRGLCESVVEADLVEALEKFGTICYVMMMPFKRQALVEFENIDSAKECVTFAADEPVYIAGQQAFFNYSTSKRITRPGNTDDPSGGNKVLLLSIQNPLYPITVDVLYTVCNPVGKVQRIVIFKRNGIQAMVEFESVLCAQKAKAALNGADIYAGCCTLKIEYARPTRLNVIRNDNDSWDYTKPYLGRRDRGKGRQRQAILGEHPSSFRHDGYGSHGPLLPLPSRYRMGSRDTPELVAYPLPQASSSYMHGGNPSGSVVMVSGLHQLKMNCSRVFNLFCLYGNIEKVKFMKTIPGTALVEMGDEYAVERAVTHLNNVKLFGKRLNVCVSKQHSVVPSQIFELEDGTSSYKDFAMSKNNRFTSAGQASKNIIQPPSCVLHYYNVPLCVTEETFTKLCNDHEVLTFIKYKVFDAKPSAKTLSGLLEWECKTDAVEALTALNHYQIRVPNGSNPYTLKLCFSTSSHL
HNRNPM_ENCODE-HepG2.pkl,HNRNPM,P52272,MAAGVEAAAEVAATEIKMEEESGAPGVPSGNGAPGPKGEGERPAQNEKRKEKNIKRGGNRFEPYANPTKRYRAFITNIPFDVKWQSLKDLVKEKVGEVTYVELLMDAEGKSRGCAVVEFKMEESMKKAAEVLNKHSLSGRPLKVKEDPDGEHARRAMQKVMATTGGMGMGPGGPGMITIPPSILNNPNIPNEIIHALQAGRLGSTVFVANLDYKVGWKKLKEVFSMAGVVVRADILEDKDGKSRGIGTVTFEQSIEAVQAISMFNGQLLFDRPMHVKMDERALPKGDFFPPERPQQLPHGLGGIGMGLGPGGQPIDANHLNKGIGMGNIGPAGMGMEGIGFGINKMGGMEGPFGGGMENMGRFGSGMNMGRINEILSNALKRGEIIAKQGGGGGGGSVPGIERMGPGIDRLGGAGMERMGAGLGHGMDRVGSEIERMGLVMDRMGSVERMGSGIERMGPLGLDHMASSIERMGQTMERIGSGVERMGAGMGFGLERMAAPIDRVGQTIERMGSGVERMGPAIERMGLSMERMVPAGMGAGLERMGPVMDRMATGLERMGANNLERMGLERMGANSLERMGLERMGANSLERMGPAMGPALGAGIERMGLAMGGGGGASFDRAIEMERGNFGGSFAGSFGGAGGHAPGVARKACQIFVRNLPFDFTWKMLKDKFNECGHVLYADIKMENGKSKGCGVVKFESPEVAERACRMMNGMKLSGREIDVRIDRNA
HNRNPU_ENCODE-HepG2.pkl,HNRNPU,Q00839,MSSSPVNVKKLKVSELKEELKKRRLSDKGLKAELMERLQAALDDEEAGGRPAMEPGNGSLDLGGDSAGRSGAGLEQEAAAGGDEEEEEEEEEEEGISALDGDQMELGEENGAAGAADSGPMEEEEAASEDENGDDQGFQEGEDELGDEEEGAGDENGHGEQQPQPPATQQQQPQQQRGAAKEAAGKSSGPTSLFAVTVAPPGARQGQQQAGGKKKAEGGGGGGRPGAPAAGDGKTEQKGGDKKRGVKRPREDHGRGYFEYIEENKYSRAKSPQPPVEEEDEHFDDTVVCLDTYNCDLHFKISRDRLSASSLTMESFAFLWAGGRASYGVSKGKVCFEMKVTEKIPVRHLYTKDIDIHEVRIGWSLTTSGMLLGEEEFSYGYSLKGIKTCNCETEDYGEKFDENDVITCFANFESDEVELSYAKNGQDLGVAFKISKEVLAGRPLFPHVLCHNCAVEFNFGQKEKPYFPIPEEYTFIQNVPLEDRVRGPKGPEEKKDCEVVMMIGLPGAGKTTWVTKHAAENPGKYNILGTNTIMDKMMVAGFKKQMADTGKLNTLLQRAPQCLGKFIEIAARKKRNFILDQTNVSAAAQRRKMCLFAGFQRKAVVVCPKDEDYKQRTQKKAEVEGKDLPEHAVLKMKGNFTLPEVAECFDEITYVELQKEEAQKLLEQYKEESKKALPPEKKQNTGSKKSNKNKSGKNQFNRGGGHRGRGGFNMRGGNFRGGAPGNRGGYNRRGNMPQRGGGGGGSGGIGYPYPRAPVFPGRGSYSNRGNYNRGGMPNRGNYNQNFRGRGNNRGYKNQSQGYNQWQQGQFWGQKPWSQHYHQGYY
HNRNPUL1_ENCODE-HepG2.pkl,HNRNPUL1,Q9BUJ2,MDVRRLKVNELREELQRRGLDTRGLKAELAERLQAALEAEEPDDERELDADDEPGRPGHINEEVETEGGSELEGTAQPPPPGLQPHAEPGGYSGPDGHYAMDNITRQNQFYDTQVIKQENESGYERRPLEMEQQQAYRPEMKTEMKQGAPTSFLPPEASQLKPDRQQFQSRKRPYEENRGRGYFEHREDRRGRSPQPPAEEDEDDFDDTLVAIDTYNCDLHFKVARDRSSGYPLTIEGFAYLWSGARASYGVRRGRVCFEMKINEEISVKHLPSTEPDPHVVRIGWSLDSCSTQLGEEPFSYGYGGTGKKSTNSRFENYGDKFAENDVIGCFADFECGNDVELSFTKNGKWMGIAFRIQKEALGGQALYPHVLVKNCAVEFNFGQRAEPYCSVLPGFTFIQHLPLSERIRGTVGPKSKAECEILMMVGLPAAGKTTWAIKHAASNPSKKYNILGTNAIMDKMRVMGLRRQRNYAGRWDVLIQQATQCLNRLIQIAARKKRNYILDQTNVYGSAQRRKMRPFEGFQRKAIVICPTDEDLKDRTIKRTDEEGKDVPDHAVLEMKANFTLPDVGDFLDEVLFIELQREEADKLVRQYNEEGRKAGPPPEKRFDNRGGGGFRGRGGGGGFQRYENRGPPGGNRGGFQNRGGGSGGGGNYRGGFNRSGGGGYSQNRWGNNNRDNNNSNNRGSYNRAPQQQPPPQQPPPPQPPPQQPPPPPSYSPARNPPGASTYNKNSNIPGSSANTSTPTVSSYSPPQPSYSQPPYNQGGYSQGYTAPPPPPPPPPAYNYGSYGGYNPAPYTPPPPPTAQTYPQPSYNQYQQYAQQWNQYYQNQGQWPPYYGNYDYGSYSGNTQGGTSTQ
IGF2BP1_ENCODE-HepG2.pkl,IGF2BP1,Q9NZI8,MNKLYIGNLNESVTPADLEKVFAEHKISYSGQFLVKSGYAFVDCPDEHWAMKAIETFSGKVELQGKRLEIEHSVPKKQRSRKIQIRNIPPQLRWEVLDSLLAQYGTVENCEQVNTESETAVVNVTYSNREQTRQAIMKLNGHQLENHALKVSYIPDEQIAQGPENGRRGGFGSRGQPRQGSPVAAGAPAKQQQVDIPLRLLVPTQYVGAIIGKEGATIRNITKQTQSKIDVHRKENAGAAEKAISVHSTPEGCSSACKMILEIMHKEAKDTKTADEVPLKILAHNNFVGRLIGKEGRNLKKVEQDTETKITISSLQDLTLYNPERTITVKGAIENCCRAEQEIMKKVREAYENDVAAMSLQSHLIPGLNLAAVGLFPASSSAVPPPPSSVTGAAPYSSFMQAPEQEMVQVFIPAQAVGAIIGKKGQHIKQLSRFASASIKIAPPETPDSKVRMVIITGPPEAQFKAQGRIYGKLKEENFFGPKEEVKLETHIRVPASAAGRVIGKGGKTVNELQNLTAAEVVVPRDQTPDENDQVIVKIIGHFYASQMAQRKIRDILAQVKQQHQKGQSNQAQARRK
RNCMPT00033_RNCMPT.pkl,IGF2BP2,Q9Y6M1,MMNKLYIGNLSPAVTADDLRQLFGDRKLPLAGQVLLKSGYAFVDYPDQNWAIRAIETLSGKVELHGKIMEVDYSVSKKLRSRKIQIRNIPPHLQWEVLDGLLAQYGTVENVEQVNTDTETAVVNVTYATREEAKIAMEKLSGHQFENYSFKISYIPDEEVSSPSPPQRAQRGDHSSREQGHAPGGTSQARQIDFPLRILVPTQFVGAIIGKEGLTIKNITKQTQSRVDIHRKENSGAAEKPVTIHATPEGTSEACRMILEIMQKEADETKLAEEIPLKILAHNGLVGRLIGKEGRNLKKIEHETGTKITISSLQDLSIYNPERTITVKGTVEACASAEIEIMKKLREAFENDMLAVNQQANLIPGLNLSALGIFSTGLSVLSPPAGPRGAPPAAPYHPFTTHSGYFSSLYPHHQFGPFPHHHSYPEQEIVNLFIPTQAVGAIIGKKGAHIKQLARFAGASIKIAPAEGPDVSERMVIITGPPEAQFKAQGRIFGKLKEENFFNPKEEVKLEAHIRVPSSTAGRVIGKGGKTVNELQNLTSAEVIVPRDQTPDENEEVIVRIIGHFFASQTAQRKIREIVQQVKQQEQKYPQGVASQRSK
IGF2BP2_ENCODE-K562.pkl,IGF2BP2,Q96M15,MATPLDNCLRPFPDPMVKVTAETKKISEVSSYVSANNKKNSFWGSGLLYPVALLRCQDCWAGHQTHVLSKEFTSYFSSGAGREAQHQPSAVLGSLIWLRRVYLLRAMVVHGGSQPCQRWLVIRMEVGGHPSFPGHAWLTFHLN
RNCMPT00172_RNCMPT.pkl,IGF2BP3,O00425,MNKLYIGNLSENAAPSDLESIFKDAKIPVSGPFLVKTGYAFVDCPDESWALKAIEALSGKIELHGKPIEVEHSVPKRQRIRKLQIRNIPPHLQWEVLDSLLVQYGVVESCEQVNTDSETAVVNVTYSSKDQARQALDKLNGFQLENFTLKVAYIPDEMAAQQNPLQQPRGRRGLGQRGSSRQGSPGSVSKQKPCDLPLRLLVPTQFVGAIIGKEGATIRNITKQTQSKIDVHRKENAGAAEKSITILSTPEGTSAACKSILEIMHKEAQDIKFTEEIPLKILAHNNFVGRLIGKEGRNLKKIEQDTDTKITISPLQELTLYNPERTITVKGNVETCAKAEEEIMKKIRESYENDIASMNLQAHLIPGLNLNALGLFPPTSGMPPPTSGPPSAMTPPYPQFEQSETETVHLFIPALSVGAIIGKQGQHIKQLSRFAGASIKIAPAEAPDAKVRMVIITGPPEAQFKAQGRIYGKIKEENFVSPKEEVKLEAHIRVPSFAAGRVIGKGGKTVNELQNLSSAEVVVPRDQTPDENDQVVVKITGHFYACQVAQRKIQEILTQVKQHQQQKALQSGPPQSRRK
ILF3_ENCODE-K562.pkl,ILF3,Q12906,MRPMRIFVNDDRHVMAKHSSVYPTQEELEAVQNMVSHTERALKAVSDWIDEQEKGSSEQAESDNMDVPPEDDSKEGAGEQKTEHMTRTLRGVMRVGLVAKGLLLKGDLDLELVLLCKEKPTTALLDKVADNLAIQLAAVTEDKYEILQSVDDAAIVIKNTKEPPLSLTIHLTSPVVREEMEKVLAGETLSVNDPPDVLDRQKCLAALASLRHAKWFQARANGLKSCVIVIRVLRDLCTRVPTWGPLRGWPLELLCEKSIGTANRPMGAGEALRRVLECLASGIVMPDGSGIYDPCEKEATDAIGHLDRQQREDITQSAQHALRLAAFGQLHKVLGMDPLPSKMPKKPKNENPVDYTVQIPPSTTYAITPMKRPMEEDGEEKSPSKKKKKIQKKEEKAEPPQAMNALMRLNQLKPGLQYKLVSQTGPVHAPIFTMSVEVDGNSFEASGPSKKTAKLHVAVKVLQDMGLPTGAEGRDSSKGEDSAEETEAKPAVVAPAPVVEAVSTPSAAFPSDATAEQGPILTKHGKNPVMELNEKRRGLKYELISETGGSHDKRFVMEVEVDGQKFQGAGSNKKVAKAYAALAALEKLFPDTPLALDANKKKRAPVPVRGGPKFAAKPHNPGFGMGGPMHNEVPPPPNLRGRGRGGSIRGRGRGRGFGGANHGGYMNAGAGYGSYGYGGNSATAGYSQFYSNGGHSGNASGGGGGGGGGSSGYGSYYQGDNYNSPVPPKHAGKKQPHGGQQKPSYGSGYQSHQGQQQSYNQSPYSNYGPPQGKQKGYNHGQGSYSYSNSYNSPGGGGGSDYNYESKFNYSGSGGRSGGNSYGSGGASYNPGSHGGYGGGSGGGSSYQGKQGGYSQSNYNSPGSGQNYSGPPSSYQSSQGGYGRNADHSMNYQYR
RNCMPT00169_RNCMPT.pkl,KHDRBS1,Q07666,MQRRDDPAARMSRSSGRSGSMDPSGAHPSVRQTPSRQPPLPHRSRGGGGGSRGGARASPATQPPPLLPPSATGPDATVGGPAPTPLLPPSATASVKMEPENKYLPELMAEKDSLDPSFTHAMQLLTAEIEKIQKGDSKKDDEENYLDLFSHKNMKLKERVLIPVKQYPKFNFVGKILGPQGNTIKRLQEETGAKISVLGKGSMRDKAKEEELRKGGDPKYAHLNMDLHVFIEVFGPPCEAYALMAHAMEEVKKFLVPDMMDDICQEQFLELSYLNGVPEPSRGRGVPVRGRGAAPPPPPVPRGRGVGPPRGALVRGTPVRGAITRGATVTRGVPPPPTVRGAPAPRARTAGIQRIPLPPPPAPETYEEYGYDDTYAEQSYEGYEGYYSQSQGDSEYYDYGHGEVQDSYEAYGQDDWNGTRPSLKAPPARPVKGAYREHPYGRY
RNCMPT00185_RNCMPT.pkl,KHDRBS2,Q5VWX1,MEEEKYLPELMAEKDSLDPSFVHASRLLAEEIEKFQGSDGKKEDEEKKYLDVISNKNIKLSERVLIPVKQYPKFNFVGKLLGPRGNSLKRLQEETGAKMSILGKGSMRDKAKEEELRKSGEAKYAHLSDELHVLIEVFAPPGEAYSRMSHALEEIKKFLVPDYNDEIRQEQLRELSYLNGSEDSGRGRGIRGRGIRIAPTAPSRGRGGAIPPPPPPGRGVLTPRGSTVTRGALPVPPVARGVPTPRARGAPTVPGYRAPPPPAHEAYEEYGYDDGYGGEYDDQTYETYDNSYATQTQSVPEYYDYGHGVSEDAYDSYAPEEWATTRSSLKAPPQRSARGGYREHPYGRY
RNCMPT00034_RNCMPT.pkl,KHDRBS3,O75525,MEEKYLPELMAEKDSLDPSFTHALRLVNQEIEKFQKGEGKDEEKYIDVVINKNMKLGQKVLIPVKQFPKFNFVGKLLGPRGNSLKRLQEETLTKMSILGKGSMRDKAKEEELRKSGEAKYFHLNDDLHVLIEVFAPPAEAYARMGHALEEIKKFLIPDYNDEIRQAQLQELTYLNGGSENADVPVVRGKPTLRTRGVPAPAITRGRGGVTARPVGVVVPRGTPTPRGVLSTRGPVSRGRGLLTPRARGVPPTGYRPPPPPPTQETYGEYDYDDGYGTAYDEQSYDSYDNSYSTPAQSGADYYDYGHGLSEETYDSYGQEEWTNSRHKAPSARTAKGVYRDQPYGRY
KHSRP_ENCODE-HepG2.pkl,KHSRP,Q92945,MSDYSTGGPPPGPPPPAGGGGGAGGAGGGPPPGPPGAGDRGGGGPGGGGPGGGSAGGPSQPPGGGGPGIRKDAFADAVQRARQIAAKIGGDAATTVNNSTPDFGFGGQKRQLEDGDQPESKKLASQGDSISSQLGPIHPPPRTSMTEEYRVPDGMVGLIIGRGGEQINKIQQDSGCKVQISPDSGGLPERSVSLTGAPESVQKAKMMLDDIVSRGRGGPPGQFHDNANGGQNGTVQEIMIPAGKAGLVIGKGGETIKQLQERAGVKMILIQDGSQNTNVDKPLRIIGDPYKVQQACEMVMDILRERDQGGFGDRNEYGSRIGGGIDVPVPRHSVGVVIGRSGEMIKKIQNDAGVRIQFKQDDGTGPEKIAHIMGPPDRCEHAARIINDLLQSLRSGPPGPPGGPGMPPGGRGRGRGQGNWGPPGGEMTFSIPTHKCGLVIGRGGENVKAINQQTGAFVEISRQLPPNGDPNFKLFIIRGSPQQIDHAKQLIEEKIEGPLCPVGPGPGGPGPAGPMGPFNPGPFNQGPPGAPPHAGGPPPHQYPPQGWGNTYPQWQPPAPHDPSKAAAAAADPNAAWAAYYSHYYQQPPGPVPGPAPAPAAPPAQGEPPQPPPTGQSDYTKAWEEYYKKIGQQPQQPGAPPQQDYTKAWEEYYKKQAQVATGGGPGAPPGSQPDYSAAWAEYYRQQAAYYGQTPGPGGPQPPPTQQGQQQAQ
LARP4_ENCODE-K562.pkl,LARP4,Q71RC2,MLLFVEQVASKGTGLNPNAKVWQEIAPGNTDATPVTHGTESSWHEIAATSGAHPEGNAELSEDICKEYEVMYSSSCETTRNTTGIEESTDGMILGPEDLSYQIYDVSGESNSAVSTEDLKECLKKQLEFCFSRENLSKDLYLISQMDSDQFIPIWTVANMEEIKKLTTDPDLILEVLRSSPMVQVDEKGEKVRPSHKRCIVILREIPETTPIEEVKGLFKSENCPKVISCEFAHNSNWYITFQSDTDAQQAFKYLREEVKTFQGKPIMARIKAINTFFAKNGYRLMDSSIYSHPIQTQAQYASPVFMQPVYNPHQQYSVYSIVPQSWSPNPTPYFETPLAPFPNGSFVNGFNSPGSYKTNAAAMNMGRPFQKNRVKPQFRSSGGSEHSTEGSVSLGDGQLNRYSSRNFPAERHNPTVTGHQEQTYLQKETSTLQVEQNGDYGRGRRTLFRGRRRREDDRISRPHPSTAESKAPTPKFDLLASNFPPLPGSSSRMPGELVLENRMSDVVKGVYKEKDNEELTISCPVPADEQTECTSAQQLNMSTSSPCAAELTALSTTQQEKDLIEDSSVQKDGLNQTTIPVSPPSTTKPSRASTASPCNNNINAATAVALQEPRKLSYAEVCQKPPKEPSSVLVQPLRELRSNVVSPTKNEDNGAPENSVEKPHEKPEARASKDYSGFRGNIIPRGAAGKIREQRRQFSHRAIPQGVTRRNGKEQYVPPRSPK
LARP7_ENCODE-HepG2.pkl,LARP7,Q4G0J3,METESGNQEKVMEEESTEKKKEVEKKKRSRVKQVLADIAKQVDFWFGDANLHKDRFLREQIEKSRDGYVDISLLVSFNKMKKLTTDGKLIARALRSSAVVELDLEGTRIRRKKPLGERPKDEDERTVYVELLPKNVNHSWIERVFGKCGNVVYISIPHYKSTGDPKGFAFVEFETKEQAAKAIEFLNNPPEEAPRKPGIFPKTVKNKPIPALRVVEEKKKKKKKKGRMKKEDNIQAKEENMDTSNTSISKMKRSRPTSEGSDIESTEPQKQCSKKKKKRDRVEASSLPEVRTGKRKRSSSEDAESLAPRSKVKKIIQKDIIKEASEASKENRDIEISTEEEKDTGDLKDSSLLKTKRKHKKKHKERHKMGEEVIPLRVLSKSEWMDLKKEYLALQKASMASLKKTISQIKSESEMETDSGVPQNTGMKNEKTANREECRTQEKVNATGPQFVSGVIVKIISTEPLPGRKQVRDTLAAISEVLYVDLLEGDTECHARFKTPEDAQAVINAYTEINKKHCWKLEILSGDHEQRYWQKILVDRQAKLNQPREKKRGTEKLITKAEKIRLAKTQQASKHIRFSEYD
RNCMPT00036_RNCMPT.pkl,LIN28A,Q9H9Z2,MGSVSNQQFAGGCAKAAEEAPEEAPEDAARAADEPQLLHGAGICKWFNVRMGFGFLSMTARAGVALDPPVDVFVHQSKLHMEGFRSLKEGEAVEFTFKKSAKGLESIRVTGPGGVFCIGSERRPKGKSMQKRRSKGDRCYNCGGLDHHAKECKLPPQPKKCHFCQSISHMVASCPLKAQQGPSAQGKPTYFREEEEEIHSPTLLPEAQN
RNCMPT00037_RNCMPT.pkl,MATR3,P43243,MSKSFQQSSLSRDSQGHGRDLSAAGIGLLAAATQSLSMPASLGRMNQGTARLASLMNLGMSSSLNQQGAHSALSSASTSSHNLQSIFNIGSRGPLPLSSQHRGDADQASNILASFGLSARDLDELSRYPEDKITPENLPQILLQLKRRRTEEGPTLSYGRDGRSATREPPYRVPRDDWEEKRHFRRDSFDDRGPSLNPVLDYDHGSRSQESGYYDRMDYEDDRLRDGERCRDDSFFGETSHNYHKFDSEYERMGRGPGPLQERSLFEKKRGAPPSSNIEDFHGLLPKGYPHLCSICDLPVHSNKEWSQHINGASHSRRCQLLLEIYPEWNPDNDTGHTMGDPFMLQQSTNPAPGILGPPPPSFHLGGPAVGPRGNLGAGNGNLQGPRHMQKGRVETSRVVHIMDFQRGKNLRYQLLQLVEPFGVISNHLILNKINEAFIEMATTEDAQAAVDYYTTTPALVFGKPVRVHLSQKYKRIKKPEGKPDQKFDQKQELGRVIHLSNLPHSGYSDSAVLKLAEPYGKIKNYILMRMKSQAFIEMETREDAMAMVDHCLKKALWFQGRCVKVDLSEKYKKLVLRIPNRGIDLLKKDKSRKRSYSPDGKESPSDKKSKTDGSQKTESSTEGKEQEEKSGEDGEKDTKDDQTEQEPNMLLESEDELLVDEEEAAALLESGSSVGDETDLANLGDVASDGKKEPSDKAVKKDGSASAAAKKKLKKVDKIEELDQENEAALENGIKNEENTEPGAESSENADDPNKDTSENADGQSDENKDDYTIPDEYRIGPYQPNVPVGIDYVIPKTGFYCKLCSLFYTNEEVAKNTHCSSLPHYQKLKKFLNKLAEERRQKKET
RNCMPT00038_RNCMPT.pkl,MBNL1,Q9NR56,MAVSVTPIRDTKWLTLEVCREFQRGTCSRPDTECKFAHPSKSCQVENGRVIACFDSLKGRCSRENCKYLHPPPHLKTQLEINGRNNLIQQKNMAMLAQQMQLANAMMPGAPLQPVPMFSVAPSLATNASAAAFNPYLGPVSPSLVPAEILPTAPMLVTGNPGVPVPAAAAAAAQKLMRTDRLEVCREYQRGNCNRGENDCRFAHPADSTMIDTNDNTVTVCMDYIKGRCSREKCKYFHPPAHLQAKIKAAQYQVNQAAAAQAAATAAAMTQSAVKSLKRPLEATFDLGIPQAVLPPLPKRPALEKTNGATAVFNTGIFQYQQALANMQLQQHTAFLPPVPMVHGATPATVSAATTSATSVPFAATATANQIPIISAEHLTSHKYVTQM
MOV10.pkl,MOV10,Q9HCE1,MPSKFSCRQLREAGQCFESFLVVRGLDMETDRERLRTIYNRDFKISFGTPAPGFSSMLYGMKIANLAYVTKTRVRFFRLDRWADVRFPEKRRMKLGSDISKHHKSLLAKIFYDRAEYLHGKHGVDVEVQGPHEARDGQLLIRLDLNRKEVLTLRLRNGGTQSVTLTHLFPLCRTPQFAFYNEDQELPCPLGPGECYELHVHCKTSFVGYFPATVLWELLGPGESGSEGAGTFYIARFLAAVAHSPLAAQLKPMTPFKRTRITGNPVVTNRIEEGERPDRAKGYDLELSMALGTYYPPPRLRQLLPMLLQGTSIFTAPKEIAEIKAQLETALKWRNYEVKLRLLLHLEELQMEHDIRHYDLESVPMTWDPVDQNPRLLTLEVPGVTESRPSVLRGDHLFALLSSETHQEDPITYKGFVHKVELDRVKLSFSMSLLSRFVDGLTFKVNFTFNRQPLRVQHRALELTGRWLLWPMLFPVAPRDVPLLPSDVKLKLYDRSLESNPEQLQAMRHIVTGTTRPAPYIIFGPPGTGKTVTLVEAIKQVVKHLPKAHILACAPSNSGADLLCQRLRVHLPSSIYRLLAPSRDIRMVPEDIKPCCNWDAKKGEYVFPAKKKLQEYRVLITTLITAGRLVSAQFPIDHFTHIFIDEAGHCMEPESLVAIAGLMEVKETGDPGGQLVLAGDPRQLGPVLRSPLTQKHGLGYSLLERLLTYNSLYKKGPDGYDPQFITKLLRNYRSHPTILDIPNQLYYEGELQACADVVDRERFCRWAGLPRQGFPIIFHGVMGKDEREGNSPSFFNPEEAATVTSYLKLLLAPSSKKGKARLSPRSVGVISPYRKQVEKIRYCITKLDRELRGLDDIKDLKVGSVEEFQGQERSVILISTVRSSQSFVQLDLDFNLGFLKNPKRFNVAVTRAKALLIIVGNPLLLGHDPDWKVFLEFCKENGGYTGCPFPAKLDLQQGQNLLQGLSKLSPSTSGPHSHDYLPQEREGEGGLSLQVEPEWRNEL
RNCMPT00041_RNCMPT.pkl,MSI1,O43347,METDAPQPGLASPDSPHDPCKMFIGGLSWQTTQEGLREYFGQFGEVKECLVMRDPLTKRSRGFGFVTFMDQAGVDKVLAQSRHELDSKTIDPKVAFPRRAQPKMVTRTKKIFVGGLSVNTTVEDVKQYFEQFGKVDDAMLMFDKTTNRHRGFGFVTFESEDIVEKVCEIHFHEINNKMVECKKAQPKEVMSPTGSARGRSRVMPYGMDAFMLGIGMLGYPGFQATTYASRSYTGLAPGYTYQFPEFRVERTPLPSAPVLPELTAIPLTAYGPMAAAAAAAAVVRGTGSHPWTMAPPPGSTPSRTGGFLGTTSPGPMAELYGAANQDSGVSSYISAASPAPSTGFGHSLGGPLIATAFTNGYH
NONO_ENCODE-K562.pkl,NONO,Q15233,MQSNKTFNLEKQNHTPRKHHQHHHQQQHHQQQQQQPPPPPIPANGQQASSQNEGLTIDLKNFRKPGEKTFTQRSRLFVGNLPPDITEEEMRKLFEKYGKAGEVFIHKDKGFGFIRLETRTLAEIAKVELDNMPLRGKQLRVRFACHSASLTVRNLPQYVSNELLEEAFSVFGQVERAVVIVDDRGRPSGKGIVEFSGKPAARKALDRCSEGSFLLTTFPRPVTVEPMDQLDDEEGLPEKLVIKNQQFHKEREQPPRFAQPGSFEYEYAMRWKALIEMEKQQQDQVDRNIKEAREKLEMEMEAARHEHQVMLMRQDLMRRQEELRRMEELHNQEVQKRKQLELRQEEERRRREEEMRRQQEEMMRRQQEGFKGTFPDAREQEIRMGQMAMGGAMGINNRGAMPPAPVPAGTPAPPGPATMMPDGTLGLTPPTTERFGQAATMEGIGAIGGTPPAFNRAAPGAEFAPNKRRRY
RNCMPT00155_RNCMPT.pkl,PABPC1,P11940,MNPSAPSYPMASLYVGDLHPDVTEAMLYEKFSPAGPILSIRVCRDMITRRSLGYAYVNFQQPADAERALDTMNFDVIKGKPVRIMWSQRDPSLRKSGVGNIFIKNLDKSIDNKALYDTFSAFGNILSCKVVCDENGSKGYGFVHFETQEAAERAIEKMNGMLLNDRKVFVGRFKSRKEREAELGARAKEFTNVYIKNFGEDMDDERLKDLFGKFGPALSVKVMTDESGKSKGFGFVSFERHEDAQKAVDEMNGKELNGKQIYVGRAQKKVERQTELKRKFEQMKQDRITRYQGVNLYVKNLDDGIDDERLRKEFSPFGTITSAKVMMEGGRSKGFGFVCFSSPEEATKAVTEMNGRIVATKPLYVALAQRKEERQAHLTNQYMQRMASVRAVPNPVINPYQPAPPSGYFMAAIPQTQNRAAYYPPSQIAQLRPSPRWTAQGARPHPFQNMPGAIRPAAPRPPFSTMRPASSQVPRVMSTQRVANTSTQTMGPRPAAAAAAATPAVRTVPQYKYAAGVRNPQQHLNAQPQVTMQQPAVHVQGQEPLTASMLASAPPQEQKQMLGERLFPLIQAMHPTLAGKITGMLLEIDNSELLHMLESPESLRSKVDEAVAVLQAHQAKEAAQKAVNSATGVPTV
RNCMPT00153_RNCMPT.pkl,PABPC3,Q9H361,MNPSTPSYPTASLYVGDLHPDVTEAMLYEKFSPAGPILSIRICRDLITSGSSNYAYVNFQHTKDAEHALDTMNFDVIKGKPVRIMWSQRDPSLRKSGVGNIFVKNLDKSINNKALYDTVSAFGNILSCNVVCDENGSKGYGFVHFETHEAAERAIKKMNGMLLNGRKVFVGQFKSRKEREAELGARAKEFPNVYIKNFGEDMDDERLKDLFGKFGPALSVKVMTDESGKSKGFGFVSFERHEDAQKAVDEMNGKELNGKQIYVGRAQKKVERQTELKRTFEQMKQDRITRYQVVNLYVKNLDDGIDDERLRKAFSPFGTITSAKVMMEGGRSKGFGFVCFSSPEEATKAVTEMNGRIVATKPLYVALAQRKEERQAYLTNEYMQRMASVRAVPNQRAPPSGYFMTAVPQTQNHAAYYPPSQIARLRPSPRWTAQGARPHPFQNKPSAIRPGAPRVPFSTMRPASSQVPRVMSTQRVANTSTQTVGPRPAAAAAAAATPAVRTVPRYKYAAGVRNPQQHRNAQPQVTMQQLAVHVQGQETLTASRLASAPPQKQKQMLGERLFPLIQAMHPTLAGKITGMLLEIDNSELLYMLESPESLRSKVDEAVAVLQAHQAKEATQKAVNSATGVPTV
RNCMPT00043_RNCMPT.pkl,PABPC4,Q13310,MNAAASSYPMASLYVGDLHSDVTEAMLYEKFSPAGPVLSIRVCRDMITRRSLGYAYVNFQQPADAERALDTMNFDVIKGKPIRIMWSQRDPSLRKSGVGNVFIKNLDKSIDNKALYDTFSAFGNILSCKVVCDENGSKGYAFVHFETQEAADKAIEKMNGMLLNDRKVFVGRFKSRKEREAELGAKAKEFTNVYIKNFGEEVDDESLKELFSQFGKTLSVKVMRDPNGKSKGFGFVSYEKHEDANKAVEEMNGKEISGKIIFVGRAQKKVERQAELKRKFEQLKQERISRYQGVNLYIKNLDDTIDDEKLRKEFSPFGSITSAKVMLEDGRSKGFGFVCFSSPEEATKAVTEMNGRIVGSKPLYVALAQRKEERKAHLTNQYMQRVAGMRALPANAILNQFQPAAGGYFVPAVPQAQGRPPYYTPNQLAQMRPNPRWQQGGRPQGFQGMPSAIRQSGPRPTLRHLAPTGSECPDRLAMDFGGAGAAQQGLTDSCQSGGVPTAVQNLAPRAAVAAAAPRAVAPYKYASSVRSPHPAIQPLQAPQPAVHVQGQEPLTASMLAAAPPQEQKQMLGERLFPLIQTMHSNLAGKITGMLLEIDNSELLHMLESPESLRSKVDEAVAVLQAHHAKKEAAQKVGAVAAATS
RNCMPT00171_RNCMPT.pkl,PABPC5,Q96DU9,MGSGEPNPAGKKKKYLKAALYVGDLDPDVTEDMLYKKFRPAGPLRFTRICRDPVTRSPLGYGYVNFRFPADAEWALNTMNFDLINGKPFRLMWSQPDDRLRKSGVGNIFIKNLDKSIDNRALFYLFSAFGNILSCKVVCDDNGSKGYAYVHFDSLAAANRAIWHMNGVRLNNRQVYVGRFKFPEERAAEVRTRDRATFTNVFVKNIGDDIDDEKLKELFCEYGPTESVKVIRDASGKSKGFGFVRYETHEAAQKAVLDLHGKSIDGKVLYVGRAQKKIERLAELRRRFERLRLKEKSRPPGVPIYIKNLDETINDEKLKEEFSSFGSISRAKVMMEVGQGKGFGVVCFSSFEEATKAVDEMNGRIVGSKPLHVTLGQARRRC
RNCMPT00157_RNCMPT.pkl,PABPN1,Q86U42,MAAAAAAAAAAGAAGGRGSGPGRRRHLVPGAGGEAGEGAPGGAGDYGNGLESEELEPEELLLEPEPEPEPEEEPPRPRAPPGAPGPGPGSGAPGSQEEEEEPGLVEGDPGDGAIEDPELEAIKARVREMEEEAEKLKELQNEVEKQMNMSPPPGNAGPVIMSIEEKMEADARSIYVGNVDYGATAEELEAHFHGCGSVNRVTILCDKFSGHPKGFAYIEFSDKESVRTSLALDESLFRGRQIKVIPKRTNRPGISTTDRGFPRARYRARTTNYNSSRSRFYSGFNSRPRGRVYRGRARATSWYSPY
RNCMPT00186_RNCMPT.pkl,PCBP1,Q15365,MDAGVTESGLNVTLTIRLLMHGKEVGSIIGKKGESVKRIREESGARINISEGNCPERIITLTGPTNAIFKAFAMIIDKLEEDINSSMTNSTAASRPPVTLRLVVPATQCGSLIGKGGCKIKEIRESTGAQVQVAGDMLPNSTERAITIAGVPQSVTECVKQICLVMLETLSQSPQGRVMTIPYQPMPASSPVICAGGQDRCSDAAGYPHATHDLEGPPLDAYSIQGQHTISPLDLAKLNQVARQQSHFAMMHGGTGFAGIDSSSPEVKGYWASLDASTQTTHELTIPNNLIGCIIGRQGANINEIRQMSGAQIKIANPVEGSSGRQVTITGSAASISLAQYLINARLSSEKGMGCS
RNCMPT00044_RNCMPT.pkl,PCBP2,Q15366,MDTGVIEGGLNVTLTIRLLMHGKEVGSIIGKKGESVKKMREESGARINISEGNCPERIITLAGPTNAIFKAFAMIIDKLEEDISSSMTNSTAASRPPVTLRLVVPASQCGSLIGKGGCKIKEIRESTGAQVQVAGDMLPNSTERAITIAGIPQSIIECVKQICVVMLETLSQSPPKGVTIPYRPKPSSSPVIFAGGQDRYSTGSDSASFPHTTPSMCLNPDLEGPPLEAYTIQGQYAIPQPDLTKLHQLAMQQSHFPMTHGNTGFSGIESSSPEVKGYWGLDASAQTTSHELTIPNDLIGCIIGRQGAKINEIRQMSGAQIKIANPVEGSTDRQVTITGSAASISLAQYLINVRLSSETGGMGSS
RNCMPT00045_RNCMPT.pkl,PPRC1,Q5VV67,MAARRGRRDGVAPPPSGGPGPDPGGGARGSGWGSRSQAPYGTLGAVSGGEQVLLHEEAGDSGFVSLSRLGPSLRDKDLEMEELMLQDETLLGTMQSYMDASLISLIEDFGSLGESRLSLEDQNEVSLLTALTEILDNADSENLSPFDSIPDSELLVSPREGSSLHKLLTLSRTPPERDLITPVDPLGPSTGSSRGSGVEMSLPDPSWDFSPPSFLETSSPKLPSWRPPRSRPRWGQSPPPQQRSDGEEEEEVASFSGQILAGELDNCVSSIPDFPMHLACPEEEDKATAAEMAVPAAGDESISSLSELVRAMHPYCLPNLTHLASLEDELQEQPDDLTLPEGCVVLEIVGQAATAGDDLEIPVVVRQVSPGPRPVLLDDSLETSSALQLLMPTLESETEAAVPKVTLCSEKEGLSLNSEEKLDSACLLKPREVVEPVVPKEPQNPPANAAPGSQRARKGRKKKSKEQPAACVEGYARRLRSSSRGQSTVGTEVTSQVDNLQKQPQEELQKESGPLQGKGKPRAWARAWAAALENSSPKNLERSAGQSSPAKEGPLDLYPKLADTIQTNPIPTHLSLVDSAQASPMPVDSVEADPTAVGPVLAGPVPVDPGLVDLASTSSELVEPLPAEPVLINPVLADSAAVDPAVVPISDNLPPVDAVPSGPAPVDLALVDPVPNDLTPVDPVLVKSRPTDPRRGAVSSALGGSAPQLLVESESLDPPKTIIPEVKEVVDSLKIESGTSATTHEARPRPLSLSEYRRRRQQRQAETEERSPQPPTGKWPSLPETPTGLADIPCLVIPPAPAKKTALQRSPETPLEICLVPVGPSPASPSPEPPVSKPVASSPTEQVPSQEMPLLARPSPPVQSVSPAVPTPPSMSAALPFPAGGLGMPPSLPPPPLQPPSLPLSMGPVLPDPFTHYAPLPSWPCYPHVSPSGYPCLPPPPTVPLVSGTPGAYAVPPTCSVPWAPPPAPVSPYSSTCTYGPLGWGPGPQHAPFWSTVPPPPLPPASIGRAVPQPKMESRGTPAGPPENVLPLSMAPPLSLGLPGHGAPQTEPTKVEVKPVPASPHPKHKVSALVQSPQMKALACVSAEGVTVEEPASERLKPETQETRPREKPPLPATKAVPTPRQSTVPKLPAVHPARLRKLSFLPTPRTQGSEDVVQAFISEIGIEASDLSSLLEQFEKSEAKKECPPPAPADSLAVGNSGGVDIPQEKRPLDRLQAPELANVAGLTPPATPPHQLWKPLAAVSLLAKAKSPKSTAQEGTLKPEGVTEAKHPAAVRLQEGVHGPSRVHVGSGDHDYCVRSRTPPKKMPALVIPEVGSRWNVKRHQDITIKPVLSLGPAAPPPPCIAASREPLDHRTSSEQADPSAPCLAPSSLLSPEASPCRNDMNTRTPPEPSAKQRSMRCYRKACRSASPSSQGWQGRRGRNSRSVSSGSNRTSEASSSSSSSSSSSRSRSRSLSPPHKRWRRSSCSSSGRSRRCSSSSSSSSSSSSSSSSSSSSRSRSRSPSPRRRSDRRRRYSSYRSHDHYQRQRVLQKERAIEERRVVFIGKIPGRMTRSELKQRFSVFGEIEECTIHFRVQGDNYGFVTYRYAEEAFAAIESGHKLRQADEQPFDLCFGGRRQFCKRSYSDLDSNREDFDPAPVKSKFDSLDFDTLLKQAQKNLRR
PTBP1.pkl,PTBP1,P26599,MDGIVPDIAVGTKRGSDELFSTCVTNGPFIMSSNSASAANGNDSKKFKGDSRSAGVPSRVIHIRKLPIDVTEGEVISLGLPFGKVTNLLMLKGKNQAFIEMNTEEAANTMVNYYTSVTPVLRGQPIYIQFSNHKELKTDSSPNQARAQAALQAVNSVQSGNLALAASAAAVDAGMAMAGQSPVLRIIVENLFYPVTLDVLHQIFSKFGTVLKIITFTKNNQFQALLQYADPVSAQHAKLSLDGQNIYNACCTLRIDFSKLTSLNVKYNNDKSRDYTRPDLPSGDSQPSLDQTMAAAFGAPGIISASPYAGAGFPPTFAIPQAAGLSVPNVHGALAPLAIPSAAAAAAAAGRIAIPGLAGAGNSVLLVSNLNPERVTPQSLFILFGVYGDVQRVKILFNKKENALVQMADGNQAQLAMSHLNGHKLHGKPIRITLSKHQNVQLPREGQEDQGLTKDYGNSPLHRFKKPGSKNFQNIFPPSATLHLSNIPPSVSEEDLKVLFSSNGGVVKGFKFFQKDRKMALIQMGSVEEAVQALIDLHNHDLGENHHLRVSFSKSTI
PUM1_ENCODE-K562.pkl,PUM1,Q14671,MSVACVLKRKAVLWQDSFSPHLKHHPQEPANPNMPVVLTSGTGSQAQPQPAANQALAAGTHSSPVPGSIGVAGRSQDDAMVDYFFQRQHGEQLGGGGSGGGGYNNSKHRWPTGDNIHAEHQVRSMDELNHDFQALALEGRAMGEQLLPGKKFWETDESSKDGPKGIFLGDQWRDSAWGTSDHSVSQPIMVQRRPGQSFHVNSEVNSVLSPRSESGGLGVSMVEYVLSSSPGDSCLRKGGFGPRDADSDENDKGEKKNKGTFDGDKLGDLKEEGDVMDKTNGLPVQNGIDADVKDFSRTPGNCQNSANEVDLLGPNQNGSEGLAQLTSTNGAKPVEDFSNMESQSVPLDPMEHVGMEPLQFDYSGTQVPVDSAAATVGLFDYNSQQQLFQRPNALAVQQLTAAQQQQYALAAAHQPHIGLAPAAFVPNPYIISAAPPGTDPYTAGLAAAATLGPAVVPHQYYGVTPWGVYPASLFQQQAAAAAAATNSANQQTTPQAQQGQQQVLRGGASQRPLTPNQNQQGQQTDPLVAAAAVNSALAFGQGLAAGMPGYPVLAPAAYYDQTGALVVNAGARNGLGAPVRLVAPAPVIISSSAAQAAVAAAAASANGAAGGLAGTTNGPFRPLGTQQPQPQPQQQPNNNLASSSFYGNNSLNSNSQSSSLFSQGSAQPANTSLGFGSSSSLGATLGSALGGFGTAVANSNTGSGSRRDSLTGSSDLYKRTSSSLTPIGHSFYNGLSFSSSPGPVGMPLPSQGPGHSQTPPPSLSSHGSSSSLNLGGLTNGSGRYISAAPGAEAKYRSASSASSLFSPSSTLFSSSRLRYGMSDVMPSGRSRLLEDFRNNRYPNLQLREIAGHIMEFSQDQHGSRFIQLKLERATPAERQLVFNEILQAAYQLMVDVFGNYVIQKFFEFGSLEQKLALAERIRGHVLSLALQMYGCRVIQKALEFIPSDQQNEMVRELDGHVLKCVKDQNGNHVVQKCIECVQPQSLQFIIDAFKGQVFALSTHPYGCRVIQRILEHCLPDQTLPILEELHQHTEQLVQDQYGNYVIQHVLEHGRPEDKSKIVAEIRGNVLVLSQHKFASNVVEKCVTHASRTERAVLIDEVCTMNDGPHSALYTMMKDQYANYVVQKMIDVAEPGQRKIVMHKIRPHIATLRKYTYGKHILAKLEKYYMKNGVDLGPICGPPNGII
PUM2.pkl,PUM2,Q8TB72,MNHDFQALALESRGMGELLPTKKFWEPDDSTKDGQKGIFLGDDEWRETAWGASHHSMSQPIMVQRRSGQGFHGNSEVNAILSPRSESGGLGVSMVEYVLSSSPADKLDSRFRKGNFGTRDAETDGPEKGDQKGKASPFEEDQNRDLKQGDDDDSKINGRGLPNGMDADCKDFNRTPGSRQASPTEVVERLGPNTNPSEGLGPLPNPTANKPLVEEFSNPETQNLDAMEQVGLESLQFDYPGNQVPMDSSGATVGLFDYNSQQQLFQRTNALTVQQLTAAQQQQYALAAAQQPHIAGVFSAGLAPAAFVPNPYIISAAPPGTDPYTAAGLAAAATLAGPAVVPPQYYGVPWGVYPANLFQQQAAAAANNTASQQAASQAQPGQQQVLRAGAGQRPLTPNQGQQGQQAESLAAAAAANPTLAFGQGLATGMPGYQVLAPTAYYDQTGALVVGPGARTGLGAPVRLMAPTPVLISSAAAQAAAAAAAGGTASSLTGSTNGLFRPIGTQPPQQQQQQPSTNLQSNSFYGSSSLTNSSQSSSLFSHGPGQPGSTSLGFGSGNSLGAAIGSALSGFGSSVGSSASSSATRRESLSTSSDLYKRSSSSLAPIGQPFYNSLGFSSSPSPIGMPLPSQTPGHSLTPPPSLSSHGSSSSLHLGGLTNGSGRYISAAPGAEAKYRSASSTSSLFSSSSQLFPPSRLRYNRSDIMPSGRSRLLEDFRNNRFPNLQLRDLIGHIVEFSQDQHGSRFIQQKLERATPAERQMVFNEILQAAYQLMTDVFGNYVIQKFFEFGSLDQKLALATRIRGHVLPLALQMYGCRVIQKALESISSDQQVISEMVKELDGHVLKCVKDQNGNHVVQKCIECVQPQSLQFIIDAFKGQVFVLSTHPYGCRVIQRILEHCTAEQTLPILEELHQHTEQLVQDQYGNYVIQHVLEHGRPEDKSKIVSEIRGKVLALSQHKFASNVVEKCVTHASRAERALLIDEVCCQNDGPHSALYTMMKDQYANYVVQKMIDMAEPAQRKIIMHKIRPHITTLRKYTYGKHILAKLEKYYLKNSPDLGPIGGPPNGML
QKI.pkl,QKI,Q96PU8,MVGEMETKEKPKPTPDYLMQLMNDKKLMSSLPNFCGIFNHLERLLDEEISRVRKDMYNDTLNGSTEKRSAELPDAVGPIVQLQEKLYVPVKEYPDFNFVGRILGPRGLTAKQLEAETGCKIMVRGKGSMRDKKKEEQNRGKPNWEHLNEDLHVLITVEDAQNRAEIKLKRAVEEVKKLLVPAAEGEDSLKKMQLMELAILNGTYRDANIKSPALAFSLAATAQAAPRIITGPAPVLPPAALRTPTPAGPTIMPLIRQIQTAVMPNGTPHPTAAIVPPGPEAGLIYTPYEYPYTLAPATSILEYPIEPSGVLGAVATKVRRHDMRVHPYQRIVTADRAATGN
RNCMPT00159_RNCMPT.pkl,RALY,Q9UKM9,MSLKLQASNVTNKNDPKSINSRVFIGNLNTALVKKSDVETIFSKYGRVAGCSVHKGYAFVQYSNERHARAAVLGENGRVLAGQTLDINMAGEPKPDRPKGLKRAASAIYSGYIFDYDYYRDDFYDRLFDYRGRLSPVPVPRAVPVKRPRVTVPLVRRVKTNVPVKLFARSTAVTTSSAKIKLKSSELQAIKTELTQIKSNIDALLSRLEQIAAEQKANPDGKKKGDGGGAGGGGGGGGSGGGGSGGGGGGGSSRPPAPQENTTSEAGLPQGEARTRDDGDEEGLLTHSEEELEHSQDTDADDGALQ
RNCMPT00168_RNCMPT.pkl,RBFOX1,Q9NWB1,MNCEREQLRGNQEAAAAPDTMAQPYASAQFAPPQNGIPAEYTAPHPHPAPEYTGQTTVPEHTLNLYPPAQTHSEQSPADTSAQTVSGTATQTDDAAPTDGQPQTQPSENTENKSQPKRLHVSNIPFRFRDPDLRQMFGQFGKILDVEIIFNERGSKGFGFVTFENSADADRAREKLHGTVVEGRKIEVNNATARVMTNKKTVNPYTNGWKLNPVVGAVYSPEFYAGTVLLCQANQEGSSMYSAPSSLVYTSAMPGFPYPAATAAAAYRGAHLRGRGRTVYNTFRAAAPPPPIPAYGGVVYQDGFYGADIYGGYAAYRYAQPTPATAAAYSDSYGRVYAADPYHHALAPAPTYGVGAMNAFAPLTDAKTRSHADDVGLVLSSLQASIYRGGYNRFAPY
RBFOX2_ENCODE-HepG2.pkl,RBFOX2,O43251,MQNEPLTPGYHGFPARDSQGNQEPTTTPDAMVQPFTTIPFPPPPQNGIPTEYGVPHTQDYAGQTGEHNLTLYGSTQAHGEQSSNSPSTQNGSLTTEGGAQTDGQQSQTQSSENSESKSTPKRLHVSNIPFRFRDPDLRQMFGQFGKILDVEIIFNERGSKGFGFVTFENSADADRAREKLHGTVVEGRKIEVNNATARVMTNKKMVTPYANGWKLSPVVGAVYGPELYAASSFQADVSLGNDAAVPLSGRGGINTYIPLISLPLVPGFPYPTAATTAAAFRGAHLRGRGRTVYGAVRAVPPTAIPAYPGVVYQDGFYGADLYGGYAAYRYAQPATATAATAAAAAAAAYSDGYGRVYTADPYHALAPAASYGVGAVASLYRGGYSRFAPY
RNCMPT00050_RNCMPT.pkl,RBM3,P98179,MSSEEGKLFVGGLNFNTDEQALEDHFSSFGPISEVVVVKDRETQRSRGFGFITFTNPEHASVAMRAMNGESLDGRQIRVDHAGKSARGTRGGGFGAHGRGRSYSRGGGDQGYGSGRYYDSRPGGYGYGYGRSRDYNGRNQGGYDRYSGGNYRDNYDN
RNCMPT00113_RNCMPT.pkl,RBM4,Q9BWF3,MVKLFIGNLPREATEQEIRSLFEQYGKVLECDIIKNYGFVHIEDKTAAEDAIRNLHHYKLHGVNINVEASKNKSKTSTKLHVGNISPTCTNKELRAKFEEYGPVIECDIVKDYAFVHMERAEDAVEAIRGLDNTEFQGKRMHVQLSTSRLRTAPGMGDQSGCYRCGKEGHWSKECPIDRSGRVADLTEQYNEQYGAVRTPYTMSYGDSLYYNNAYGALDAYYKRCRAARSYEAVAAAAASVYNYAEQTLSQLPQVQNTAMASHLTSTSLDPYDRHLLPTSGAAATAAAAAAAAAAVTAASTSYYGRDRSPLRRATAPVPTVGEGYGYGHESELSQASAAARNSLYDMARYEREQYADRARYSAF
RNCMPT00055_RNCMPT.pkl,RBM5,P52756,MGSDKRVSRTERSGRYGSIIDRDDRDERESRSRRRDSDYKRSSDDRRGDRYDDYRDYDSPERERERRNSDRSEDGYHSDGDYGEHDYRHDISDERESKTIMLRGLPITITESDIREMMESFEGPQPADVRLMKRKTGVSRGFAFVEFYHLQDATSWMEANQKKLVIQGKHIAMHYSNPRPKFEDWLCNKCCLNNFRKRLKCFRCGADKFDSEQEVPPGTTESVQSVDYYCDTIILRNIAPHTVVDSIMTALSPYASLAVNNIRLIKDKQTQQNRGFAFVQLSSAMDASQLLQILQSLHPPLKIDGKTIGVDFAKSARKDLVLSDGNRVSAFSVASTAIAAAQWSSTQSQSGEGGSVDYSYLQPGQDGYAQYAQYSQDYQQFYQQQAGGLESDASSASGTAVTTTSAAVVSQSPQLYNQTSNPPGSPTEEAQPSTSTSTQAPAASPTGVVPGTKYAVPDTSTYQYDESSGYYYDPTTGLYYDPNSQYYYNSLTQQYLYWDGEKETYVPAAESSSHQQSGLPPAKEGKEKKEKPKSKTAQQIAKDMERWAKSLNKQKENFKNSFQPVNSLREEERRESAAADAGFALFEKKGALAERQQLIPELVRNGDEENPLKRGLVAAYSGDSDNEEELVERLESEEEKLADWKKMACLLCRRQFPNKDALVRHQQLSDLHKQNMDIYRRSRLSEQELEALELREREMKYRDRAAERREKYGIPEPPEPKRKKQFDAGTVNYEQPTKDGIDHSNIGNKMLQAMGWREGSGLGRKCQGITAPIEAQVRLKGAGLGAKGSAYGLSGADSYKDAVRKAMFARFTEME
RNCMPT00170_RNCMPT.pkl,RBM6,P78332,MWGDSRPANRTGPFRGSQEERFAPGWNRDYPPPPLKSHAQERHSGNFPGRDSLPFDFQGHSGPPFANVEEHSFSYGARDGPHGDYRGGEGPGHDFRGGDFSSSDFQSRDSSQLDFRGRDIHSGDFRDREGPPMDYRGGDGTSMDYRGREAPHMNYRDRDAHAVDFRGRDAPPSDFRGRGTYDLDFRGRDGSHADFRGRDLSDLDFRAREQSRSDFRNRDVSDLDFRDKDGTQVDFRGRGSGTTDLDFRDRDTPHSDFRGRHRSRTDQDFRGREMGSCMEFKDREMPPVDPNILDYIQPSTQDREHSGMNVNRREESTHDHTIERPAFGIQKGEFEHSETREGETQGVAFEHESPADFQNSQSPVQDQDKSQLSGREEQSSDAGLFKEEGGLDFLGRQDTDYRSMEYRDVDHRLPGSQMFGYGQSKSFPEGKTARDAQRDLQDQDYRTGPSEEKPSRLIRLSGVPEDATKEEILNAFRTPDGMPVKNLQLKEYNTGYDYGYVCVEFSLLEDAIGCMEANQGTLMIQDKEVTLEYVSSLDFWYCKRCKANIGGHRSSCSFCKNPREVTEAKQELITYPQPQKTSIPAPLEKQPNQPLRPADKEPEPRKREEGQESRLGHQKREAERYLPPSRREGPTFRRDRERESWSGETRQDGESKTIMLKRIYRSTPPEVIVEVLEPYVRLTTANVRIIKNRTGPMGHTYGFIDLDSHAEALRVVKILQNLDPPFSIDGKMVAVNLATGKRRNDSGDHSDHMHYYQGKKYFRDRRGGGRNSDWSSDTNRQGQQSSSDCYIYDSATGYYYDPLAGTYYDPNTQQEVYVPQDPGLPEEEEIKEKKPTSQGKSSSKKEMSKRDGKEKKDRGVTRFQENASEGKAPAEDVFKKPLPPTVKKEESPPPPKVVNPLIGLLGEYGGDSDYEEEEEEEQTPPPQPRTAQPQKREEQTKKENEEDKLTDWNKLACLLCRRQFPNKEVLIKHQQLSDLHKQNLEIHRKIKQSEQELAYLERREREGKFKGRGNDRREKLQSFDSPERKRIKYSRETDSDRKLVDKEDIDTSSKGGCVQQATGWRKGTGLGYGHPGLASSEEAEGRMRGPSVGASGRTSKRQSNETYRDAVRRVMFARYKELD
RNCMPT00056_RNCMPT.pkl,RBM8A,Q9Y5S9,MADVLDLHEAGGEDFAMDEDGDESIHKLKEKAKKRKGRGFGSEEGSRARMREDYDSVEQDGDEPGPQRSVEGWILFVTGVHEEATEEDIHDKFAEYGEIKNIHLNLDRRTGYLKGYTLVEYETYKEAQAAMEGLNGQDLMGQPISVDWCFVRGPPKGKRRGGRRRSRSPDRRRR
RBM15_ENCODE-HepG2.pkl,RBM15,Q96T37,MRTAGRDPVPRRSPRWRRAVPLCETSAGRRVTQLRGDDLRRPATMKGKERSPVKAKRSRGGEDSTSRGERSKKLGGSGGSNGSSSGKTDSGGGSRRSLHLDKSSSRGGSREYDTGGGSSSSRLHSYSSPSTKNSSGGGESRSSSRGGGGESRSSGAASSAPGGGDGAEYKTLKISELGSQLSDEAVEDGLFHEFKRFGDVSVKISHLSGSGSGDERVAFVNFRRPEDARAAKHARGRLVLYDRPLKIEAVYVSRRRSRSPLDKDTYPPSASVVGASVGGHRHPPGGGGGQRSLSPGGAALGYRDYRLQQLALGRLPPPPPPPLPRDLERERDYPFYERVRPAYSLEPRVGAGAGAAPFREVDEISPEDDQRANRTLFLGNLDITVTESDLRRAFDRFGVITEVDIKRPSRGQTSTYGFLKFENLDMSHRAKLAMSGKIIIRNPIKIGYGKATPTTRLWVGGLGPWVPLAALAREFDRFGTIRTIDYRKGDSWAYIQYESLDAAHAAWTHMRGFPLGGPDRRLRVDFADTEHRYQQQYLQPLPLTHYELVTDAFGHRAPDPLRGARDRTPPLLYRDRDRDLYPDSDWVPPPPPVRERSTRTAATSVPAYEPLDSLDRRRDGWSLDRDRGDRDLPSSRDQPRKRRLPEESGGRHLDRSPESDRPRKRHCAPSPDRSPELSSSRDRYNSDNDRSSRLLLERPSPIRDRRGSLEKSQGDKRDRKNSASAERDRKHRTTAPTEGKSPLKKEDRSDGSAPSTSTASSKLKSPSQKQDGGTAPVASASPKLCLAWQGMLLLKNSNFPSNMHLLQGDLQVASSLLVEGSTGGKVAQLKITQRLRLDQPKLDEVTRRIKVAGPNGYAILLAVPGSSDSRSSSSSAASDTATSTQRPLRNLVSYLKQKQAAGVISLPVGGNKDKENTGVLHAFPPCEFSQQFLDSPAKALAKSEEDYLVMIIVRGFGFQIGVRYENKKRENLALTLL
RBM22_ENCODE-K562.pkl,RBM22,Q9NW64,MATSLGSNTYNRQNWEDADFPILCQTCLGENPYIRMTKEKYGKECKICARPFTVFRWCPGVRMRFKKTEVCQTCSKLKNVCQTCLLDLEYGLPIQVRDAGLSFKDDMPKSDVNKEYYTQNMEREISNSDGTRPVGMLGKATSTSDMLLKLARTTPYYKRNRPHICSFWVKGECKRGEECPYRHEKPTDPDDPLADQNIKDRYYGINDPVADKLLKRASTMPRLDPPEDKTITTLYVGGLGDTITETDLRNHFYQFGEIRTITVVQRQQCAFIQFATRQAAEVAAEKSFNKLIVNGRRLNVKWGRSQAARGKEKEKDGTTDSGIKLEPVPGLPGALPPPPAAEEEASANYFNLPPSGPPAVVNIALPPPPGIAPPPPPGFGPHMFHPMGPPPPFMRAPGPIHYPSQDPQRMGAHAGKHSSP
RNCMPT00184_RNCMPT.pkl,RBM24,Q9BX46,MHTTQKDTTYTKIFVGGLPYHTTDASLRKYFEVFGEIEEAVVITDRQTGKSRGYGFVTMADRAAAERACKDPNPIIDGRKANVNLAYLGAKPRIMQPGFAFGVQQLHPALIQRPFGIPAHYVYPQAFVQPGVVIPHVQPTAAAASTTPYIDYTGAAYAQYSAAAAAAAAAAAYDQYPYAASPAAAGYVTAGGYGYAVQQPITAAAPGTAAAAAAAAAAAAAFGQYQPQQLQTDRMQ
RNCMPT00049_RNCMPT.pkl,RBM28,Q9NW13,MAGLTLFVGRLPPSARSEQLEELFSQVGPVKQCFVVTEKGSKACRGFGYVTFSMLEDVQRALKEITTFEGCKINVTVAKKKLRNKTKEKGKNENSECPKKEPKAKKAKVADKKARLIIRNLSFKCSEDDLKTVFAQFGAVLEVNIPRKPDGKMRGFGFVQFKNLLEAGKALKGMNMKEIKGRTVAVDWAVAKDKYKDTQSVSAIGEEKSHESKHQESVKKKGREEEDMEEEENDDDDDDDDEEDGVFDDEDEEEENIESKVTKPVQIQKRAVKRPAPAKSSDHSEEDSDLEESDSIDDGEELAQSDTSTEEQEDKAVQVSNKKKRKLPSDVNEGKTVFIRNLSFDSEEEELGELLQQFGELKYVRIVLHPDTEHSKGCAFAQFMTQEAAQKCLLAASPENEAGGLKLDGRQLKVDLAVTRDEAAKLQTTKVKKPTGTRNLYLAREGLIRAGTKAAEGVSAADMAKRERFELLKHQKLKDQNIFVSRTRLCLHNLPKAVDDKQLRKLLLSATSGEKGVRIKECRVMRDLKGVHGNMKGQSLGYAFAEFQEHEHALKALRLINNNPEIFGPLKRPIVEFSLEDRRKLKMKELRIQRSLQKMRSKPATGEPQKGQPEPAKDQQQKAAQHHTEEQSKVPPEQKRKAGSTSWTGFQTKAEVEQVELPDGKKRRKVLALPSHRGPKIRLRDKGKVKPVHPKKPKPQINQWKQEKQQLSSEQVSRKKAKGNKTETRFNQLVEQYKQKLLGPSKGAPLAKRSKWFDS
RNCMPT00053_RNCMPT.pkl,RBM41,Q96IZ5,MKRVNSCVKSDEHVLEELETEGERQLKSLLQHQLDTSVSIEECMSKKESFAPGTMYKPFGKEAAGTMTLSQFQTLHEKDQETASLRELGLNETEILIWKSHVSGEKKTKLRATPEAIQNRLQDIEERISERQRILCLPQRFAKSKQLTRREMEIEKSLFQGADRHSFLKALYYQDEPQKKNKGDPMNNLESFYQEMIMKKRLEEFQLMRGEPFASHSLVSATSVGDSGTAESPSLLQDKGKQAAQGKGPSLHVANVIDFSPEQCWTGPKKLTQPIEFVPEDEIQRNRLSEEEIRKIPMFSSYNPGEPNKVLYLKNLSPRVTERDLVSLFARFQEKKGPPIQFRMMTGRMRGQAFITFPNKEIAWQALHLVNGYKLHGKILVIEFGKNKKQRSNLQATSLISCATGSTTEISGS
RNCMPT00151_RNCMPT.pkl,RBM42,Q9BTD8,MAGAGPAPGLPGAGGPVVPGPGAGIPGKSGEERLKEMEAEMALFEQEVLGAPVPGIPTAVPAVPTVPTVPTVEAMQVPAAPVIRPIIATNTYQQVQQTLEARAAAAATVVPPMVGGPPFVGPVGFGPGDRSHLDSPEAREAMFLRRAAVAPQRAPILRPAFVPHVLQRADSALSSAAAGPRPMALRPPHQALVGPPLPGPPGPPMMLPPMARAPGPPLGSMAALRPPLEEPAAPRELGLGLGLGLKEKEEAVVAAAAGLEEASAAVAVGAGGAPAGPAVIGPSLPLALAMPLPEPEPLPLPLEVVRGLLPPLRIPELLSLRPRPRPPRPEPPPGLMALEVPEPLGEDKKKGKPEKLKRCIRTAAGSSWEDPSLLEWDADDFRIFCGDLGNEVNDDILARAFSRFPSFLKAKVIRDKRTGKTKGYGFVSFKDPSDYVRAMREMNGKYVGSRPIKLRKSMWKDRNLDVVRKKQKEKKKLGLR
RNCMPT00241_RNCMPT.pkl,RBM45,Q8IUH3,MDEAGSSASGGGFRPGVDSLDEPPNSRIFLVISKYTPESVLRERFSPFGDIQDIWVVRDKHTKESKGIAFVKFARSSQACRAMEEMHGQCLGPNDTKPIKVFIAQSRSSGSHRDVEDEELTRIFVMIPKSYTEEDLREKFKVYGDIEYCSIIKNKVTGESKGLGYVRYLKPSQAAQAIENCDRSFRAILAEPKNKASESSEQDYYSNMRQEALGHEPRVNMFPFVGEQQSEFSSFDKNDSRGQEAISKRLSVVSRVPFTEEQLFSIFDIVPGLEYCEVQRDPYSNYGHGVVQYFNVASAIYAKYKLHGFQYPPGNRIGVSFIDDGSNATDLLRKMATQMVAAQLASMVWNNPSQQQFMQFGGSSGSQLPQIQTDVVLPSCKKKAPAETPVKERLFIVFNPHPLPLDVLEDIFCRFGNLIEVYLVSGKNVGYAKYADRISANDAIATLHGKILNGVRLKVMLADSPREESNKRQRTY
RNCMPT00054_RNCMPT.pkl,RBM46,Q8TBY0,MNEENIDGTNGCSKVRTGIQNEAALLALMEKTGYNMVQENGQRKFGGPPPGWEGPPPPRGCEVFVGKIPRDMYEDELVPVFERAGKIYEFRLMMEFSGENRGYAFVMYTTKEEAQLAIRILNNYEIRPGKFIGVCVSLDNCRLFIGAIPKEKKKEEILDEMKKVTEGVVDVIVYPSATDKTKNRGFAFVEYESHRAAAMARRKLIPGTFQLWGHTIQVDWADPEKEVDEETMQRVKVLYVRNLMISTTEETIKAEFNKFKPGAVERVKKLRDYAFVHFFNREDAVAAMSVMNGKCIDGASIEVTLAKPVNKENTWRQHLNGQISPNSENLIVFANKEESHPKTLGKLPTLPARLNGQHSPSPPEVERCTYPFYPGTKLTPISMYSLKSNHFNSAVMHLDYYCNKNNWAPPEYYLYSTTSQDGKVLLVYKIVIPAIANGSQSYFMPDKLCTTLEDAKELAAQFTLLHLDYNFHRSSINSLSPVSATLSSGTPSVLPYTSRPYSYPGYPLSPTISLANGSHVGQRLCISNQASFF
RNCMPT00152_RNCMPT.pkl,RBMS1,P29558,MGKVWKQQMYPQYATYYYPQYLQAKQSLVPAHPMAPPSPSTTSSNNNSSSSSNSGWDQLSKTNLYIRGLPPHTTDQDLVKLCQPYGKIVSTKAILDKTTNKCKGYGFVDFDSPAAAQKAVSALKASGVQAQMAKQQEQDPTNLYISNLPLSMDEQELENMLKPFGQVISTRILRDSSGTSRGVGFARMESTEKCEAVIGHFNGKFIKTPPGVSAPTEPLLCKFADGGQKKRQNPNKYIPNGRPWHREGEVRLAGMTLTYDPTTAAIQNGFYPSPYSIATNRMITQTSITPYIASPVSAYQVQSPSWMQPQPYILQHPGAVLTPSMEHTMSLQPASMISPLAQQMSHLSLGSTGTYMPATSAMQGAYLPQYAHMQTTAVPVEEASGQQQVAVETSNDHSPYTFQPNK
RNCMPT00173_RNCMPT.pkl,RBMS3,Q6XE24,MGKRLDQPQMYPQYTYYYPHYLQTKQSYAPAPHPMAPPSPSTNSSSNNSSNNSSGEQLSKTNLYIRGLPPGTTDQDLIKLCQPYGKIVSTKAILDKNTNQCKGYGFVDFDSPAAAQKAVASLKANGVQAQMAKQQEQDPTNLYISNLPISMDEQELENMLKPFGHVISTRILRDANGVSRGVGFARMESTEKCEVVIQHFNGKYLKTPPGIPAPSEPLLCKFADGGQKKRQNQSKYTQNGRPWPREGEAGMALTYDPTAAIQNGFYSSPYSIATNRMIPQTSITPFIAASPVSTYQVQSTSWMPHPPYVMQPTGAVITPTMDHPMSMQPANMMGPLTQQMNHLSLGTTGTIQSQDRIMILHQLLCQYMTAAAPMQGTYIPQYTPVPPTAVSIEGVVADTSPQTVAPSSQDTSGQQQQIAVDTSNEHAPAYSYQQSKP
RNCMPT00063_RNCMPT.pkl,SAMD4A,Q9UPU9,MMFRDQVGVLAGWFKGWNECEQTVALLSLLKRVSQTQARFLQLCLEHSLADCAELHVLEREANSPGIINQWQQESKDKVISLLLTHLPLLKPGNLDAKVEYMKLLPKILAHSIEHNQHIEESRQLLSYALIHPATSLEDRSALAMWLNHLEDRTSTSFGGQNRGRSDSVDYGQTHYYHQRQNSDDKLNGWQNSRDSGICINASNWQDKSMGCENGHVPLYSSSSVPTTINTIGTSTSTILSGQAHHSPLKRSVSLTPPMNVPNQPLGHGWMSHEDLRARGPQCLPSDHAPLSPQSSVASSGSGGSEHLEDQTTARNTFQEEGSGMKDVPAWLKSLRLHKYAALFSQMTYEEMMALTECQLEAQNVTKGARHKIVISIQKLKERQNLLKSLERDIIEGGSLRIPLQELHQMILTPIKAYSSPSTTPEARRREPQAPRQPSLMGPESQSPDCKDGAAATGATATPSAGASGGLQPHQLSSCDGELAVAPLPEGDLPGQFTRVMGKVCTQLLVSRPDEENISSYLQLIDKCLIHEAFTETQKKRLLSWKQQVQKLFRSFPRKTLLDISGYRQQRNRGFGQSNSLPTAGSVGGGMGRRNPRQYQIPSRNVPSARLGLLGTSGFVSSNQRNTTATPTIMKQGRQNLWFANPGGSNSMPSRTHSSVQRTRSLPVHTSPQNMLMFQQPEFQLPVTEPDINNRLESLCLSMTEHALGDGVDRTSTI
RNCMPT00064_RNCMPT.pkl,SART3,Q15020,MATAAETSASEPEAESKAGPKADGEEDEVKAARTRRKVLSRAVAAATYKTMGPAWDQQEEGVSESDGDEYAMASSAESSPGEYEWEYDEEEEKNQLEIERLEEQLSINVYDYNCHVDLIRLLRLEGELTKVRMARQKMSEIFPLTEELWLEWLHDEISMAQDGLDREHVYDLFEKAVKDYICPNIWLEYGQYSVGGIGQKGGLEKVRSVFERALSSVGLHMTKGLALWEAYREFESAIVEAARLEKVHSLFRRQLAIPLYDMEATFAEYEEWSEDPIPESVIQNYNKALQQLEKYKPYEEALLQAEAPRLAEYQAYIDFEMKIGDPARIQLIFERALVENCLVPDLWIRYSQYLDRQLKVKDLVLSVHNRAIRNCPWTVALWSRYLLAMERHGVDHQVISVTFEKALNAGFIQATDYVEIWQAYLDYLRRRVDFKQDSSKELEELRAAFTRALEYLKQEVEERFNESGDPSCVIMQNWARIEARLCNNMQKARELWDSIMTRGNAKYANMWLEYYNLERAHGDTQHCRKALHRAVQCTSDYPEHVCEVLLTMERTEGSLEDWDIAVQKTETRLARVNEQRMKAAEKEAALVQQEEEKAEQRKRARAEKKALKKKKKIRGPEKRGADEDDEKEWGDDEEEQPSKRRRVENSIPAAGETQNVEVAAGPAGKCAAVDVEPPSKQKEKAASLKRDMPKVLHDSSKDSITVFVSNLPYSMQEPDTKLRPLFEACGEVVQIRPIFSNRGDFRGYCYVEFKEEKSALQALEMDRKSVEGRPMFVSPCVDKSKNPDFKVFRYSTSLEKHKLFISGLPFSCTKEELEEICKAHGTVKDLRLVTNRAGKPKGLAYVEYENESQASQAVMKMDGMTIKENIIKVAISNPPQRKVPEKPETRKAPGGPMLLPQTYGARGKGRTQLSLLPRALQRPSAAAPQAENGPAAAPAVAAPAATEAPKMSNADFAKLFLRK
SF3A3_ENCODE-HepG2.pkl,SF3A3,Q12874,METILEQQRRYHEEKERLMDVMAKEMLTKKSTLRDQINSDHRTRAMQDRYMEVSGNLRDLYDDKDGLRKEELNAISGPNEFAEFYNRLKQIKEFHRKHPNEICVPMSVEFEELLKARENPSEEAQNLVEFTDEEGYGRYLDLHDCYLKYINLKASEKLDYITYLSIFDQLFDIPKERKNAEYKRYLEMLLEYLQDYTDRVKPLQDQNELFGKIQAEFEKKWENGTFPGWPKETSSALTHAGAHLDLSAFSSWEELASLGLDRLKSALLALGLKCGGTLEERAQRLFSTKGKSLESLDTSLFAKNPKSKGTKRDTERNKDIAFLEAQIYEYVEILGEQRHLTHENVQRKQARTGEEREEEEEEQISESESEDEENEIIYNPKNLPLGWDGKPIPYWLYKLHGLNINYNCEICGNYTYRGPKAFQRHFAEWRHAHGMRCLGIPNTAHFANVTQIEDAVSLWAKLKLQKASERWQPDTEEEYEDSSGNVVNKKTYEDLKRQGLL
SF3B1_ENCODE-K562.pkl,SF3B1,O75533,MAKIAKTHEDIEAQIREIQGKKAALDEAQGVGLDSTGYYDQEIYGGSDSRFAGYVTSIAATELEDDDDDYSSSTSLLGQKKPGYHAPVALLNDIPQSTEQYDPFAEHRPPKIADREDEYKKHRRTMIISPERLDPFADGGKTPDPKMNARTYMDVMREQHLTKEEREIRQQLAEKAKAGELKVVNGAAASQPPSKRKRRWDQTADQTPGATPKKLSSWDQAETPGHTPSLRWDETPGRAKGSETPGATPGSKIWDPTPSHTPAGAATPGRGDTPGHATPGHGGATSSARKNRWDETPKTERDTPGHGSGWAETPRTDRGGDSIGETPTPGASKRKSRWDETPASQMGGSTPVLTPGKTPIGTPAMNMATPTPGHIMSMTPEQLQAWRWEREIDERNRPLSDEELDAMFPEGYKVLPPPAGYVPIRTPARKLTATPTPLGGMTGFHMQTEDRTMKSVNDQPSGNLPFLKPDDIQYFDKLLVDVDESTLSPEEQKERKIMKLLLKIKNGTPPMRKAALRQITDKAREFGAGPLFNQILPLLMSPTLEDQERHLLVKVIDRILYKLDDLVRPYVHKILVVIEPLLIDEDYYARVEGREIISNLAKAAGLATMISTMRPDIDNMDEYVRNTTARAFAVVASALGIPSLLPFLKAVCKSKKSWQARHTGIKIVQQIAILMGCAILPHLRSLVEIIEHGLVDEQQKVRTISALAIAALAEAATPYGIESFDSVLKPLWKGIRQHRGKGLAAFLKAIGYLIPLMDAEYANYYTREVMLILIREFQSPDEEMKKIVLKVVKQCCGTDGVEANYIKTEILPPFFKHFWQHRMALDRRNYRQLVDTTVELANKVGAAEIISRIVDDLKDEAEQYRKMVMETIEKIMGNLGAADIDHKLEEQLIDGILYAFQEQTTEDSVMLNGFGTVVNALGKRVKPYLPQICGTVLWRLNNKSAKVRQQAADLISRTAVVMKTCQEEKLMGHLGVVLYEYLGEEYPEVLGSILGALKAIVNVIGMHKMTPPIKDLLPRLTPILKNRHEKVQENCIDLVGRIADRGAEYVSAREWMRICFELLELLKAHKKAIRRATVNTFGYIAKAIGPHDVLATLLNNLKVQERQNRVCTTVAIAIVAETCSPFTVLPALMNEYRVPELNVQNGVLKSLSFLFEYIGEMGKDYIYAVTPLLEDALMDRDLVHRQTASAVVQHMSLGVYGFGCEDSLNHLLNYVWPNVFETSPHVIQAVMGALEGLRVAIGPCRMLQYCLQGLFHPARKVRDVYWKIYNSIYIGSQDALIAHYPRIYNDDKNTYIRYELDYIL
SF3B4_ENCODE-K562.pkl,SF3B4,Q15427,MAAGPISERNQDATVYVGGLDEKVSEPLLWELFLQAGPVVNTHMPKDRVTGQHQGYGFVEFLSEEDADYAIKIMNMIKLYGKPIRVNKASAHNKNLDVGANIFIGNLDPEIDEKLLYDTFSAFGVILQTPKIMRDPDTGNSKGYAFINFASFDASDAAIEAMNGQYLCNRPITVSYAFKKDSKGERHGSAAERLLAAQNPLSQADRPHQLFADAPPPPSAPNPVVSSLGSGLPPPGMPPPGSFPPPVPPPGALPPGIPPAMPPPPMPPGAAGHGPPSAGTPGAGHPGHGHSHPHPFPPGGMPHPGMSQMQLAHHGPHGLGHPHAGPPGSGGQPPPRPPPGMPHPGPPPMGMPPRGPPFGSPMGHPGPMPPHGMRGPPPLMPPHGYTGPPRPPPYGYQRGPLPPPRPTPRPPVPPRGPLRGPLPQ
RNCMPT00177_RNCMPT.pkl,SFPQ,P23246,MSRDRFRSRGGGGGGFHRRGGGGGRGGLHDFRSPPPGMGLNQNRGPMGPGPGQSGPKPPIPPPPPHQQQQQPPPQQPPPQQPPPHQPPPHPQPHQQQQPPPPPQDSSKPVVAQGPGPAPGVGSAPPASSSAPPATPPTSGAPPGSGPGPTPTPPPAVTSAPPGAPPPTPPSSGVPTTPPQAGGPPPPPAAVPGPGPGPKQGPGPGGPKGGKMPGGPKPGGGPGLSTPGGHPKPPHRGGGEPRGGRQHHPPYHQQHHQGPPPGGPGGRSEEKISDSEGFKANLSLLRRPGEKTYTQRCRLFVGNLPADITEDEFKRLFAKYGEPGEVFINKGKGFGFIKLESRALAEIAKAELDDTPMRGRQLRVRFATHAAALSVRNLSPYVSNELLEEAFSQFGPIERAVVIVDDRGRSTGKGIVEFASKPAARKAFERCSEGVFLLTTTPRPVIVEPLEQLDDEDGLPEKLAQKNPMYQKERETPPRFAQHGTFEYEYSQRWKSLDEMEKQQREQVEKNMKDAKDKLESEMEDAYHEHQANLLRQDLMRRQEELRRMEELHNQEMQKRKEMQLRQEEERRRREEEMMIRQREMEEQMRRQREESYSRMGYMDPRERDMRMGGGGAMNMGDPYGSGGQKFPPLGGGGGIGYEANPGVPPATMSGSMMGSDMRTERFGQGGAGPVGGQGPRGMGPGTPAGYGRGREEYEGPNKKPRF
RNCMPT00070_RNCMPT.pkl,SNRNP70,P08621,MTQFLPPNLLALFAPRDPIPYLPPLEKLPHEKHHNQPYCGIAPYIREFEDPRDAPPPTRAETREERMERKRREKIERRQQEVETELKMWDPHNDPNAQGDAFKTLFVARVNYDTTESKLRREFEVYGPIKRIHMVYSKRSGKPRGYAFIEYEHERDMHSAYKHADGKKIDGRRVLVDVERGRTVKGWRPRRLGGGLGGTRRGGADVNIRHSGRDDTSRYDERPGPSPLPHRDRDRDRERERRERSRERDKERERRRSRSRDRRRRSRSRDKEERRRSRERSKDKDRDRKRRSSRSRERARRERERKEELRGGGGDMAEPSEAGDAPPDDGPPGELGPDGPDGPEEKGRDRDRERRRSHRSERERRRDRDRDRDRDREHKRGERGSERGRDEARGGGGGQDNGLEGLGNDSRDMYMESEGGDGYLAPENGYLMEAAPE
RNCMPT00071_RNCMPT.pkl,SNRPA,P09012,MAVPETRPNHTIYINNLNEKIKKDELKKSLYAIFSQFGQILDILVSRSLKMRGQAFVIFKEVSSATNALRSMQGFPFYDKPMRIQYAKTDSDIIAKMKGTFVERDRKREKRKPKSQETPATKKAVQGGGATPVVGAVQGPVPGMPPMTQAPRIMHHMPGQPPYMPPPGMIPPPGLAPGQIPPGAMPPQQLMPGQMPPAQPLSENPPNHILFLTNLPEETNELMLSMLFNQFPGFKEVRLVPGRHDIAFVEFDNEVQAGAARDALQGFKITQNNAMKISFAKK
SRSF1.pkl,SRSF1,Q07955,MSGGGVIRGPAGNNDCRIYVGNLPPDIRTKDIEDVFYKYGAIRDIDLKNRRGGPPFAFVEFEDPRDAEDAVYGRDGYDYDGYRLRVEFPRSGRGTGRGGGGGGGGGAPRGRYGPPSRRSENRVVVSGLPPSGSWQDLKDHMREAGDVCYADVYRDGTGVVEFVRKEDMTYAVRKLDNTKFRSHEGETAYIRVKVDGPRSPSYGRSRSRSRSRSRSRSRSNSRSRSYSPRRSRGSPRYSPRHSRSRSRT
RNCMPT00072_RNCMPT.pkl,SRSF2,Q01130,MSYGRPPPDVEGMTSLKVDNLTYRTSPDTLRRVFEKYGRVGDVYIPRDRYTKESRGFAFVRFHDKRDAEDAMDAMDGAVLDGRELRVQMARYGRPPDSHHSRRGPPPRRYGGGGYGRRSRSPRRRRRSRSRSRSRSRSRSRSRYSRSKSRSRTRSRSRSTSKSRSARRSKSKSSSVSRSRSRSRSRSRSRSPPPVSKRESKSRSRSKSPPKSPEEEGAVSS
SRSF5_GSE113813.pkl,SRSF5,Q13243,MSGCRVFIGRLNPAAREKDVERFFKGYGRIRDIDLKRGFGFVEFEDPRDADDAVYELDGKELCSERVTIEHARARSRGGRGRGRYSDRFSSRRPRNDRRNAPPVRTENRLIVENLSSRVSWQDLKDFMRQAGEVTFADAHRPKLNEGVVEFASYGDLKNAIEKLSGKEINGRKIKLIEGSKRHSRSRSRSRSRTRSSSRSRSRSRSRSRKSYSRSRSRSRSRSRSKSRSVSRSPVPEKSQKRGSSSRSKSPASVDRQRSRSRSRSRSVDSGN
SRSF6_GSE113813.pkl,SRSF6,Q13247,MPRVYIGRLSYNVREKDIQRFFSGYGRLLEVDLKNGYGFVEFEDSRDADDAVYELNGKELCGERVIVEHARGPRRDRDGYSYGSRSGGGGYSSRRTSGRDKYGPPVRTEYRLIVENLSSRCSWQDLKDFMRQAGEVTYADAHKERTNEGVIEFRSYSDMKRALDKLDGTEINGRNIRLIEDKPRTSHRRSYSGSRSRSRSRRRSRSRSRRSSRSRSRSISKSRSRSRSRSKGRSRSRSKGRKSRSKSKSKPKSDRGSHSHSRSRSKDEYEKSRSRSRSRSPKENGKGDIKSKSRSRSQSRSNSPLPVPPSKARSVSPPPKRATSRSRSRSRSKSRSRSRSSSRD
RNCMPT00073_RNCMPT.pkl,SRSF7,Q16629,MSRYGRYGGETKVYVGNLGTGAGKGELERAFSYYGPLRTVWIARNPPGFAFVEFEDPRDAEDAVRGLDGKVICGSRVRVELSTGMPRRSRFDRPPARRPFDPNDRCYECGEKGHYAYDCHRYSRRRRSRSRSRSHSRSRGRRYSRSRSRSRGRRSRSASPRRSRSISLRRSRSASLRRSRSGSIKGSRYFQSPSRSRSRSRSISRPRSSRSKSRSPSPKRSRSPSGSPRRSASPERMD
RNCMPT00074_RNCMPT.pkl,SRSF9,Q13242,MSGWADERGGEGDGRIYVGNLPTDVREKDLEDLFYKYGRIREIELKNRHGLVPFAFVRFEDPRDAEDAIYGRNGYDYGQCRLRVEFPRTYGGRGGWPRGGRNGPPTRRSDFRVLVSGLPPSGSWQDLKDHMREAGDVCYADVQKDGVGMVEYLRKEDMEYALRKLDDTKFRSHEGETSYIRVYPERSTSYGYSRSRSGSRGRDSPYQSRGSPHYFSPFRPY
RNCMPT00088_RNCMPT.pkl,SRSF10,O75494,MSRYLRPPNTSLFVRNVADDTRSEDLRREFGRYGPIVDVYVPLDFYTRRPRGFAYVQFEDVRDAEDALHNLDRKWICGRQIEIQFAQGDRKTPNQMKAKEGRNVYSSSRYDDYDRYRRSRSRSYERRRSRSRSFDYNYRRSYSPRNSRPTGRPRRSRSHSDNDRFKHRNRSFSRSKSNSRSRSKSQPKKEMKAKSRSRSASHTKTRGTSKTDSKTHYKSGSRYEKESRKKEPPRSKSQSRSQSRSRSKSRSRSWTSPKSSGH
TAF15.pkl,TAF15,Q92804,MSDSGSYGQSGGEQQSYSTYGNPGSQGYGQASQSYSGYGQTTDSSYGQNYSGYSSYGQSQSGYSQSYGGYENQKQSSYSQQPYNNQGQQQNMESSGSQGGRAPSYDQPDYGQQDSYDQQSGYDQHQGSYDEQSNYDQQHDSYSQNQQSYHSQRENYSHHTQDDRRDVSRYGEDNRGYGGSQGGGRGRGGYDKDGRGPMTGSSGGDRGGFKNFGGHRDYGPRTDADSESDNSDNNTIFVQGLGEGVSTDQVGEFFKQIGIIKTNKKTGKPMINLYTDKDTGKPKGEATVSFDDPPSAKAAIDWFDGKEFHGNIIKVSFATRRPEFMRGGGSGGGRRGRGGYRGRGGFQGRGGDPKSGDWVCPNPSCGNMNFARRNSCNQCNEPRPEDSRPSGGDFRGRGYGGERGYRGRGGRGGDRGGYGGDRSGGGYGGDRSSGGGYSGDRSGGGYGGDRSGGGYGGDRGGGYGGDRGGGYGGDRGGGYGGDRGGYGGDRGGGYGGDRGGYGGDRGGYGGDRGGYGGDRGGYGGDRSRGGYGGDRGGGSGYGGDRSGGYGGDRSGGGYGGDRGGGYGGDRGGYGGKMGGRNDYRNDQRNRPY
TAF15.pkl,TAF15,Q16514,MNQFGPSALINLSNFSSIKPEPASTPPQGSMANSTAVVKIPGTPGAGGRLSPENNQVLTKKKLQDLVREVDPNEQLDEDVEEMLLQIADDFIESVVTAACQLARHRKSSTLEVKDVQLHLERQWNMWIPGFGSEEIRPYKKACTTEAHKQRMALIRKTTKK
TDP43.pkl,TARDBP,Q13148,MSEYIRVTEDENDEPIEIPSEDDGTVLLSTVTAQFPGACGLRYRNPVSQCMRGVRLVEGILHAPDAGWGNLVYVVNYPKDNKRKMDETDASSAVKVKRAVQKTSDLIVLGLPWKTTEQDLKEYFSTFGEVLMVQVKKDLKTGHSKGFGFVRFTEYETQVKVMSQRHMIDGRWCDCKLPNSKQSQDEPLRSRKVFVGRCTEDMTEDELREFFSQYGDVMDVFIPKPFRAFAFVTFADDQIAQSLCGEDLIIKGISVHISNAEPKHNSNRQLERSGRFGGNPGGFGNQGGFGNSRGGGAGLGNNQGSNMGGGMNFGAFSINPAMMAAAQAALQSSWGMMGMLASQQNQSGPSGNNQNQGNMQREPNQAFGSGNNSYSGSNSGAAIGWGSASNAGSGSGFNGGFGSSMDSKSSGWGM
TIA1.pkl,TIA1,P31483,MEDEMPKTLYVGNLSRDVTEALILQLFSQIGPCKNCKMIMDTAGNDPYCFVEFHEHRHAAAALAAMNGRKIMGKEVKVNWATTPSSQKKDTSSSTVVSTQRSQDHFHVFVGDLSPEITTEDIKAAFAPFGRISDARVVKDMATGKSKGYGFVSFFNKWDAENAIQQMGGQWLGGRQIRTNWATRKPPAPKSTYESNTKQLSYDEVVNQSSPSNCTVYCGGVTSGLTEQLMRQTFSPFGQIMEIRVFPDKGYSFVRFNSHESAAHAIVSVNGTTIEGHVVKCYWGKETLDMINPVQQQNQIGYPQPYGQWGQWYGNAQQIGQYMPNGWQVPAYGMYGQAWNQQGFNQTQSSAPWMGPNYGVQPPQGQNGSMLPNQPSGYRVAGYETQ
TIAL1.pkl,TIAL1,Q01085,MMEDDGQPRTLYVGNLSRDVTEVLILQLFSQIGPCKSCKMITEHTSNDPYCFVEFYEHRDAAAALAAMNGRKILGKEVKVNWATTPSSQKKDTSNHFHVFVGDLSPEITTEDIKSAFAPFGKISDARVVKDMATGKSKGYGFVSFYNKLDAENAIVHMGGQWLGGRQIRTNWATRKPPAPKSTQENNTKQLRFEDVVNQSSPKNCTVYCGGIASGLTDQLMRQTFSPFGQIMEIRVFPEKGYSFVRFSTHESAAHAIVSVNGTTIEGHVVKCYWGKESPDMTKNFQQVDYSQWGQWSQVYGNPQQYGQYMANGWQVPPYGVYGQPWNQQGFGVDQSPSAAWMGGFGAQPPQGQAPPPVIPPPNQAGYGMASYQTQ
TRA2A_ENCODE-HepG2.pkl,TRA2A,Q13595,MSDVEENNFEGRESRSQSKSPTGTPARVKSESRSGSRSPSRVSKHSESHSRSRSKSRSRSRRHSHRRYTRSRSHSHSHRRRSRSRSYTPEYRRRRSRSHSPMSNRRRHTGSRANPDPNTCLGVFGLSLYTTERDLREVFSRYGPLSGVNVVYDQRTGRSRGFAFVYFERIDDSKEAMERANGMELDGRRIRVDYSITKRAHTPTPGIYMGRPTHSGGGGGGGGGGGGGGGGRRRDSYYDRGYDRGYDRYEDYDYRYRRRSPSPYYSRYRSRSRSRSYSPRRY
TRA2B_GSE59335.pkl,TRA2B,P62995,MSDSGEQNYGERESRSASRSGSAHGSGKSARHTPARSRSKEDSRRSRSKSRSRSESRSRSRRSSRRHYTRSRSRSRSHRRSRSRSYSRDYRRRHSHSHSPMSTRRRHVGNRANPDPNCCLGVFGLSLYTTERDLREVFSKYGPIADVSIVYDQQSRRSRGFAFVYFENVDDAKEAKERANGMELDGRRIRVDFSITKRPHTPTPGIYMGRPTYGSSRRRDYYDRGYDRGYDDRDYYSRSYRGGGGGGGGWRAAQDRDQIYRRRSPSPYYSRGGYRSRSRSRSYSPRRY
RNCMPT00075_RNCMPT.pkl,TUT1,Q9H6E5,MAAVDSDVESLPRGGFRCCLCHVTTANRPSLDAHLGGRKHRHLVELRAARKAQGLRSVFVSGFPRDVDSAQLSEYFLAFGPVASVVMDKDKGVFAIVEMGDVGAREAVLSQSQHSLGGHRLRVRPREQKEFQSPASKSPKGAAPDSHQLAKALAEAADVGAQMIKLVGLRELSEAERQLRSLVVALMQEVFTEFFPGCVVHPFGSSINSFDVHGCDLDLFLDLGDLEEPQPVPKAPESPSLDSALASPLDPQALACTPASPPDSQPPASPQDSEALDFETPSSSLAPQTPDSALASETLASPQSLPPASPLLEDREEGDLGKASELAETPKEEKAEGAAMLELVGSILRGCVPGVYRVQTVPSARRPVVKFCHRPSGLHGDVSLSNRLALHNSRFLSLCSELDGRVRPLVYTLRCWAQGRGLSGSGPLLSNYALTLLVIYFLQTRDPPVLPTVSQLTQKAGEGEQVEVDGWDCSFPRDASRLEPSINVEPLSSLLAQFFSCVSCWDLRGSLLSLREGQALPVAGGLPSNLWEGLRLGPLNLQDPFDLSHNVAANVTSRVAGRLQNCCRAAANYCRSLQYQRRSSRGRDWGLLPLLQPSSPSSLLSATPIPLPLAPFTQLTAALVQVFREALGCHIEQATKRTRSEGGGTGESSQGGTSKRLKVDGQKNCCEEGKEEQQGCAGDGGEDRVEEMVIEVGEMVQDWAMQSPGQPGDLPLTTGKHGAPGEEGQPSHAALAERGPKGHEAAQEWSQGEAGKGASLPSSASWRCALWHRVWQGRRRARRRLQQQTKEGAGGGAGTRAGWLATEAQVTQELKGLSGGEERPETEPLLSFVASVSPADRMLTVTPLQDPQGLFPDLHHFLQVFLPQAIRHLK
U2AF1_ENCODE-HepG2.pkl,U2AF1,Q01081,MAEYLASIFGTEKDKVNCSFYFKIGACRHGDRCSRLHNKPTFSQTIALLNIYRNPQNSSQSADGLRCAVSDVEMQEHYDEFFEEVFTEMEEKYGEVEEMNVCDNLGDHLVGNVYVKFRREEDAEKAVIDLNNRWFNGQPIHAELSPVTDFREACCRQYEMGECTRGGFCNFMHLKPISRELRRELYGRRRKKHRSRSRSRERRSRSRDRGRGGGGGGGGGGGGRERDRRRSRDRERSGRF
U2AF1_ENCODE-HepG2.pkl,U2AF1,Q8WU68,MAEYLASIFGTEKDKVNCSFYFKIGVCRHGDRCSRLHNKPTFSQTIVLLNLYRNPQNTAQTADGSHCHVSDVEVQEHYDSFFEEVFTELQEKYGEIEEMNVCDNLGDHLVGNVYVKFRREEDGERAVAELSNRWFNGQAVHGELSPVTDFRESCCRQYEMGECTRGGFCNFMHLRPISQNLQRQLYGRGPRRRSPPRFHTGHHPRERNHRCSPDHWHGRF
U2AF1_ENCODE-K562.pkl,U2AF1,Q15696,MAAPEKMTFPEKPSHKKYRAALKKEKRKKRRQELARLRDSGLSQKEEEEDTFIEEQQLEEEKLLERERQRLHEEWLLREQKAQEEFRIKKEKEEAAKKRQEEQERKLKEQWEEQQRKEREEEEQKRQEKKEKEEALQKMLDQAENELENGTTWQNPEPPVDFRVMEKDRANCPFYSKTGACRFGDRCSRKHNFPTSSPTLLIKSMFTTFGMEQCRRDDYDPDASLEYSEEETYQQFLDFYEDVLPEFKNVGKVIQFKVSCNLEPHLRGNVYVQYQSEEECQAALSLFNGRWYAGRQLQCEFCPVTRWKMAICGLFEIQQCPRGKHCNFLHVFRNPNNEFWEANRDIYLSPDRTGSSFGKNSERRERMGHHDDYYSRLRGRRNPSPDHSYKRNGESERKSSRHRGKKSHKRTSKSRERHNSRSRGRNRDRSRDRSRGRGSRSRSRSRSRRSRRSRSQSSSRSRSRGRRRSGNRDRTVQSPKSK
U2AF1_ENCODE-K562.pkl,U2AF1,Q15695,MAALEKMTFPKKMTFPEKPSHKKYRAALKKEKRKKRRQELARLRDSGLSQEEEEDTFIEEQQLEEEKLLERERERLHEEWLLREQKAQEEFRIKKEKEEAAKKWLEEQERKLKEQWKEQQRKEREEEEQKQQEKKEKEEAVQKMLDQAENDLENSTTWQNPEPPVDFRVMEKDRANCPFYSKTGACRFGDRCSRKHNFPTSSPTLLIKSMFTTFGMEQCRRDDYDPDASLEYSEEETYQQFLDFYEDVLPEFKNVGKVIQFKVSCNLEPHLRGNVYVQYQSEEECQAALSLFNGRWYAGRQLQCEFCPVTRWKMAICGLFEIQQCPRGKHCNFLHVFRNPNNEFWEANRDIYLSSDQTGSSFGKNSERREKMGHHDHYYSRQRGRRNPSPDHTYKRNGESERKKSSHRGKKSHKRTSKSRERHNSPSRGRNRHRSWDQGRRSQSRRSHRSRSQSSSRCRSRGRRKSGNRDRTVQSPQSK
U2AF2_ENCODE-HepG2.pkl,U2AF2,P26368,MSDFDEFERQLNENKQERDKENRHRKRSHSRSRSRDRKRRSRSRDRRNRDQRSASRDRRRRSKPLTRGAKEEHGGLIRSPRHEKKKKVRKYWDVPPPGFEHITPMQYKAMQAAGQIPATALLPTMTPDGLAVTPTPVPVVGSQMTRQARRLYVGNIPFGITEEAMMDFFNAQMRLGGLTQAPGNPVLAVQINQDKNFAFLEFRSVDETTQAMAFDGIIFQGQSLKIRRPHDYQPLPGMSENPSVYVPGVVSTVVPDSAHKLFIGGLPNYLNDDQVKELLTSFGPLKAFNLVKDSATGLSKGYAFCEYVDINVTDQAIAGLNGMQLGDKKLLVQRASVGAKNATLVSPPSTINQTPVTLQVPGLMSSQVQMGGHPTEVLCLMNMVLPEELLDDEEYEEIVEDVRDECSKYGLVKSIEIPRPVDGVEVPGCGKIFVEFTSVFDCQKAMQGLTGRKFANRVVVTKYCDPDSYHRRDFW
RNCMPT00116_RNCMPT.pkl,YBX1,P67809,MSSEAETQQPPAAPPAAPALSAADTKPGTTGSGAGSGGPGGLTSAAPAGGDKKVIATKVLGTVKWFNVRNGYGFINRNDTKEDVFVHQTAIKKNNPRKYLRSVGDGETVEFDVVEGEKGAEAANVTGPGGVPVQGSKYAADRNHYRRYPRRRGPPRNYQQNYQNSESGEKNEGSESAPEGQAQQRRPYRRRRFPPYYMRRPYGRRPQYSNPPVQGEVMEGADNQGAGEQGRPVRQNMYRGYRPRFRRGPPRQRQPREDGNEEDKENQGDETQGQQPPQRRYRRNFNYRRRRPENPKPQDGKETKAADPPAENSSAPEAEQGGAE
RNCMPT00084_RNCMPT.pkl,YBX2,Q9Y2T7,MSEVEAAAGATAVPAATVPATAAGVVAVVVPVPAGEPQKGGGAGGGGGAASGPAAGTPSAPGSRTPGNPATAVSGTPAPPARSQADKPVLAIQVLGTVKWFNVRNGYGFINRNDTKEDVFVHQTAIKRNNPRKFLRSVGDGETVEFDVVEGEKGAEATNVTGPGGVPVKGSRYAPNRRKSRRFIPRPPSVAPPPMVAEIPSAGTGPGSKGERAEDSGQRPRRWCPPPFFYRRRFVRGPRPPNQQQPIEGTDRVEPKETAPLEGHQQQGDERVPPPRFRPRYRRPFRPRPRQQPTTEGGDGETKPSQGPADGSRPEPQRPRNRPYFQRRRQQAPGPQQAPGPRQPAAPETSAPVNSGDPTTTILE
RNCMPT00085_RNCMPT.pkl,ZC3H10,Q96K80,MPDRDSYANGTGSSGGGPGGGGSEEASGAGVGSGGASSDAICRDFLRNVCKRGKRCRYRHPDMSEVSNLGVSKNEFIFCHDFQNKECSRPNCRFIHGSKEDEDGYKKTGELPPRLRQKVAAGLGLSPADLPNGKEEVPICRDFLKGDCQRGAKCKFRHLQRDFEFDARGGGGTGGGSTGSVLPGRRHDLYDIYDLPDRGFEDHEPGPKRRRGGCCPPDGPHFESYEYSLAPPRGVECRLLEEENAMLRKRVEELKKQVSNLLATNEVLLEQNAQFRNQAKVITLSSTAPATEQTLAPTVGTVATFNHGIAQTHTTLSSQALQPRPVSQQELVAPAGAPAAPPTNAAPPAAPPPPPPHLTPEITPLSAALAQTIAQGMAPPPVSMAPVAVSVAPVAPVAVSMAQPLAGITMSHTTTPMVTYPIASQSMRITAMPH
RNCMPT00086_RNCMPT.pkl,ZC3H14,Q6PJT7,MEIGTEISRKIRSAIKGKLQELGAYVDEELPDYIMVMVANKKSQDQMTEDLSLFLGNNTIRFTVWLHGVLDKLRSVTTEPSSLKSSDTNIFDSNVPSNKSNFSRGDERRHEAAVPPLAIPSARPEKRDSRVSTSSQESKTTNVRQTYDDGAATRLMSTVKPLREPAPSEDVIDIKPEPDDLIDEDLNFVQENPLSQKKPTVTLTYGSSRPSIEIYRPPASRNADSGVHLNRLQFQQQQNSIHAAKQLDMQSSWVYETGRLCEPEVLNSLEETYSPFFRNNSEKMSMEDENFRKRKLPVVSSVVKVKKFNHDGEEEEEDDDYGSRTGSISSSVSVPAKPERRPSLPPSKQANKNLILKAISEAQESVTKTTNYSTVPQKQTLPVAPRTRTSQEELLAEVVQGQSRTPRISPPIKEEETKGDSVEKNQGTQQRQLLSRLQIDPVMAETLQMSQDYYDMESMVHADTRSFILKKPKLSEEVVVAPNQESGMKTADSLRVLSGHLMQTRDLVQPDKPASPKFIVTLDGVPSPPGYMSDQEEDMCFEGMKPVNQTAASNKGLRGLLHPQQLHLLSRQLEDPNGSFSNAEMSELSVAQKPEKLLERCKYWPACKNGDECAYHHPISPCKAFPNCKFAEKCLFVHPNCKYDAKCTKPDCPFTHVSRRIPVLSPKPAVAPPAPPSSSQLCRYFPACKKMECPFYHPKHCRFNTQCTRPDCTFYHPTINVPPRHALKWIRPQTSE
ZC3H7B.pkl,ZC3H7B,Q9UGR2,MERQKRKADIEKGLQFIQSTLPLKQEEYEAFLLKLVQNLFAEGNDLFREKDYKQALVQYMEGLNVADYAASDQVALPRELLCKLHVNRAACYFTMGLYEKALEDSEKALGLDSESIRALFRKARALNELGRHKEAYECSSRCSLALPHDESVTQLGQELAQKLGLRVRKAYKRPQELETFSLLSNGTAAGVADQGTSNGLGSIDDIETDCYVDPRGSPALLPSTPTMPLFPHVLDLLAPLDSSRTLPSTDSLDDFSDGDVFGPELDTLLDSLSLVQGGLSGSGVPSELPQLIPVFPGGTPLLPPVVGGSIPVSSPLPPASFGLVMDPSKKLAASVLDALDPPGPTLDPLDLLPYSETRLDALDSFGSTRGSLDKPDSFMEETNSQDHRPPSGAQKPAPSPEPCMPNTALLIKNPLAATHEFKQACQLCYPKTGPRAGDYTYREGLEHKCKRDILLGRLRSSEDQTWKRIRPRPTKTSFVGSYYLCKDMINKQDCKYGDNCTFAYHQEEIDVWTEERKGTLNRDLLFDPLGGVKRGSLTIAKLLKEHQGIFTFLCEICFDSKPRIISKGTKDSPSVCSNLAAKHSFYNNKCLVHIVRSTSLKYSKIRQFQEHFQFDVCRHEVRYGCLREDSCHFAHSFIELKVWLLQQYSGMTHEDIVQESKKYWQQMEAHAGKASSSMGAPRTHGPSTFDLQMKFVCGQCWRNGQVVEPDKDLKYCSAKARHCWTKERRVLLVMSKAKRKWVSVRPLPSIRNFPQQYDLCIHAQNGRKCQYVGNCSFAHSPEERDMWTFMKENKILDMQQTYDMWLKKHNPGKPGEGTPISSREGEKQIQMPTDYADIMMGYHCWLCGKNSNSKKQWQQHIQSEKHKEKVFTSDSDASGWAFRFPMGEFRLCDRLQKGKACPDGDKCRCAHGQEELNEWLDRREVLKQKLAKARKDMLLCPRDDDFGKYNFLLQEDGDLAGATPEAPAAAATATTGE
RNCMPT00087_RNCMPT.pkl,ZCRB1,Q8TBF4,MSGGLAPSKSTVYVSNLPFSLTNNDLYRIFSKYGKVVKVTIMKDKDTRKSKGVAFILFLDKDSAQNCTRAINNKQLFGRVIKASIAIDNGRAAEFIRRRNYFDKSKCYECGESGHLSYACPKNMLGEREPPKKKEKKKKKKAPEPEEEIEEVEESEDEGEDPALDSLSQAIAFQQAKIEEEQKKWKPSSGVPSTSDDSRRPRIKKSTYFSDEEELSD
RNCMPT00164_RNCMPT.pkl,ZNF638,Q14966,MSRPRFNPRGDFPLQRPRAPNPSGMRPPGPFMRPGSMGLPRFYPAGRARGIPHRFAGHESYQNMGPQRMNVQVTQHRTDPRLTKEKLDFHEAQQKKGKPHGSRWDDEPHISASVAVKQSSVTQVTEQSPKVQSRYTKESASSILASFGLSNEDLEELSRYPDEQLTPENMPLILRDIRMRKMGRRLPNLPSQSRNKETLGSEAVSSNVIDYGHASKYGYTEDPLEVRIYDPEIPTDEVENEFQSQQNISASVPNPNVICNSMFPVEDVFRQMDFPGESSNNRSFFSVESGTKMSGLHISGGQSVLEPIKSVNQSINQTVSQTMSQSLIPPSMNQQPFSSELISSVSQQERIPHEPVINSSNVHVGSRGSKKNYQSQADIPIRSPFGIVKASWLPKFSHADAQKMKRLPTPSMMNDYYAASPRIFPHLCSLCNVECSHLKDWIQHQNTSTHIESCRQLRQQYPDWNPEILPSRRNEGNRKENETPRRRSHSPSPRRSRRSSSSHRFRRSRSPMHYMYRPRSRSPRICHRFISRYRSRSRSRSPYRIRNPFRGSPKCFRSVSPERMSRRSVRSSDRKKALEDVVQRSGHGTEFNKQKHLEAADKGHSPAQKPKTSSGTKPSVKPTSATKSDSNLGGHSIRCKSKNLEDDTLSECKQVSDKAVSLQRKLRKEQSLHYGSVLLITELPEDGCTEEDVRKLFQPFGKVNDVLIVPYRKEAYLEMEFKEAITAIMKYIETTPLTIKGKSVKICVPGKKKAQNKEVKKKTLESKKVSASTLKRDADASKAVEIVTSTSAAKTGQAKASVAKVNKSTGKSASSVKSVVTVAVKGNKASIKTAKSGGKKSLEAKKTGNVKNKDSNKPVTIPENSEIKTSIEVKATENCAKEAISDAALEATENEPLNKETEEMCVMLVSNLPNKGYSVEEVYDLAKPFGGLKDILILSSHKKAYIEINRKAAESMVKFYTCFPVLMDGNQLSISMAPENMNIKDEEAIFITLVKENDPEANIDTIYDRFVHLDNLPEDGLQCVLCVGLQFGKVDHHVFISNRNKAILQLDSPESAQSMYSFLKQNPQNIGDHMLTCSLSPKIDLPEVQIEHDPELEKESPGLKNSPIDESEVQTATDSPSVKPNELEEESTPSIQTETLVQQEEPCEEEAEKATCDSDFAVETLELETQGEEVKEEIPLVASASVSIEQFTENAEECALNQQMFNSDLEKKGAEIINPKTALLPSDSVFAEERNLKGILEESPSEAEDFISGITQTMVEAVAEVEKNETVSEILPSTCIVTLVPGIPTGDEKTVDKKNISEKKGNMDEKEEKEFNTKETRMDLQIGTEKAEKNEGRMDAEKVEKMAAMKEKPAENTLFKAYPNKGVGQANKPDETSKTSILAVSDVSSSKPSIKAVIVSSPKAKATVSKTENQKSFPKSVPRDQINAEKKLSAKEFGLLKPTSARSGLAESSSKFKPTQSSLTRGGSGRISALQGKLSKLDYRDITKQSQETEARPSIMKRDDSNNKTLAEQNTKNPKSTTGRSSKSKEEPLFPFNLDEFVTVDEVIEEVNPSQAKQNPLKGKRKETLKNVPFSELNLKKKKGKTSTPRGVEGELSFVTLDEIGEEEDAAAHLAQALVTVDEVIDEEELNMEEMVKNSNSLFTLDELIDQDDCISHSEPKDVTVLSVAEEQDLLKQERLVTVDEIGEVEELPLNESADITFATLNTKGNEGDTVRDSIGFISSQVPEDPSTLVTVDEIQDDSSDLHLVTLDEVTEEDEDSLADFNNLKEELNFVTVDEVGEEEDGDNDLKVELAQSKNDHPTDKKGNRKKRAVDTKKTKLESLSQVGPVNENVMEEDLKTMIERHLTAKTPTKRVRIGKTLPSEKAVVTEPAKGEEAFQMSEVDEESGLKDSEPERKRKKTEDSSSGKSVASDVPEELDFLVPKAGFFCPICSLFYSGEKAMTNHCKSTRHKQNTEKFMAKQRKEKEQNEAEERSSR
