id,sequence,rank
O75525,GUUUUGUCUAGAAUCAAUUUAAGACAAUCACUUCUUACAGUAACUUUUAAA,1
O75525,GUUUUGGAUUAAAGCUUUAAACCAUUUCUAAUAAAACGAGAUUCUCUAGGUUUCAAACCGGUACUGCGACCAAUA,2
O75525,AAUUGAGAUCUUACAACAGACUGUCCGAGAAUGGCAUUAUUAAAUCCUACUUUUGGCUGGCUAUUUCGUAGGUAU,3
O75525,UCCUAGUAAAGAACUUUUCGAGCAUCGAUUUUGGUAUUUACCCCCUGUUGGCGACAACGGUGGGCAAGCCUAGCC,4
O75525,UUAAGAUAUUAAGGGUGGGCUGGUCCCUUAAGCACAAUUGAAUUUUUUUUUGAACAACCGUGUUUAAAUUCCAAC,5
O75525,GUUUUGGAUUAAGGCUGACACUGACCGAGACCUUAGAGUGAGAAUCCUAUUUAAAAUAAAGCAUCUUGAUUUAUU,6
O75525,GUUUUUUAUAGAGGUUAACUAAGAAUAUAAAAUAAAAAGAUUAAUUUAAAAUUUUAAUUAAAUAUUAAUAAAUUC,7
O75525,GUUGUUUCUAACCUUUAAAUAAAAAUCAACCUGAACGUUUUAACUCG,8
O75525,GUUUUGGACUAUACUGUAAUAAGAUGAAACCCGAUGCAUUUAGGACUUGCUAUUAAUAAGGUUAUACGUAGGUCU,9
O75525,UCUUGCUAAGACAACGUUCAAGCUCCAAUUUCACUUGUUGGAGUUUUGGGCAAUAAACAAUUGGCGACGAGGAUG,10
O75525,GUUUCUAUUUUGAAACGAAAAUUUUGAUUAAUUAAGAUUAAAAAUGGAAGAUUUUAAUUAGAGUUAAAAUAUUAU,11
O75525,GUUUUUUGUAUAGGAAUUCUAAAAUAAUAAAAUUAAAUAAAGAAAUUAAAGCUUCAAUUAGAUAUUAAAUCAUUA,12
O75525,GUUGUUUAGAUGAGUCUUCAAAGAAUCUAAUAAAUAAUUAAUUAUAUUAUUGAAUAAUUUUUUAUUAAAUAAUUC,13
O75525,GUUUUUGAAUUGAGAAUUUUAAAAAUCUAAGAAUAACGUAUUAAUGAUAAUAAGCAAUAACUAAUUAAAUCUUAU,14
O75525,GUUUUGUCAUUUUUAAAUUUUUUUCAAGGAAACGAAAUUCUAAUUGAAAGACAUUUAUUUUUUUUUUAUUAUCAC,15
O75525,GUUUUCUAUUAAGAUCAAAUAAGAAUAAAAAGAAAAAAUUUUAAUUUAAGAAUUUUAAUAGAUAAAUUAUAUUUU,16
O75525,AGUUUUUAAAAGGGCGAUUAUUUUCCAUGAUAAAAGCGUGAAGUUUUUAAAAUUAAUGGCCUUUUAAGGUGCCCG,17
O75525,GUUUUAGCCCAUAUCAGACUGAAAGCAUCGUUGGCGUUCUGAUCUCUAGUAGUAAAAAGGGUGUCUGAGUUAGAU,18
O75525,GUUGUUGGCGAUAUUGAGUAAGAAACACGAUACUAGUCUAAUUCCUUUGUUUUUUAUUUUUUUUUUUAAUGAGAG,19
O75525,GCCCUGGGUAAUUCGUAAACAACGGGAAGAACAAGCAGUAUAAUUUUGGAGAAUAAUUAAGAUUGUAAAACUUAU,20
O75525,GUUUUAGCUUACGCGUAAUUAAAGCAUAACAUGACCAUUUGCAUUUUUACUGGGCAAGGUUUUCUCAGAGUAUAU,21
O75525,AAAAAGGGAUGAAUCUGUGCGAAUGCCUAAGGCUAAAUUUGUUAUUUUGCUACUAACUGCUAUUUCGGUUGGCGG,22
O75525,GUUUUGGACCCGACAGCAGGACCACACAGAGCACUGUUUGCGUAUUUUAUUUUUUAUUGCUAGGAUUGUAACCCU,23
O75525,GUUUUUUAUUUGGGUUGAGGCUGAAAUUAUAAAAAAAUUAUUAAAUUUAAUAAAAAUUAAAAAUUUAAUAUAUUC,24
O75525,GUGUUUGAAUUUUUUCGAAUAAAAAAAUAUUAAUAAAUUAAGAAUUUAGGAUAUCAUUUAUUUAUUAAAUUCUUC,25
O75525,UCCUGGUAAGAAACGGUCAUAAGAACAAUACCAGCAAUUUUACUAGAGGAUUUUAAACGGGUGCUUUGUGGGUCG,26
O75525,GUAUUAGCCACAGCAGCAGUAAUUCAUUCAUUUUUACAUUGAAUUUUUGCUAAUCGCAGUUGGUCUCUAGUCAAU,27
O75525,GUUUUGUUUGAUCUAAAAAGAAAAUCAACCCUCCCCCUAGAAAUUAGAGUUUUUAUAACUUGGUUAAUACUCAUG,28
O75525,GCCACUUAUCUAAGCGAUGUGAGAAUGCUAUUGCAAUAGCAGUCUUAAGGCAAACAGUCGUUGGUUAUAUCGUUG,29
O75525,AAAAAUUUAAAAUAAAAAAUAUUUAGAAAUUUUUUUUUAAGAGAUUUUGCUCGCCUUGAAUCGCAAAGUGUAAUG,30
O75525,GUUUUAGCCAGCAUGAAUUUAAAGCAAAACCAUCACCUUUAAAUGAUUGGGUAAAACUCAUGCACUUAAUGAUGA,31
O75525,GUUUUGGAGAAUUUUCAAAAAAUUCAAUGAAUAUAACUUUUUGGUUUUGGAAGAGAUUUUUUUUUUCCUAGAGAC,32
O75525,GUUGUGUGUAGUUUUUAUAUUUUAAAAAAUAGAUAGGUAAUUUUUUUCUUUAAAAUAUAAGAGUUAAAAUAAAUA,33
O75525,GUUGUUUUUACUUUAGAAAGAAAAACGUGAUAACCCCUUAUUAUUUUAGGUGAAAAUGUUUUAAUUUGAUCCUAC,34
O75525,GUUUUAGCCCAUAUCAGGAGUGAUCAUCCGUAUCUCUUCUGAUCUAC,35
O75525,GCCUUUGGUAAAAACACAUCAGCUCAAAGUUCACAAAUUAGAAUUUUUUUGCAUUGCAA,36
O75525,GUUUUGUAUUAAGGUUCAAAACUUCCAUUUUUUUAAAUUAAAAUAGGCUUGUUUGUAUUUUAGUUUUAAUCCUUA,37
O75525,GUUUUGGAUUAAGAGUGAAUAAGAUACUACCCUUAACGGAUUACUUUUAAAGACAAUGGACUACUAAGUUCAGUU,38
O75525,GUUUUUGAAUUUUUUUAUAUUCUUUUAAGAAAAAAGGUUACGAAUGUCAGAUAAACAAGUACGUCACGAUCCUUA,39
O75525,GUUUUAGCCAGCAUUAAUUUAAAAAUCAAAAUUCAUAUUUUUGAUUUUAGGGAUCAAAAAGCACAACGAUCAUAU,40
O75525,GUUUUAGCCCAUAUCAGAUGAAAAUUCCUAAAUCCGCGUAAAUAUUG,41
O75525,UUACUGGUUGAUCGCGAUAUUUGUACGUCCAGAUAGCGUUAAUCUUUAGGCUUCAAUCCGGCCUUUUGGGGAAAU,42
O75525,GUUUUAGCUUACGAGCAACACUAAGCGAAAAUUUACCAUGCCAAUUUUGUUUAUAGACCAGGCUCUAGAGGUUAU,43
O75525,GUUGUUUGUAUUUUUCGAAUUAAAAAUAGAACCAUAAUUAUUAUUUUUCUUUUUCUAAUUUAGGGAAAAUUCCGA,44
O75525,UUAAGUUAUUAAGGUUGAACACCCUUGAAUUUUGCAAUACCAACUUAUUGUUAUGAACCUUGGCUUAAAGUAAAA,45
O75525,GUUUUAGCAAUUAUCAGACUAAAUCAUCCAAUGGCGUUCAGAUUAUAGUAUAUUUAUAUAUAUAUUAUCCCAAAA,46
O75525,AAAAAUUAAUUUAAAAA,47
O75525,UUAUAGAGUCAAGCUACCAUUAUGUAUAACCUUUUGCAAGGCAUCUUUAGUUUUCAGCUUUUUCAAAGUGGGAAA,48
O75525,GUUAUGUGUUAUCGGAUACUAAGAUGAAAUUAUUAAAUUAAAAAUUUAUUUGAAAUAUUAGUUAUUAAAUCCAUC,49
O75525,GUUUUAGCGACCGCAAAAGUUUCUCACUGAAUUUAGGCUCUGCUAUUGUUUUAGCACCCAUUUUUAAUAUAAACA,50
O75525,GUUUUUGAAGACGGUCAAAUGAGAAGAUACAUGAUAAUAAUUAUUGAUGGUCUUAAAUUAGUUUUUAAAUCAAUA,51
O75525,GUUUUUUUUAGAGUGAUACUAAGAUAAAAAGAAAUAAUUAUUAAUUUAAGGAAUCAUAAAGAUAUUUUAUAUUAC,52
O75525,GUUUUAGCCAGCAUCAAACAGCUUAUUUAAUCAAAAAUUUAAAUUUUAAUUUGUCACAGCAAGACUUAAGGAUAU,53
O75525,GUUUUGGAAUUCAUAAGAAUUCCCUCAAGUUCCGUAAUUAAAUUUUUAAGGCGGCAUUUUCCGAUAAUAUAUAAC,54
O75525,GUUUUAGCUUACGACAGACAAAUAUUUAAAUAUGAUAUAUAAACUUUUGGCAAUCACAAAUAUUCUUGACCAUUU,55
O75525,GUUUUUGGUUAUAUUGAUCCAAAAACAUGAUUUACUAUUAUUAAUUUUUUUGAAAAAAA,56
O75525,AAAAAGGGUUGCUAAUGUGCAAGUCACGAGUGUAAUUUUAAA,57
O75525,UUAAUAAGUUAAGCUAAAAUUUUUUCAUGGCUAGCUUUUAGAGUUAUUGGUUUUUCAUUUUAGCCUAGUCCGACU,58
O75525,UUAAUAAGUUAAGCUAAAAUUCCUCCAAUUUCAAUUUUAUUAAUGUUUUAGGAUCCAAUUUAGUCUAGUGGGUAU,59
O75525,GUUUUAGCCCAUAUCAGACUGAAAUUACCGUUGGUGUUCUGAUAAAC,60
O75525,GUUGUAGCGGUCAAGUGACACUGAACCAAUAUUCAACAUGAUAAUCUUGGGUUUUAUUCCUAGA,61
O75525,GUUUUGGAAGAAUAUCAAAUAAUAAAAUAAAUUAAAAUUUUUUUUUUAAGAAUUCAUUCGGUUUCUUAAUGGUUU,62
O75525,GUUUUGGAAUUGAGGUUCAAUUGCUUCCAGAAAUAGCGAUUGAGUACUGUUCAUAAUGAAUUUACUUGAUUAUGA,63
O75525,GUUUUGGAUUAUUUAGAAAUAAUCUAAUAAAAAAAGAUUACGGUUCCAGGCUAGCACCUUUUUUCUCGACCGAUC,64
O75525,GUUUUGGAUUAAGGUCCCAUGAUCUACUGAAGAUAACGUACGGCUUGUAGUUAGCAUGUUGUUUCUAGUCCAGAU,65
O75525,GUUUUGGAGAACGGGUAAUUGUCACCUAAUUUUUAGUUAGAAAUUGGGGGUCUUGCUACCCGCUUAAGUACCCCC,66
O75525,AAAUAGAAUUUUAAGGGAUGGCUUCCGUAAACAUGACAUUUCACUGGUACUCGUGCACGUGCACUACGUGGCGCG,67
O75525,GUUUUGGAUCAAGGCUUGAGCUAACAAAGACUAAUCCAUUUAAAUCG,68
O75525,UGGUAGCAUACAAGCGGUGAACGCAACAAUAUCAAUUUUUGGGUUUUUAACCGACACUGCGUUUUACGUAAAACG,69
O75525,GCGUGGAGGAUCAACUCCCUUUCAUUUAAAUUCAUUUUUCCAAUGGAAUUUUUUUGCAAAGUAUUUUUACUGAAU,70
O75525,GUUGUUUAGUUAAUUCGAAAAAGAAAAAAAUAAAAAAUUAUUUUUUUAUUUUUCCUAAAUUAAAAUUAAUUAUUC,71
O75525,GUUUUUUAUGACGGCGUGAGCUUAGAAAGAUGUGAAAUUAAUAUAUUUAAUUAAAAAGAAUUCUUUAAAUCAAUA,72
O75525,UCUGUAUGUUAAAAUCCAAGAGCUUGGAAAGCACGCGUUAGUUUCUGUAAUCAUUUUACCGCAUCUUGUGGUUAG,73
O75525,GUUUUAUAUAGGAUCUGGAUUCACUAAGAAACUUUAAUUACAUUUUUGGUUCAUAAAUCGACGGUAAUAUAAUUA,74
O75525,GUUUUAGCAAGAAUCAUCAGCUUUCCACUAUGUCACGCAGCGUUUAGUUACACAAGCAGAUUCAAUAGACUAAUG,75
O75525,GUUUUUUUUAUUUUAAGAAUAAGAAUAUAUAUUAUAGUUAUUAUUAGAGAUCAAUAUAUAGAGUCUUAAUCCGAC,76
O75525,GUUGUUUAGUUAACUAAAAAAACAUUAACUUA,77
O75525,UUAUAGAACCACUACGAGAUAAUUCACUGAUUUGGAUUUAUUAAUUUUGCUUACAACAAAGGCCUAAGACUAGUU,78
O75525,GUUUUGGAAUUCAUAAGAAUUUUUCUAUGAAGAAGGAUUUUUGGUAUAGUUCAACAUAAAGCAUUAAUAUUCCGG,79
O75525,GUUUUGGAAGAAUAUCAAAUAAUAAAAUAAAUUUAAAUUUUUUUUUUUAGAAUUCAUUUUUAAUCUUAAUAAAGG,80
O75525,GUUUUGUCUAACGACUUUUUAAAACGGAAAUAAACCCAUCAAACUGUUAUGCAUUUACCCCUGUUUAUUUCAAA,81
O75525,GCCAAAUCGAUCGAGUUAUGAAAAGGGAAACAACUUUUUUUUGGAGAGGCUCUGACAAGCCAUCUGAUGCCCACU,82
O75525,GUUUUAGCCAGCUAGAAACAGCUUAUUAAAAAUUAAAUUUAAACCUUUUU,83
O75525,GUUUUGGAUUAUCGGAACAUUUGAACAAACACUUAGCAUUUAAAGGUUGUUUUUGAUCCCCGCUGAAGAUGAUAG,84
O75525,UCUAAGUCGAUUUACUUUAGACCUUUUUAAAUGGGGUUAAUAGCUUUAGGGCGACAUACGUGACAAAUAUGGAGG,85
O75525,UUAAUCGAUCAAGGCGUGAGCUAACAUAAAUUUCACCAUUGAAAUUGGGCUUUUGAUGUUUUGAUCAGUGUGUUG,86
O75525,GUUUUAGCCCAUAUCAGCAGUGAUCCAUCGUAUCUGUUCUGAUCUCUAUUGUAAAUGCCGGUCAGUGUGUACAUC,87
O75525,GUUGUUUAAGAAUUAAAUUAAUUAUAAUAAAUUAAAAUUAGAUUUUAAGCUCUAAAUGAAUAGGAAAUCUCAGAG,88
O75525,GUUGUUUGAAUUUUUUAAAUUUUUUAAGGAAUUUAAGAAAUUUUUUUUAAUAUCCAUAAAAAUAUAAUUUAAAUC,89
O75525,UUAUAGAGUCUGCAUCAAAUUUGGAUCAAUUUGAAAUUUUUAAUGGUUUUGGACAAUUCAGAGUUUUUUACUCGA,90
O75525,GUUGUUUAUAUGAGAGAUUCUUUAUAAUAAAUUAAAAUUUUUUUUUUAAAAAAUAAUAAAAAAAUUAAUAACUUA,91
O75525,GUUUUAGCCCAUAUCAGAUGAAAACACCCGUUGGAUAUCUAAUGUCC,92
O75525,GUUUUGGAUGAAAGUCCCAUUGAACACAGAUGUUAGCAUCUAGCUUUAGUUUUUUUAUUUGCACUUGCUGCGGCG,93
O75525,UCCUAGCAAGAAAAUUAAAUUCAAGGGGAUUCACAAUUUAGGGGCAUUUUGCCAGAUUCGGCGAUUUGUUACCAU,94
O75525,GUUUUUUAUUGAGGUUGGAAAAAAACAAAUAUUAAAAUUAAAAUUUAUAAAAUUAUUAAAUUUAUAAAUAUAUUA,95
O75525,GUUUUUGGCGAAUACAUAGUAGGAAUUUAACUUUAGACAGGAUCUUUUAUGCUUUUUUCCCCGGUAAUAUGGUAC,96
O75525,GUUUAAGCCCAUGUCAGACUGAGAUAUUCAAAUCUUAUCUACUUGUAAGGGUAGCAAAGGGUAAUUAGACUAGAU,97
O75525,GUAUUAGCCACCUACAGACAGAGAUUUACAAAUUAAAUAAAAAAUUUUAAAAACACCAUUUAACACAGACUAGAG,98
O75525,UCUUAAACUUUGAACGGCUGAGCUCAUAAUUUGGCUAUUCAGCCUUUUGUUGCUGGCAAAGCGCUAAUGCCCGGG,99
O75525,GUUUUGGAUUAUUUUCGAAUAAUAAAAUAUUAAUAAUUUUUUUUUUUAGGAAGAUAUAUAAUUUCUUAGAGGAUU,100
O75525,UGUCUGGCUAACAUCAAUCUAAAAUCAUCAUCCUUUAUCAAAGUUUUUCCGUAAACAACGGAGUCUCGACUCGAU,101
O75525,GUAUUAGCCCAUAUCAACAGUAAUCAUCCAAUUCUUAUCUGAUCUUUG,102
O75525,GUUUUUUAUUAGGGUUAUCCGAAACCAAAAAAUUUGAUAUUAAUUGGAGGGCUUAAACCGUUGGAAAGGCGAUUA,103
O75525,GUUUCUGGCGAUGACUUUGAGAUGCAUGAUUUGAAGAUUUAAUUUUUUGGUGAUUUGCCAGCGGCAGGGCCUUAA,104
O75525,GUUUUAGCAAACAUCACACAAAAUCAUUCAUUUCAUAUCAUAUUGCUUCGGUAUUCUUUGAUCACUGAGUCAUGA,105
O75525,GUUGUUUUUAAUUUAGAAAUAAAAAUAAAAACCUAAGUUUUUAAUUUUCCGUUUUUUUCGGAGUCUUAAUGAGAU,106
O75525,UUCUGGUGAGAGACAAUUAUAUGGAACUUUGCUUUCCACUUGUAAGCCUUGCGCAAACCGCGACUACGACGAACG,107
O75525,GUUUUGGAUUAUGACUAAUUAAUUCCUAGAUAAAAAAUUAUUGGUUUUGGUCAGCAAAAAUUUUUAAAAUCCCUU,108
O75525,GUUUUAGCCCAUAUCAGAUGGAAACAUCCGUGAUUGUUCUAAUAAAC,109
O75525,GUUUUUGAAGAAGGCUGAUUGAUUCCAUAAAGAAAGAUUAAAAUUUUUAAAAAAAAUAAAGUCUUUAAUAUAAUA,110
O75525,UUAAUCAAUCAAAACGAUGAAAUUCUGGAAGAAAAAGUAUUAAUGUUUAUGUAUCUUGGCCCGUCUUUUUAAUUU,111
O75525,GUUUUAUAUUUUAGGAGACGCAGAUGGAAGAGACCAAUUAAAUUUUUUAGUCUUAAUUUUUUGGAAAAAUAAAAU,112
O75525,UCUAUAAUUCAAGCCAAUGUAAGUCAUUGUGUGAUACUUAGAAUCUUAUUUUAUCAAUUUUUAAAAAUGCAGAUU,113
O75525,GUUUUAGCCCAUAUCAACAGCUAUCAACCAAAAAACGUCUACUAUUG,114
O75525,GUUUUAGCCCAUAUCAGAUUAAAAUUCCCGUUGAACCUCCAAAAUCC,115
O75525,GUUUUUUUUAGAAGUUAAAUAAAGCAAUAUAUUUAAGUCGAUUUUUAAU,116
O75525,GUAUUAGCGGUCUACAUCAGCUAUUUAUGAAUGGAUCAUAACAUCUUAGGCACAAUCACAUUCAAAAAAUACAAU,117
O75525,UCCUUAGAGAACUUCGAGCAAAUGCAGAAGAGCAUUAUUCAAUAAUUUGUUUAUUGCUGUUUGGUCUGUUAAGCG,118
O75525,GUUGUGUGAGAUAGUGACAAAAGAUCUAAUUACCCCCUUGGAUUUUGCCUUUUUUGUGCUUGUUUAAGUAUUUGC,119
O75525,GUUUCUGGCGAUACCAAGUUAGAUACAUGGAGAACAUUUAUAAUUUUAACUUUUAUUUUUUUAUCUAUAAGGAAG,120
O75525,GUUUUAGCCAGCAUUAAACAGCAAUUUUAAAAUCCCGUUUAAAUUUUUUUUUAAAACAAAGAGACUUGAGGUUAU,121
O75525,AGUUUUGAUUAAGGCAAUCCAAUUAUAUUAAAAAUAAUUAUUGAAGAUUGGAAUAAAAUAAAA,122
O75525,UCUAUUUAAAUUACAGAAAUAAGAACAAUUUUGAAAGUGAUAUUUUUAUAGAGCUAACCGGAUUUUCAGCAGUCA,123
O75525,GUUUUUUAAUCGAGACGAAUUUUAAAAUAAAUUUAAAUAAUUUUUUUUAAUAAAAAAAAAGUAUUUAAAUAUUUC,124
O75525,GUUUUGUAUUUGGGUUUAAGCUGAACAUAUAGGAAAAUGAUUAUUGUUAAUUUAAAGCAAGUAACCAUAUUUGAU,125
O75525,GCGUGGGGGAUCAUUCUCCAAACUUUUCCCAUUAUACUUAAAGGUCUUAAAGUCAAUUUAUAGGUUUUUCCUAAG,126
O75525,GCCUGCGGCAAUUUGAAGCUAAAAGCAACAACUCCCCUUCUAGUAAUUGUGCAAAUUAAAGCGACUGGUUCAUCG,127
O75525,GUUUUGGAAUUCGAUCGGAUAAGAAUCAUAUUUUAAAUUAUUAUUAUUAAUCGAUAAUUAGAGGUUUUAUUCCGG,128
O75525,GUUUUAGCCAGCAUAAUACAGCCAAUUACAUUUCCAAUUGCAUUAUUUAUGAACAUAAAAUAUACUUAAGGAUAG,129
O75525,GUUUUUGAAUUAAGAGAUCUAAGAUAAAACAAGAUUAUUAAAUAAUUAAGAAAUAAAUA,130
O75525,GCCUUGUCUAAUUCUAGGAGAAAGUGAAGAAUGCAACUUACCGUUCUGGCUCGUAGCAGUUCGCUGCGUCCAGCG,131
O75525,GUUUUCUAUAAUUUGAAAAUAAUAGAAUAACCCGAACAAGGAUUUUUUAUUUUCAAUUCGAUAAAAAUAUCAUUC,132
O75525,GUUUUAGCCAGUAUCAGACUAAGAUAUUCAAUGUACCGUAGCGUAUUAUACAAGCACACCUAUUCUGAACUAGAU,133
O75525,GUUUUGGAAUCGAGUCGGAAUCCACUGAAUUAAAAGCCUGCGGCCCCUGCUUUUGAACCCCCGGCUGGUUGCCAA,134
O75525,GUUGUAGCCGUUAUAAAACUAGGUCAAAAUUGUCACAUUUUAGAUUAUAGGCUUUCAAGGGAGA,135
O75525,GUAAUUGUGAGGAGCUGACUAUGAUACAAUAUUUAUUUUUUUUCUUUUUUCUAAAGGAAAAAGGGAAGACCCGUA,136
O75525,GUUUUGGAUCCGGGGUAUCUAAGAUUUAAAACUUAACUUAGAAGAUUAAACAAUCAUAAAUUCUCUAAAGACAUA,137
O75525,UUAAUCAAUCAUAACGAUAGAACAAGAUCAUAACAAUGUUUAGGGUCCUGGUUUGAUGGUUGCAUUGCAGACUAU,138
O75525,GUUUUUUAGUAAGGCAAUAAAUCAUUAUUAAUAAAUAUUUUAGUUACUGGAAAUGGAAUUUUAAUUUGUAUGUAA,139
O75525,GUUGUUUCUAACCUAAUCCUAAAAUUCAACAUUCCGUUUAAACACUUGGGGCAAUACAGUAAGACUUUA,140
O75525,GUUGUGGAGAACACUGGUACAAGUCCAAGAAUGAACCUUAGUGGGUUUGAUAAUAUUAAAGCUA,141
O75525,GUUUCUUAAGUGAGACAAGCAAUAAAAUUACUUAAAAUUAUUAUAGAAGGUUAUAAAUAAGAGGAAAAUAGAUUA,142
O75525,GCCUUGCAUCGAAACAUUAUAGAGUGAAAAACACAACUUAGAAUAGAGGAGCAUGCACCGUUAA,143
O75525,GUUGUUUAUUGAGGUCUAAUAAUAAUAUUUAAAAAAAUUAUAAUUAUUUGUAAAAAAUUUUUUUUAAAAUAUUUU,144
O75525,GUUGUAGCCACUUAGAGAUUAUGAUGUAAAACUUAACGAGGACCUUUUAUUCACUAUUCCUAGACUAAAUACAAC,145
O75525,GUUUUGGGCAAAAUUAUAAAGAUUCAUAACCUUUAACCGAUUUUUCGGCCUUAUUAUUUUAAGUCUUAGUCAGAU,146
O75525,GUUUUGGACAUCACCGAGAGUAAAUGAACAAUGGAAAUUCAAAUUCCGUUUUUUAAAUUGGUA,147
O75525,AAUUUAAGUUAAGAUCAACUUUUUUUGAACAACUUUGUUACCUUAGAUUAUAAACAUGGUUGGCUAAAUUACGAU,148
O75525,GUUUUUGAUUAUGGCUAAAAAUGAUUCAAAAGAAAACAUAUAAAUGGAGUUUAAAAUAACCUAUCUAUAUCAUUA,149
O75525,UUAAGAAAGUGAAAUUGGGCUGCUUGAUAUUUGGUUUUAUGAUUAGGUUCUAAUAUUGGUAAUUUAAAGCUACUC,150
O75525,GUUUUGGAUGAUUUAGAUCUAAAAUAAUACCUUUAAAUUAGAGGCUUUAUUCA,151
O75525,GCGUGGGGCAAUUUCUUUCAAAAAUUCCCCAAACCCGUUCCAUUAUA,152
O75525,UUAAUAAGAUUAAAUUUUAGAUAACCGUAAGUGAUCUUUAUUUUUUUGACACGUGGCAUGGCUUCUGGUGCGAAU,153
O75525,GUUUUGUAUUAUGGAUGAAAAAUCUAAAAAAAAAAAAUUAUGAAAUUAAAUCCUUUUUUAUUUUUUUAAAGGGGA,154
O75525,AAAAAUAAAUUA,155
O75525,GUUGUUCUUACAAAUCAAAUAAGAACAAACAUUAAACGAAUAAUUCCGAUGAGUUAUUUUAUGAUAAUAAACUUA,156
O75525,GUUUUGUAUUUGAUUCGGAUAACAACGUGAUUUAUAGUUGGUGUUUUUGGUCAACUUGGUUCUUUAAGGAGAAUA,157
O75525,GUUUUGGACUAAGAUCGAAUAGUAACUUUAUCUUUUAAUUUAAAGGUUUUUGAAAAUUCCUAGGUUUAACCCCGG,158
O75525,GUUUUGGAAGACAUGGAAAUUCUUAGCUACCUUUAGAAGAUAGGUUUUAGUAAAGCAUUUCGUUUUUAGUCAUUC,159
O75525,GUUUUAGCCAGCAUCAGACUAAGGCAUUAUAAGAAAAUAGAUCUUUUUAUGACUUCAAGGAAUCUUUAACCAAUU,160
O75525,GUUUUUUAUAGAGGCGCCAUUUUAUACGAUGAAACGUUUAAUACUUUUAAUUAUAAAUUGUUACUUUGGCUAGGG,161
O75525,GUUUUAGCUUACGACAGCAGCUAUCAUUAAUCAAAUUUUCCCA,162
O75525,UUUUACUAUAAUAGAAAUAAAGCAAGGUUUUUGGAUGUGAUCUUUUUUUGGCAACAACCGUUGACUUGACCAGCG,163
O75525,GUUUUUUAUAGAGGUUGAAACUCCUGAAAAUUAAAAAUAAAAAUUCCAGUUAAUAAUCCGACGUCUUGACUAGCG,164
O75525,GUUUUGUUUGAAGAUCCCAUUAUAAAAUAAAUUAAAAUUAAAAGUUUUCGAGUUCUCUCAAUUUUUUAAUCAGAU,165
O75525,GUUUCUAUUUUGGUGAUUAUUAUAAAAUUAGACAUUAUUAAAAUUGGAGGAUUAAUGAAAGCCAUUUUAUUUGGA,166
O75525,GUAUUAGCCACUAUCAGACUGAGGUUAUAAAAUCUUAUUAGCGUAUAGGCUAUAAUAAAAGUUAAUAUGUAGUAU,167
O75525,AAAAAGGGUUGCUAAUGUGAACAUGCCAAGUCCUAAUUUUUAGUUUUAGCAAUUACGUAUUUUUGCAGACUCGAG,168
O75525,GCGUGAGGGUUCUCAGAAUUAACUCGGUAAACCUGCCUUGCCUUUUUUACUUACACAAGUUUA,169
O75525,UUAAGUUAUUAAGGUUGUUAACCACCGAAAUUUGCGUUAGUCUGCUGUAGCGAUACACGUUGUUCACGUACCCCG,170
O75525,GUUUUGGAUUAUUUCGAGAUAAAUCCAUGGAAAUAACGUAUUGGGUUUAAACGAAUUGAUUCGACUAUACCAGCG,171
O75525,GUUUUUGAAUACAGGUGAAAGCCCGCACAAAGCGUAAGUAAUAUUUUUAAUACUAAUUUUUUUAUUUAACCCCAA,172
O75525,GUUAUGCUGACAUUCAGUUAGACUCACGAAUUGGAAUUUAUAAUUUUAGGCUAUCACAAACAGUCUUGACUCAUC,173
O75525,AAAAAGGGAUGAAUCUGUGCGAAUGCCUGAAUGCAAAUUUUAGGGUCGCUUACUAUUAAAUGCCGCGGGGUGCAU,174
O75525,AAAAAGGGUUGCUAAUGUGAACCUGCGAAAGCAUAAUUAGUAGUAUUUCCUCGUACAUAUCAUUUAAUACUUAUU,175
O75525,UUAAUUAGAUAAGAUUAAAAUGUUAGAUAACUGAAAAUUGGUUUUUUUGCUUUUAUUGAAUUUAAAAACUCACAU,176
O75525,GUUGUUUCCAUAUGCGAUUUAAAAACUAAUAAAAAACGUAAUAAUACCUU,177
O75525,GUAUUUGAAUUUAAUCGAAGCUGAAUAAAAAUGAAAAUAAAAUUUCUAGGCAUUAUGUAAUUAUUUAAAUAAAUA,178
O75525,AGUUUUAGUUAAGGGAUUCUAAUUCACCGAAAGAUACAUAGAGAUUUUAAUCAACAACCGUUUACUUGAGCAGAU,179
O75525,GUUUUGGAUCAAAGUCGGAUUGAAAUUCUUGAAAAAAUACAAAAUCUUAAUCAUAAAACAGCACUUUGAUCAAUA,180
O75525,GUUUUGGAUUAUCGGAACAUUUGAUCAAACACUUAGCAUAUAAAUCUUAUUUUUAAUCAAGGGA,181
O75525,UUAAUCAAUCAAAACGAUAAAAUAAGAAAACAUUAACAUUUAAGGUUUUUCACUGACUUUUGACCGACUGAUUGU,182
O75525,AGUUUUUAUUAAAGGAAUCCAAUUACAUACCGAUUAAUUAGAAUAGAGUUGCUUAAACCGUUGGAAAGUAGGUUG,183
O75525,GUUUAUGAAUUAGGCGAUGAACUUUUCCUAAGAACAACUUUGGGCUUUAUGCGGCAUGGCCCAUUAAUGCCAACG,184
O75525,GUUUUGUAUUUGAGUCUCAUAAAAUAAUAUAAAAAAAUUAUUAAAUUAAAUUAAAAUUUUAUUAUUAAAUUAUUU,185
O75525,GUUUAGGCGACUUAACUCGUAACACACCACCGACUGCGCUAAGUAUAGUUGUAUUACCCUGCCACUGGACUCGGC,186
O75525,GUUUUUUUUAGAGAGAUUUAAAAAAUCAGAAUAACAGUUAUUAAUUUUUAACUUUAAUAUUUUAUCCGAUGGAAG,187
O75525,GUUUUGGAUUAAGGCUGAAAAUCCUACUAAAGCAAAAUAUUGGGAUUAAACAAUAUCAUAGUCUCUUGACCGGGG,188
O75525,GUUUUAGCCCAUAUCAGAUGGAAACACCCGUUGUAGUUCUAAAAAAC,189
O75525,GUUGUAGCGGCAAACCAUUCAACAGUUGAAUCUCUUAUUUUAGUUUUUACGCACCACCCCGAA,190
O75525,AAAAAGGGUUGCUACUGUGAAACUUCCGAAUCGUAAUUAUUAGUAUUUCCUAUUACCUAAGGACGCGGACUUAUU,191
O75525,GUUUUAGCCCAUAUCAGAUAGAAAUUCCCAAUUCUUAUCUGAUAUUU,192
O75525,GUUUUUGGUUAAGAUCAUAUAAGAACAUAGUAAUACCUUAAAAAUUUUAAAAAUUUUUUGGAGUUUAGAUCAAUU,193
O75525,UUUUAGAGAUCAAGUCUCAUUCUUUCAUUGUCUUUGCGAGCAGCUUACUUUCACGCACGCUCACUAAGGCCAGCG,194
O75525,GUUUUUGAAUUCGGCGGAAUUAUGCCAAGGAGAAAGCGUUAUGUAGUUAUGCAUAAAAAAGCCUUAAAAUCAUUC,195
O75525,GUUUUGGAAUGAUAUCAAAUAAUAAAAUAAAUUAAAAUUUUUUUUUUAAGAAGGGAUCUACUUUUCCAUCCUUUU,196
O75525,GUUUUAGCAAGGAUCAUCAGCUUUCAAUGAUCAAAUAUUCACCCUUUG,197
O75525,GUUUUUGAAGAAUUAAAAAUUUUAAUAUACAUUUAAAUUAAAUUUUUAAGAAUUUAUAAAUAAUCUAAAUUCAGA,198
O75525,GUUUUGGAUUAUAUAGAUGUAUUAACAUACCCGAAGCAGCACUCAUAGUUUUAGCAACCAGCAUUAAUAUGGUAG,199
O75525,GUUUUGGAAGAAUAUCAAAUAAUAAAAAAAAUUUAAAUUUUUAUUUUUU,200
O75525,GUUUUAGCCCAUAUCAGCAGCUAUCAAUCGAAAGCCUUCUACUAAGC,201
O75525,GUUUUCUUUAAUUGAAGAAUUAGAAAAUAAUAAUAAAUUAUUAAAUUAGUUCAAUUUAUAGAGUUUAAUAGAUUU,202
O75525,UCUAGUUAAUUUGGGUGGAUAUCCCCGAGGUUGACAGUCGAAGCACCGUUUUUUAUGCAAUUACUUACUUACAAC,203
O75525,GUUUUGGAUUAAGAAGCAUUACCUUUCUUAGGAAAGACUCUUUCUUGUAUUGACAAACCCCCACUAAUGGCUAUG,204
O75525,UUUGUAGAGAGCAGUAAAACAAUUGGAUAAUUAUAAAUAAUUAUUUUUGA,205
O75525,GUUUUUGAUUAUAGAGAUAUAAAACACUGAUAAUCCCGGCUAGCUUG,206
O75525,GUUUUAGAAUCGAGCAUUCCAAUGCAUUGAUAAAUAAUUAUUGGGGAAUGCUAGCACCCGAUGAUACGUAGAUUU,207
O75525,GUUUUAGCCAGCAUCAGACUAAGGUAACCGUGUAGGUUCAGAUAUACUAUUUAAAUUUAAGCAAAGAUACCAAUA,208
O75525,GUUUUGGAUUAAGGCUAGAAAUCAUACUCCCCUGACAUUCAGAAAGUUGGUUUUAAAUCGUUAACUUGUUGGUCU,209
O75525,GUUUUGGAAGAUUAUCAAAUAAUAAAAUAAAUUAAAAUUUUUUUUUUUAGAAGAGAUUAUGAAAAAAAAUCC,210
O75525,UCCUUAAUCUUGGGAAAACUAAGAUGGUGAAUUUAGAGAGGCUGUUUUUUGCAAGAUGGUUCUUUUUAGCCAAAC,211
O75525,GUAUUAAGUCAUAACAGGUUUUGAAGGUGAAGAGCCCAUCAAAAUUCUUUUGAGCAUAUUUUCAUUAAGGCAGAG,212
O75525,GUUUUGGAGAAUUUUCACAUAAUUCAAUGAAUUUAACUUAUUGGCUUUGGCACUCAUGAACGGGUCCCACUAGAU,213
O75525,GUUUUUUAUUUGAGGAAUUCGAAUAUUAAAGAAAAAAUUAUUAUUGAAAAUAAUUAAAAAAAAAUUAAUAACCCU,214
O75525,GUUUUUGGAGAAAGUCAAAAAAUAAAAUAAAACUUUAUUUUUAAUGAAAAUAGAAAAAUAGUUAUUAAAUCCUUC,215
O75525,GUUUUGGAAGAAAGUCAACCUUUUUAAUUUUAAAACAUAAUUGGCUUUAAAAGUUAUGCCGAA,216
O75525,AAGUAAGGUUGCUAUUGGCUGUUUCGGUAACCUGCAACUCU,217
O75525,UUAAUCGAUCAAGAUUGCGGCUGCUCGAAUUACUAUACGUAAUUGUUGGGCGAUGCAUCCACACGCAGUGCCCAU,218
O75525,GUUUUAGCCCAUAUCAGACUGAAAAUCCCGUUUCUGUGUCAAGAUCUAUAGUAGAUGAGUAAGAAACCUCUAUAC,219
O75525,GUUUUGUAUUUGAGGUUUAAAAGAGUUAAAUAAUAUUUUUUUCUUUUUAAAAAGAAAAA,220
O75525,GUUUUAGCCCAUAUCAGAUUAGAAUAACCAAUGGAUAUCUUAAUAAC,221
O75525,GUUUAGAGCGCUUACUACAUGAUUCAUUGAAUACCACACGCAGCAUUAGCUCAGCAUAAAUUCAUAAUACUAGAG,222
O75525,GUUUUAGCCCAUAUCAGACUAAAAGCAACGUUUCUUAUCUGAUGUCUUAUAGUAAUGCCCAAGAGUCCUCUAUAG,223
O75525,GUUUUUUAUUAUAGAGAUUAAAUAACAAUUACAAACCGAGAAGUUUUUAUUUUUAAACCGUUAAACCGACGAGCG,224
O75525,AGUUUUGGUUAAGAUCAACAAGCAAGGUAAUUUUUAAUUGGAGUAGUUGGUCUGAAACUUAAGUUAAGUCCUCCU,225
O75525,GUUUUAGCCAGCAUGAUCAGAUUUAUCAAAAUAAAUUUUUCAAUAUUUGGCAAUCACAGAUUUUCUUGACAAAGC,226
O75525,GUUUUUGGCGAAAUUAAUAAAGUAACAUAAUCUUUCAAAGCAAUAUUUUUUAACAUUUCAUUAUCUUGAGCGUUU,227
O75525,UUAUAGAGUACCUAUCAACUUAGUCCAUGGUUGGAAUUUAAAUUUUUAGCUGAGGGAUUUCUUUUUACUCCAAAU,228
O75525,GUUUUUGAAGACGGCGCAAUGGUUAGCAAGCCUUAGAUAGGAACCUUUAUUAUUAAUAAAUUCUCUAGAUCAGGG,229
O75525,UUAAUCAAUCAAAAAAAUACUGGAACAAAUUUUGACCAGAGAAUGGGUUUGAUUGAUCCGUGACUUGGAGAUUUG,230
O75525,UUAAUCAAUCAUGAUAGAAAAGGAAAAAACAUUGAAGUAAUUAUAGGAUUGAUUUAUGACCGGCUUAGAGACUUA,231
O75525,GUUGUUGGCGAUAGUGAAAAAGUUAUCAGAAACUAAAUUUUUGGGUUUUUUUUUAUUUUUUUUUUUUUUUUAAAC,232
O75525,GUUUUAGGCCAUAUCAAACUAGAAUUCCCGUUUAACAUCAGAAAUCCUAAAUUAAUAACUUAAAAUUGACUAUGA,233
O75525,GUUUUUUAUCGAAUAAGAAACAGAGAUAGACAAAUACAGCUUAAUCUAGCUACUUAAGAAGAGCAUACCCUAAUA,234
O75525,AAGUAUUGUUUAGGCUAAUUUUUGUUUUAAUUUGAUUGAUUUUUUUUUUUGCAAAAAUAAAAGAUAAAAUAAAAC,235
O75525,GUUUUGGAAUAAAGUCAACUAAUUCCAUGAUUGACUAUAGAAUUUGAUAUGCUUAAUUUUGCGGCUAUAUCCCUU,236
O75525,GCCUUGGGGAAAACUUUCAUAAAUUUCAACCCAAUUAUGUUAA,237
O75525,GUUUUAGCCAGUAUCAAUGUAAAAUCACCAAUGCAUAUCAGCACCUAAUACACUUCCACCGUCAUUGGACUAUAG,238
O75525,UUUUAGGACCAUGGCCGGAGCUGAAACAGCAGACACAAUCACGGGUUUAUGUAAAACAGGCGCUCUUGACCAGAU,239
O75525,GUUUUGGAUUAUCGGAUUCAAAGAUCAUACCCUGUGCGUUAAAAUCUUAUUUUUAAAUUUUUUAUUUGAAACAUA,240
O75525,UCCUAGUAAGAAGCGUUAAUACUAUCAUUUUCAAUUAUUAGGUUUUUAGCGUAGGCACA,241
O75525,GUUUUGGAAGACACUAAAAAAUUUCCAUACAUGAUUAUUUUAUUAGGGGCUAUUAAACAUUUACAAAGUCGGGGG,242
O75525,GUUUUAGCGGAAAUCAUCAGCUAUCACUCAAUAUCCAUCUGCAUUAC,243
O75525,AAUUUGAAUCAAACUACAUGGAGACCAUGCUUACCAUUAGCGUAUUUUACUUUUUGCCA,244
O75525,GUUUUGGAUGAAGGUCGGAUAAUUAGCUAUAUUGAAAUUUAAUAUAGAUAUCGAAAAUUUUUAUUUAAAUCAUUU,245
O75525,GUUUUGGAUUAUUUUCGGAUAAAAAAGUAAAAAUAACGUAUUGGUUUUAAUCAUCAAUCCCUAUUAAGAUCAGAG,246
O75525,GUUUUGUAUAAGAUUCGAAUAAUUAGAUAAUUUAAUAUUUUUAUUAUUAGAAUUCUUUUAGAGAUAAUAUUCUUA,247
O75525,UUAAUCGGUAAAAGGUUUUUGAGAACUAGAGGAUAACUUGGCUUUUUGGGUGAAUAUGCAUGUAUUAAGCCCGUC,248
O75525,GUAAUUGUGAGAGAUCGAACUAAAAAAUAAUUAUAAAUAAUUAAAUUAGCGAUUUAUGAAUAAAAAUAUUGGGAG,249
O75525,GUUGUCUCUUAUAUUGAAAUAAGAACAUUAUCUCAACGAAACUCUUUUAUGUUUUUUUCCCCACUUUUUCCGAGA,250
O75525,GUUUCUAGCGAAGAAAUUCUAAGAUAAUCAAUAAUUAUUAAAAUAGAUUUGAUGAAAUUUGAACUUUAAUUUUUG,251
O75525,GUAUUAGCCACUAUCAGACUGAGGUAAUCAAUUCAGUUUAUAGUAGUUAUGUACACAAGGGUACUUUGACUAAUC,252
O75525,GUUUUAGCCAGUAUCAAUCUAAAAUUCCCAAAUCUUAUCUAAUAAACAUAGUUUUCUAAG,253
O75525,GCCGUGGAUGAUCUAUAGCUAGAAUUCUAAACUGAAUUUGAAGUUUUCAGGCAGCAUCGUCUUA,254
O75525,AAGUAUUUUUUAGAGAAAUUAGUACCAUAUUUAAACUUUAGAUUUUUUUGUCUUUGGUGUUCGGGCAAAAGGAAC,255
O75525,GUUUUAGCCCAUGUCAGACUAAAAUUCCCGUUGUACAUCUGAACUCC,256
O75525,GUUUUAGCCCAUAUCAGACUAAAAUAACCAAUUCCGUUACUAUAUUAUAUAAAAACGCCG,257
O75525,UCUUAAACUUUUGACGUUGGCUGAAACUGGACUGCACACUAAAUUUGUA,258
O75525,GCCGUGGGGGGUUUGAUACCUGAAUCCCCGUCUUGACUUACAGAAGUUUUUCUUUAGAAAAAUUCUUGUAGAAUA,259
O75525,AAGUAUGAAUGAAAUCAAGGUCUUUUCGAUUUUUAUAUUUUCUUAGGUUUGCCAACACAAUGCUGCAAGUACCUU,260
O75525,AAAUAGAAUUUUAAGGGAAUGCUUCCAAACCUGGCAUGCCAAUUUGUUAUUUUUAAUCAAUUUUCUACUUGGUUU,261
O75525,GUUUUGGAAUAUCGGAAACUUUCGUUAGAAACUUAGAUAGGAACUCCGUUUUAGCAUUUUGCGGCUGAGCCGGAU,262
O75525,GUUUUAGCCCAUAUCAACAGUAAUCAUCCGUUUCUUAUCUGAUCUCUA,263
O75525,UUAAUCAAUCAAGAUUGAACAAGGAUUUAAGUGAAUGUACCAGGAGAGAGGCUUAAUGUUAUGUCUAAUAGCCCU,264
O75525,GUUUUAUUUAAGAAUCGAAUAUUUAAAUUAAUUAAAAUUUUUUUUUUAGCAAUUUAAUAAGAGUUCCGACGGAAG,265
O75525,GUUGUUGGCGAUAUUGAUUAAAAAGCUAGAUCUUUUAUUUUUAAUUUUGGAAAGCAAAAACCGUUUUCCCCGUAA,266
O75525,AGUUUAGCUUAAGAGCAUCAAACUCAUUGAUGACAUAUUUGAUUUUUA,267
O75525,UUAUACAAUUUGAACGGCCAAAGGUGGAAAACACAAUUUUUAGGGUGUUCUCGUGGCAUUGUGAAAAUGCGAUUU,268
O75525,UUAAGUUAUUAAGGUUGUGACCCCUGCAAUUUCUACGUACACUCUUUUGGUGAUACACGCGCGUAAAGUAGCCUA,269
O75525,GUUUUGGAUUAAGAUCAAAUAAUAAAAUAAAUCUAAAUUUUUAAUUUUAGAAGGAAUUUAGAGUCUCCUAGGUUU,270
O75525,GUUUUGGGCGAAGAUCAUGCGAGAACACCAAGUUAUAUUAUUUUUUUUGGGCAUGGCAAUAAGUUUUGGCCCGAC,271
O75525,AAAAAAUAAUAA,272
O75525,AAGUGGUGUAACCUAAGUCUUUUUACAUUAUCCUAAUUUAUUGAUUAGGGGUUUAAUCAAGGGACUUGACCCAGG,273
O75525,AAUUUAGAUCAAAGCAUCAGCUGACAUUGAAGUGCAAUACACUGUUAGUAUCGGCAACCGUGCUCUAGACCAGUU,274
O75525,GUUUUGGAGAUCAGUCAAAUUAUUUGACUAAUGAAUUGAAAUAUUGGCUUUGAGCAACGUUCUUUUAAAUUAGAA,275
O75525,UUAAUCAAUCAUGACGAUGGAAGAUUCAAUUUGGUUCGUAUUGGCUGUGGGAUUAUAUUAUGGGAAAUUUAAUUC,276
O75525,GUUUUAGCCAGCUCAAGAGAAAGUCACUCAUUUUAGCUAUUUAAUUCAUAAGAGCAUUAAGUACUACUGCUAAUA,277
O75525,GUUGUUUAUUUGAUUCUAAGAGACGAUAAAUUUAAAAUUCUAUUUAU,278
O75525,GUUUUUUAUUGAAGAAGUGGGAUGUCAUAAUUAAAAAUUAUUUGUUUAGCUUAAAAAAAAGUUACUAGUAGCGUG,279
O75525,GUUUUGGAUUUUUUUCGGGGGAUUAUUGGAUAUAAUAUUAUUAUUUUUGGAUAGGAUAUUUCAUUAAAAUAUGAU,280
O75525,UAGUAGUCUUUAAUCGGCAGAACUCACCCGUUGCUGAUGCCCUACUGUACGACUGGUUGGACACUAGGUCUAAAU,281
O75525,GCGUGGGGGAUGACGGCCUUCGGGUUGAAAACUCCUUUUUAGCUCUACCCUUGCUAAAGUUAACUCUGUACAGCG,282
O75525,GUUGUAGCGGUCAAUUACAGCUGUACUAACAAUUUCAUUCUUGAUUUG,283
O75525,GUUUUAGCCAGUAUCAGACUGAGAUCAUCAAUGGACAUCAGCUUAUAAGAGUAGAUAAGUGUAAUACCCUAACAG,284
O75525,GUUUUUGUUUUUCAAAAAACUUAAUUAUGAUUGAAUAUAAAAAUUGAAGACAGAACAAGGGAACUUAUAUCAAUA,285
O75525,GUUUUUUAUUUGAUUCGAAUAAAUAGAUAAUAAUAACGUAUUGGUUUUAAUCGGCAAUAAUUU,286
O75525,AAAUAUUAUUUUAAUAAUAAAUUUAGAGAAAUGAAAUUAAUCUUAUUUUAGCGGAAAUCGUUAUCUAAACCAUUU,287
O75525,GUUGUUUAUAUGAAUCUUAGAGAGACAUAUAUUAAGAUUAAUAAUCU,288
O75525,GUUUUAGCCAGCAUCAAACAGCCAAUUACAUUUUAAUUUAAUAAAUUA,289
O75525,GCAUUUAUUUUCUAAAGGAUAAGACAAUAGACCGCAUUUAUAAUUCUAGGGCGAUGAAGUCAGCAAUGUUCAGAC,290
O75525,GUUUUUGGCGAUAUUGAAAAAGUUGCACCAUCUUUUACUAAUAAUCCUACUUUUUUUUAAGCGUUCUGGUGAGAU,291
O75525,UUAAAGAACUGGAAUUCUGGGCCAUUCAAGGGUGUGUUUACGCCUUUUUGCGUUAAUGGCUGCACUUGUGUUAUU,292
O75525,GUUGUUUCUAAUUCAGAAAUAAAAACAUUUAUUUAAGUCAUUAUUUUAGAAAUUUAAUAAGAGCUCAAUGGCACG,293
O75525,GUUUUAGCAAUUAUCAUCAGCGAUCAAUCAAUUGAUAUCUGAUUUUUAUACACAAUGCCCGUUAAAAGACUAGAU,294
O75525,GUUUUGGAAUUUUUAAUUCCAAAAUAAUACCCGAAAAUUAUAAAUGGAAGAAAUUAACGGGAGCUUUGAUCAGAU,295
O75525,GUUUUAGCCAGCUAAUUCAGCAUUUUAAGAAUGGGCCAUUAAAUAUUA,296
O75525,GCGUGGGGGAUGACUCUCUUAGGAUUUAAAAUUCCCUUCGAGUCUCUGUUAUUACAUAGUUUGCUAAUGGGUAUA,297
O75525,GUAAUUGCAGAUUAAAUUCUCAAAUUCAGAAUUGACGUUAGCGUUACAUGGCAUCAACAAGUCGCUAAACGGAUG,298
O75525,UUAAGAAAAUAAAAUUGGGCUGGCUCCUGUGAAAAAAUUUACUUUUUAGCUUUUGUUGGCUGUUCUUGUCUUUUG,299
O75525,GUUUUUUAUUUGAGGAUUUCGAAAUAAUGAAUAAUAAUUAUUAAAAUUUUUUUAAAAAUAAAAAUUAAAAAA,300
O75525,GUUUUUUAUUUGAGGAUUGAAAUUGGAAAAAUUAUAAUUAAAAAAUUAUAUAAUAAAUUAGUUAUUAAUAUAAUC,301
O75525,GCGUGGGAUGCCAACAUCUUGGAGUUUUAUAUUAAUUUUCCGUCUUUUUUGACACACACGGCACAAAUUAAGUAU,302
O75525,GUUGUCGGCGAUAUCUAACUAGCAACUAAAUUUACUAAAGAAAUAUUUUUUAAAAAUUCGGAAACUUUAGCCGUA,303
O75525,UCUAAAUAAAAAUUUUAAAGACAAACGGAUGGGGAGCCAUUCGGUUGUAUUCAACACCGGUGCUCUGUGGCAACU,304
O75525,GUUUUGGAAGAUUUAAUCAUUCCAUGAAAAACACUUAUUUUCGUAUUUGAGCGACACACAUUU,305
O75525,GUUUUAGCCCAUAUCAGACUAAAAUAUUCGUGUCUCCACUGAUGUCC,306
O75525,UCCUUGUAAAGAAAGGAACUAGCAUUAAAACCAAGAAUUAGGAGACUUUGGGAUAAUGCGGCUACUUGUUCCGUC,307
O75525,GUUUUAGCCCAUAUCAGAUGGAAAUUCCCGUUCAACGUCUGAUGUCUUAAGCAGACAACCAA,308
O75525,GUUUUGGAUGAUUUAAUUCCUUUAAAAUGAUUAAAAAUUAUAAAUUUUUUUAAAAAUUUUUUUA,309
O75525,AGUUUUUAAAUUAAUCAAAUAGAAACAAAAUAGAAAAUAGACUUGGAUGGAAUUCACCGUGUUAUUAAUUUCCCU,310
O75525,GUUUUUGAAUGAGGAUUUCAAAGAAUAUAAAUAAAAAUAAUAAAUCCAUUUAAAAAUAUAAAAUCUAAAGGAGAU,311
O75525,AAUUGGAGUUAAGCUCUAUUAAGGCUCUGGUGAGCAUACUGCUGUUUUACUCUUAGCCAUUUUUAACCCCCAGCU,312
O75525,UUAAUGAGUCUGGCUCGUUUAAGUAAUAACAGAACAAUUAUUUUUUUUGGUUAUUGCAUUUCGGGAAGUGGAAAG,313
O75525,UUAAUAAGUUAGGACUGAUGUCUUUUGUAUUUUUAUCUUGAUACAGUUUUGUACAUGUAACCUCUAAUGUACGCG,314
O75525,UCUUAAAUUCUUGAGAGCUGCAGAUCCAGUUGGAGCAUUACCCCUCCGUGUGUUACACAAGCACUCGGUAGAGUG,315
O75525,GUUUUAGCUUACGAAGCACAAUGGCAUUAAUCCUAUUUUUUAGAUUUUGGCACCACCUGAUGGGUUGGACCAGGG,316
O75525,GCCGUGGGUAAUUCUGUAAUAGAGUACAUUACAGCACUUAGAGUUUUUAGUGGGCUAAAAGAGUUUUGUCCCGCG,317
O75525,GUUUUGGAAUUGAGGUUUAAAUUUCAUAAUUAAUUUUUUCUUUAAUUUGAAAAUCAAUU,318
O75525,UCAAUUUAAAUUACUUAAUUAGGAACAAUGAGGGCAGCAAUAGCUGAUACGCGCUGACGGUGGCAUCGCCAACCC,319
O75525,GUAAUUGUAGCAAGCAUUGUGAGACAGAAUUGCAUUUGUUUUAAUUUUGGGCGAAUUGAAGAGGCUAGUCCCGCG,320
O75525,UUUUAGAGAUCAAGUCAACUUAUUCGGUGAACAAAAAUUAUUGGUUUUAGACUUGAAAUUUUUUUUUGUCCAAAC,321
O75525,GUUUCUAUUUAGAGCGAUUACAGAAGGUAAGAGAUUUUUU,322
O75525,GUUUUAGCCACUUCUAGGACAGUUACUAGAAUGGCACUA,323
O75525,GUUGUUUCGAGCAUUUUAAUAAAUAAAAACCUUCACGUUAGAAAUUUUCCGUUUCACCGCAUUACUUUUAUCAGA,324
O75525,GUUUUGGAUUAAAGUCCAAUACUACCAUGGUUUUAGCAUGCCGGGUGCUUGCAACACCCCCCGGCUUGGUGCCGC,325
O75525,GUUUUAGCCAGCUCAAGGCAAAGCGCACCAGUGUGCAUCAGCAUUUUUAUUAAAGACAUUUUCAGACAGUAAAAU,326
O75525,GUUGUUUCAUAGAUUCGAAGAUUAACAUACUCCUUUAUUUUUUUCUUCUUAAACCGGAGUUUUACCGGACUCGGG,327
O75525,GUAUUAGCUCAAGCAUUAUGGAGGCAUAACAUUAAAAUCAGCUUAUUUGCUCGGCAACGGCUGUUCGGACCAACU,328
O75525,AAUUUUGAUUAAAGAUUAAGCUGUCAUUAGUGGAGUAUAUGAAGGCCGUAACUUAGCCAUUUGGCUAGUUAAGUU,329
O75525,ACCCUGAAAUCAAAUUGAACAAGAAUCGACAGUUACCAGUGAGGGGAGAUUAUUUUUGGCCAUUGUACCCGGAAU,330
O75525,GUAUUUCUUUACGGGAGAACAAGGCAAUAAGCUGAUUUUAUUGGUUUUGGGCGAAAUGUUGAGUUUUCCCCAGAA,331
O75525,GUAUUUGAAUCGGACGGCAUAGAGCAUAAAUUUAAACUUAUUACUUUCUUUGACAAUGGGGUUACAAGACCAGGG,332
O75525,GUUUUUUAUUAUAUUGAUUUAAAAACAUAAUAGAAAAUUAUUAUUUUAAAACAUUAAAAAGAGAUUCGGCGAGAC,333
O75525,GUUUUAGCCAGCUCAAGAUUAAGAAAUAACAGAGUUAUAGCCUUUUUUAGUAAUGAGCAUUUAAGUGGUCCAGCG,334
O75525,GUUUUUGAUCUGAGGAGUGAUGAACCACCAGGUGAGAAUAAAAUUCCGCUUUAAAAGCCGUUAUUUUGUAUGAUA,335
O75525,GUUUUUGGCGAUAUUAAUCAAAAAUUAAACCUUUUUAUUUUAAAAGUUGGAAAAAUAAGAGCACUAAAAUCUUUA,336
O75525,AAUUUGAAUCAAACUACAUGGAGAACAUCUUUGGUAAUAAGCUAUGGUGCUUUUAAACCAUGGGAACCUGCCCCG,337
O75525,UUAAUCAAUCAUGAAAAUAGAGGAUCGGAAGUGAAUCAGCACUCUUUGAUUUAUGAUGAAUGCAUUAUGGCAUUA,338
O75525,GUUUUGGAUGAUUUUCGAAUAAUAAAUAAAAUUAAUAUUAUUAUUUUUAGAAGAAAAUAAGUUUCUAUAUCAAUC,339
O75525,GUAAUUGAUCAAACAACAAUUGGAUGAUAAGUGCCUAUUAUUUUUCUGGGUAUGAUGCGCAAGCUUGCAGCUUUU,340
O75525,GUUUUGUCUAGAAGAAAUUCAAUUCCAUGAUCAAAAAUUAUUAUUUUUUGGCACAAUGGUUUGA,341
O75525,GUUUUGGAGAAUUUUCACAAAGAUUCAAUUUUUUUUAUUUUAGGGGUUAAAAUUCAUCAAGUUCUUCCUAGAGGG,342
O75525,GUUUUAGCCAGUAUCAACAGCUUUCAAAGAAUUUAAAUCAGAAAUUUGU,343
O75525,GUUUUGGAAUUGAGGUUUAUAAUUUUCUAAAUUUAACGAGUUUAUGUAGAAUAAAAUAUAUUUAUCCGAUAAAAU,344
O75525,UCUAGUUAAUAUACUGAAAAAUCCUUAAAAAUAGAAAUUUUAUUUUUUAAGGAUAAUGAGGAGCUUAGUUCAACC,345
O75525,GUAUUAGCGGUCUACAUCAGCUAUUGUCUGAUGAAUCGCUUAAUUUUUUUCACAAACACCAGCAAGAUGUAAAUA,346
O75525,GUUUUGGAUUUCGGGUAAAUUAUGUAAUAUAAAAAAAUUAAUAUUUUGUUUCGAAAAUUUUUUACUUUAUUUUUG,347
O75525,GUUAUGGCGGAUAAAAUCAUACUCUCCCUGUUUUACGGUGGCUACUAUGGCGACUAAUCUACUACUUGUUAAUAC,348
O75525,GUUUUGGAUUAUUUUGAUCCAAAAACAUGAUUAAUAAUUAUUAUUUUUGAUCAUUGAUUUGAGACUAAAUAAGAC,349
O75525,GUUUUUUAAUCGAGAAAACCUUGAUUAAGAUAACUAAUUUUUGGAGAAAGGCAUUUUGAAGCAGAAAGGGAAUUG,350
O75525,AAAUUGAAUCUUUCUACGAGGAUGCAUAUGCAACCACACUGGACUGUAUUGCGUGCACGUUUGCCUAGUCCGCCG,351
O75525,UUAAUAAGAGAAAGUUGUUGGUUUUCAUAUGUUAUAAUUGACUUUACAGGUUUAGGAUUGUUUACAAAAUCCAUG,352
O75525,GUUUUAGCAAUUAUCAAUCUAAAUCAAUCAAUUCCCAUCAGAUUUUAUCAGUUUUUAAA,353
O75525,GUUGUUUCCAAUAAGAUCUUAAAAACGAAAAUUCACCGAUUAAAUUUCUUUGACUUUUUUAUUACUUAAGUCAGA,354
O75525,GUUGUUUAGUUGAAUCUAAUAAAAUAAAAAUAAAUAAUUUUUUUAUU,355
O75525,GUUGUUGGCGAUUUUGAAAAAGCUGAAUCUAUUAAAAUUAAAAAUCUUUUUUAAAGUUUAAAGACUUAAUUUUUA,356
O75525,GUUGUUUCCGCAAUUAAUCCAAAAAUAAUACUUGUUAUUAAUAUAAAAAGGCAUUCAAAGGAGCUUUUAUCAAUU,357
O75525,GUUGUUUUUAUUUUAAAGAAUUUAACAUGAUUUUAACUUAUAAAUGUAAAUUUUUAUUUUUUUAUUAAUAUAAAU,358
O75525,GCCUUUGGUAAAACAAGAACAGCAUGACCUGCUAUUAUAAGAAUAGAUGAGCAUAAGCCGGCA,359
O75525,GUUUUGGAUGAAAGUCCCAUUUAACGGGCUUUUUAGCAUCAAGCUCCUAUGCGUGGCAAAGCGGCUAGUCCUAUG,360
O75525,GUUUUAGCCCAUAUCAGAUGAAAUCAUCCAAAUCCCGUCUGAUUAUG,361
O75525,GUUUUAGCCAGCAUCAGACAUAGAAUUUAAAAUUAAAUAGCCAUUUUUAUUUGAAACAGAGAGAUACCUUAAUUA,362
O75525,GUUUUUGAUUACGGGAAACCUAUUGGAUAAGUGAAUUGACAAAUUGAGUAUCAUAGCCAAAAUUUUUCCCCAAAA,363
O75525,GUUUUGUCUAACGACUUUCAAAUUCAAUGAUAAAAUAUUCAAGAUUUUGGGUAAAUAAAAGGGGUUUUACCCCGU,364
O75525,GUUUUAGCCAAUUCAAGAUUAAGAAAAAACAUGAACCAGAGCAAUUUUAGUUUUUAACAAGCAUCUAAUGGAUUU,365
O75525,GUUUUGUAUUAGAUAGAUAUAAAAACAUAUAAAGAAAUUUUUUUUUUUAAAAUUUAAAAAGAGAUCCCAUCCCGG,366
O75525,UUUUAGAGAUCAAGUCAACUUUGAAGGUACAAUUUGGUGGCCUGGUGGUGUCAACAACGGUCGCUAAGGGCGUUU,367
O75525,GUUUUGGAGAGCAUCGAAGAACCAACACAGACAUAUUUAGGCGCAUUUAUUUUAAAUUAUUUUCUUUGACUAUCG,368
O75525,GUUUUGGAUUAUUUAGAUCUAAGAACAUGAUACGAAAUUAUUGGUUUAGGACAAUAAUUUUUUUUAAUAUCGAAC,369
O75525,GUUUUAGCCACUAUCAAUGUAAAACACCCAAUUCAUAUCAGAACUUUUAUAGAAAUUUUUUAGAGACCUUACCAU,370
O75525,GUUUUGGAAGACAUAAGUCCUUUGACAUUAGCGAAUAUUUUAUUAACGUUUGAUCAUAAAUUACUUUGAUUAAGG,371
O75525,GUUUUGGAUUAAAUUCGGAAAAACUCGAAACCCGUUAUUAUAUUUUUUAAUUUUCAAUCCCCGGCUUGUUGGGGG,372
O75525,GUUUUUUAGAUAAGCGAACUAAUUAUGAAUUAAAAAAUAUAAAAUUUAUUUAUUUAAUUUUUUAUUUAUAGGAUC,373
O75525,UUAAUCAAUCAAAACGGUGAAAUUCUGGAAGUGCAAUUAUUAGGAUUUUCAUAUGCCUGUUGCUUCUGUGUUUUU,374
O75525,GUUUUUGAUUCGGGUUGAAAAACUUUUUAAAAAAAAAUUAUUUAAUUAAAAAAUAAAUUAGUAAAGAAUAAAUUA,375
O75525,GUUUUGGAUUAUUUGAUCCGAAAACAUAUUACUCCACGGAUAGGCUGAGCUUUUUAUUCUUUUCUAA,376
O75525,GUUUUGGACUAUACCGGAAUGAGAUCAACCCCUUGGCUACAAAAUCCUGCUAGUAAUUAAGCAAAGAGUCCAUAG,377
O75525,GCCUUGGGGAUGAACACACUGACAUUGUGGGAUUGGUUUCUAAGCUUUAAACGUUUUAAAGCACUAUUUCCCAUU,378
O75525,GUUUUGGAUUAUGAUCAUGAACCAACUUUUUCUUUUAUUUUAACUUUAGGGCGCAAUUAAUUUCUAAUAUGGGGG,379
O75525,GUUGUUUUUAUUUUUUAAAGAAAUCAAUAUAUUUAAAUUAAGAUCUUAUUUUUCCAUAAUUUUUCUAAAUUAAUC,380
O75525,GUUUUUGGCGAAACGUAAAAAGCAUUAGCAAAUAUAAUUAAAAAGGUUUUGCAUUAUUUUUAGUUUAUAAAAUUU,381
O75525,GUUUUAGGCACAGAAGAACUAAGUCAUAAGAAUUAACAUUUUAAUUUUUUUAACAAAUAAGAACA,382
O75525,GUUUCUGGCGAUGACCAUGAGAUUUUUCGAAUUUAGGUUUUUUAUGUUUUGUAAGAAUUUAUAUUAGGGCCUAAC,383
O75525,AACUUGAGUUGGCGAUGAAUGGCUCUGUGGUGAACUAUUAGCGGGGGGGCUAAGCAUACCCUACUACGUGCAUAU,384
O75525,AAAAAGGGUUGCUAAUGUGAACUUGCCAAGUAAUAAUUUUGGUUUUGUGCAAAUCUUCUUUUUUCUGGGCCGAUG,385
O75525,GUUUCUAUCGAAAGCAAAUUAGUUUGAUAACAUUUUUUUAUUUUGGUGGGUCUUUGAAGUGAGUUUUUAAAUUUC,386
O75525,GUUUUGUAUUUGAGGUGGUUAAACUCGGAAUUUUAACUUAUUAUUCCCCCAUAGAAUGCCCCUAAAAGUAGAUGA,387
O75525,UUAAUAAGUUAAGCAAAAAUUGUUUCAUGUUAGAAAAUUAUUUUUUUAUUGCUUAGCAUUUCAUUCCAAGGGAAU,388
O75525,GUUUUAGCUUACGCAAGAUUAAAUCAUAACAGUUUUAUUUGCAAUUUUAGUUUUAAGUAAGCACAACCGUCAAGG,389
O75525,GCCCGUAACCGGUUCAUUCAAACAACAGGGACUUUUAUUAAAAAGGGUGUUCGUUAAUCAUGCUUUUAAAAAAUA,390
O75525,GUUGUUUCUAACACUACAAUAAAGCAACCACUUUAAUUUAGAAUUUUGGAGCAUCAAAAAGAUUUUUGUGCCGAA,391
O75525,GUUUUUGAAUAAAAUCAAAUAAAAAAAAAAAUUAAAAAUUUUUUUUUAAGAAUUCUAAUAGAAAAACAAUUC,392
O75525,GUUUUGGACAGGACUGAUUUUUUUUAAUAUGAUACACUUUCUUGGUUUGAACAUAAAGUUUGCUUUUCAAACCGG,393
O75525,GUUGUUUUUAAUUUAGACAAAGAAAUAAACCUUUAGAUUAAAAAAAGUCCAAAGCAUCCCCCGAUUUUUUCGUAU,394
O75525,GUGUUGGAUUAUUAUCAAAUAAUAAAAUAAAUUAAAGUUUUUAUUUUUAGUCUUCUAAUUUUUUUCCGAUGGCGG,395
O75525,GUUGUUUCCAGUUGUUUACCAAAAAAAGAAUUUAACAUAAGAAAUUUUUUUACUUAUAAAAUUAAAAAAUCAAUA,396
O75525,GUUUUUGGCGAAGAUAUAGUAGCUACUUAAUCUAGGAUUAUUUUAUUGUUUUAAGGCAAAGAUUCUUGGCCUAGA,397
O75525,GCAUUGAGGAUCAUCUUCAUUUGAUUGUCCACACUCAUUAUAAUCGCGGAGCGAAAAGCAUUUCGAAUGUGAAUG,398
O75525,GUUUUAGCAAUUAUCAAUCUAAAAUCGACAUUGAUUAUCAGAUAUGAUAACAAGCAUUAAUAUCAUUGAGUCAUC,399
O75525,GUUUUAGCUCAAGCCAGAUGGAGUCAUAACAGUUUUAUUGCCUAUCUUAGUCUAAGAGAGGUGCUACCUCCAGUU,400
O75525,GUUGUUUUUAUGACUUUAAUAAGAUAAUUUGAAGUAAUUAGGCUUAUUGUGCAGUAGAAAGUUAUAAGUCAUUAC,401
O75525,UUACUGGUUGAUCCUAAGCCAAGUCAUAGGACAGACAUUA,402
O75525,UUUUACUAUUUUAGCGAUAAAUGAAACAAUUUUUAACUUAACUAUUUAGGAACUUUUGAAGUUAAUAAACUAUUU,403
O75525,GUUUCUGGCGAUAUUAGACAGAGAAUCCUUAACUUGAAAGAAAUUUUUAUGCAAAUUUCGGCAUCUUUAGUAAGA,404
O75525,GUUGUUGGCGAAUAGAAUUCAAUGUUUAAAAUUCCCAUUAUUACAGAA,405
O75525,GUUUCUGGCGAUGACAAUGAGAUGCAAUGACCGAAGAAUAU,406
O75525,GUUUUGGAGAUCAGGUGGAAAACCAGGAAAAUUGCAACUU,407
O75525,GUUGUAGCGGUCAACAGACUAACAUCGAAAUCUUAUUUUUUAUUUUUUAAAGGGCAUUGGGGGAUUAUUCCGGA,408
O75525,GUUUUAGCCAAUAUCAGCAGUUUUCAAUCAAUGGCAUUCUGAGUUUUAUACAGUGACACCGUUAAACCUCGAUAU,409
O75525,AAAAAGGGUUGGCAAUGGUAUUGCAUUUAUUCCUUUAUUUUGGUUGUUGGCCACCUGCUCCGCACUAGGUGAGCG,410
O75525,GUUUUAGCCAGUUCAAGGCAGAGCCAUCCAAUGGCGCUCAGCAAUUCG,411
O75525,GUUUUAGCCAAUAUCAGACUAAAAUUCCCGUUUCUUAUCUGAUAUUAAUAGUAGAUAAAAGCACAAAGGUACAUA,412
O75525,GUUUUGGAUUAAGGGUGACCCCCACCGGAGUACGUAAUUUUGGGCCCGUUUAAUAAUGUUGUUGCUAAGCCCCAU,413
O75525,GUUUUGGAUGAAUACUAACUUUUAUGAUGAACAUAAAUUUUAGGCUUAAAAAUUCACACGGUUUCUCGACCAGAG,414
O75525,GUUGUUUCUAGCAGUUAUUCAAAAAUCUGAACCGCCAUUAAAAUUUUAAAGUAACCAAACGAGUCUUGUGCGAGC,415
O75525,GUUUUUGAAGAAAGCGAAACUUGAUACUUAACUUAAAUAAUUGGCGAAUUGAUUUUAUAAGGGGAACCGGCAGGG,416
O75525,GUUUUGGACAAUAUCUAUACAAAGGGAAGAAUUUGACUUUUAAAUUUUGCUGAUAAUGAAGUUACUAAAGCCGGG,417
O75525,GUAAGUUGUUAUCAAUAAUAAGGAUUCUACUUUAAGUUAGGAGUCUGGAUUGAUCACCCUUAACUUCGUGUCGCU,418
O75525,GUUGUUCUUAUCUAACUAAUAAAAAUAAGAUUCAAGUUUAAAAUAAG,419
O75525,GUUUUAGCCAGUAUCAGACUAAGGUUAUCAAUGAACAUCCACAAUUAA,420
O75525,UUUUAUGAAGACGGCGAACUGAUUGACAGAUGAUGAAUAGAAACAUUUAUUCAUAGACAUUUGCUAAGUUUUAUU,421
O75525,GUUUUUUAAUAAGACGAUUAAUUAAAUUAAAAUAAAAUUUUUAAUUUAAAUAAAAAGAAAGGAAUCCCUUCAGGG,422
O75525,GUUUUGGAAGAUUUAAUCAAAAUCUAAAACCUGGAGCAUUUCUGUUUUAGCCGACACACGCUGGCUCCUCGAGUA,423
O75525,CAUUCGAAUAGAAGAUUUUUGU,424
O75525,GUUUUGUCUAACUUCAGACCAAAAAUAUCAUUUCCAAUCAUAA,425
O75525,GUUUUAGCCAGCUAGAAUUCAAGGUCAUGAAUUUGUAUUUUAACUUUG,426
O75525,GUUGUAGCGUCAGCUCCAAUAGCUAAUAACAUUAGCGUAGCAAUUUUUAAAGAGCAUUCAGAAAAGAUAGCAAUA,427
O75525,GUUUUGGAUUAUUAUCAAAUAAUAAAAUAAAAAUAAAUUUUUAUUUUAAGAAGGGAUCUACUU,428
O75525,GUUUAGGCCUUCCUAGAACUAAAAUCGAAACUUUUAUUUUUAAAUUUUGUUUCAGGGCAACGGUUCUAAGGCGAG,429
O75525,GCCUUGACGACUUAAAAGUCGGCAUUGGAAAUUUUUGACAGUCUCUAUGGGUAACAUAAGGAGACUGGAUCAGAU,430
O75525,UUAAUAAGUUAAGCUAAAAUUUUUGCAUGCAUAGUUAUUACUUUAGAUUUUUCUUGCAGUUUAUA,431
O75525,UCUAGUUAUCAUAACUGUGUGAGCUUGAAUGUGAAUGUACCGUGUGGUAGCGCAACACGGUCUCAAAGUCCGGCG,432
O75525,UCUAGUGUUCAUAAUAAUGUAGCUCAGAUUUUUUAGUUACCGUGUGUUAGUCGUGGCCAUGUUUUUUAGGAGAAC,433
O75525,GUAUUUUCAUUGGGCUUGAGAUAUCAUAAUAUUAAUUUUGAUAUU,434
O75525,GUUUUAGCUUACGACGGCGGAAAUCACCACAGUCAUUUUCUAACUUUUCGGUAAGAUGUUAUCACUGGUCGAGGC,435
O75525,GUUUUAGCCAGCAUCAAACAGAAAUUUACAAAUUAAAUUCAAAUGUUA,436
O75525,GUUUUUUAGAUGAAUCGAAUAAUAAAAUAAAUUAAAAUUAUUUUUUUUU,437
O75525,GCCUUUAACCGGCGAAAACAUUCAAAAAAAACGAUUUGAUUGCGGGCAAUGGCAGGUUGGGUUUUUUGGGAAAAU,438
O75525,GUUUUGGAUUAAAUUCGAAUAAUAAGGAAUUAAUAGCAUAUCUAUUUUAGGCAUAAAUUAGUUUUACGAUCCCCG,439
O75525,GUUGUUUCAAAUUAAUAUGCAAAAGGAUAAUUACACCACUUCUCUUUUAAGUACUUAUCCGAGA,440
O75525,UCCUAAAAGAAAAAUUCAGGCAGAGGGAUGGAAAGUUUUUUUGGCUGCUUUUUGACUGGGCCACUAGGUCCAUCG,441
O75525,AAUUUUGAUUAAGGAUGAAGCCUUGGAUUGUGCCCAAUAGGCUAAGGGUCUCAAACACCGGUUUCUGCGUCAGUU,442
O75525,GUUGUUGGCGAUACCAGAACUAAGUAACCUAUAAAGUUUAUAAUCUUAUAAAUAAAAAAAGAUAAACGAUAAUAG,443
O75525,GUUUUGUCAUUCUACGAUAUAAUAAUCGACCCGAGCAUAGUCAAUUUUAAUUAUCUAACGGUUCUCUAACUAAGG,444
O75525,GUUUUAGCCCAUAUCAGACUGAAAGCACCGUUUCUGUUCUGAUUAAC,445
O75525,GUUUUGGAAUCGAGUCGGAAUCUUAGGAAUUAAUAGCGUGACGCCCCCUUUUUUAAUCCCCCUUCUGCGGCAGGG,446
O75525,GUUUUGGACAGGAGUCGUUAAGAAUUCAAAUUUUAGCUUGCUGCAGUUUUAGAAUAUAAACCACUAAUGAGAGAG,447
O75525,GUUUUUGAUUAGGACUGACACUCACAUAAAAGGAAACAAUUAUUUCCGCCAAUUAAUUUAGCAUCUUGAGGAUAU,448
O75525,GUUUACGACCAUACAUACACAGAGCAUUCUUUACUGUUCUGAAUUGUG,449
O75525,GCGUGGGGGAUGACUGCCUUCGGAUUUUAAACCUUUUUUGAGGAUUUUUUGCUUCCAAGUUAGGUUUGGCCCGAA,450
O75525,GUAUUAGCCACCUACAGACUAAUUCAAUCAAUUUACGUAAGAAUAUUAUACACUUACAUCCCGAAAGCUUAAGAU,451
O75525,GUUUUUGAAUUUUUUAUAAAAAAAACAGACAUGAAAAUUAUUACUGAGGUUCAAUAAUAAUUAUUAAUGAUUCCG,452
O75525,GUUUUGGAUUAAGGCUUGAAAUCAUGCUCGUGAUAGCUGGGGAUGCCC,453
O75525,GUUUUUGGUUAUUUUGACAUAAGAACAUGAUAAGUAAUUAUUAUUGAGUUUCAAGAAUUUUUUUUAAAAUCCAGA,454
O75525,GUUUUAGCCAAUAUCAGAUGCGAUCAAAAAAAUCCCUUAGGAGUUUAG,455
O75525,GCGUGGGGGAUGACGGCCUUGGUUUUGAAAACCUUCUUUUCCAGUUUUGGCCUUUAAUUUUUUUUCUGUAAAUGC,456
O75525,GUUUCUUAAGCAAGAAAGAAAAUAAUAUAACAAAGGAUUAUAUUAUUAGGUAAUAAGUUAGUGUUCUAAUAGUUG,457
O75525,UUAAUCAAUCAUGAAAUUAGAGGAUCGAAAUUGAAAGUAUUUAAUUUGAUUCAUUUGUUUUUUUUGAUAUAAGGG,458
O75525,CUUUGGUAAGGAAGGUUGUUGGUGCCCUCAGCUGAUGCUGCCUGGGUAGCUGAAAAUUCUAUAUUUUGUCCCCGC,459
O75525,GUUUUAGCCAGCAUAAUUUCGAUAAUUUAAACUUACGUAGCGAUAUU,460
O75525,GUUUUGGAGAGCAGUCGGAAAAGUCGGAAUUGCUAUAAUUUUGGUAUUAUUCAACAAGUUUUUUUUUGACCUAAU,461
O75525,GCCGUGGGGAUAACGUUUUGAGAUUUGAAAACCACCAUUGA,462
O75525,UCCUUGUAAAGAGAGGAACCAUGAUUAUUUGAAAGAAUUAUUAGACUUUGGCAGCAUGCGUUGA,463
O75525,GUUUUGGACAUCGGUCAAAUUAUUAUCUUUUGAAAACCUAACUAUACUUUGUUAAUUUUAUUUAUUUGGUCCCUG,464
O75525,GUUUUAGCCAAUAUCAAUGUAAAAGCAUCAAUUCAUAUCAGAACUUAAUUGUAGUAUUUUUUGAGUAGUCUACGG,465
O75525,GUUUUGGAAGAUUAUCAAAUAAUAAAAUUGAUGAUAAUAAUCUGUUUAAGAAUUCAUUCGGCGGUACGAUAAUAG,466
O75525,AAGUAUUGAUUUAAUCAAAUUUUUUUUUUUUAAUUUUUUUGAUUUUUUUGUAUAGAGGAAACAUUCAUAUUAUAA,467
O75525,GUUGUUUUUAUGAUUGAACUAAGAUAAUACCUUUUUAUUUUAAAUUUAGGAAUUCAAUUAGAGUUCCCUAGAACG,468
O75525,AAAUUUGAUUAAGGGCAACCACUUCUGUUUUUUGCGAUACGAAUAGGGUAUUACAAUUGCCA,469
O75525,UUAAUCAAUCAAAACGAUGUGAGAUGAUAUUGCUAAGUAUAAGUAUUUGGGUAUGGCCCAUGUUCGUAGCUCCCG,470
O75525,GUCUUUGGCGAAAGCAUAACUGCAAUUUGAGGUAAAAUUUUAGGUUUGUUGCCGCACAAAGCACCUUGAGCAGAU,471
O75525,GUUUUGGAUUUGAUCGACAUUUGACAAAAUUUUUAGCUUAGAAAUCUUAUUUUUUGAUUAGCAUCGAGAUCGAUG,472
O75525,GUUUUUUAGAUGGGUUAACUAACAUUUAAAAUUUAAAAAAUUAAUCUUAAAUUUUAAAAAUUAAUUAAUAAUUUA,473
O75525,AGUUUAGCUCAAGUCAUCAGCUAUCAUUCAAUAAACAUCUGCACUUUGUACACGCCAACCGUCAAAGGACUAGGA,474
O75525,GUUUUUUGAUUCGGAUAAAUUUUGAUUAAAUUUUAUUUUAAUAUGGAAUUGUAAAAAUUAAUUCAAAAAUUUUUA,475
O75525,AAAAAGGGUUGCUAAUGUGUGUUUAUCAGAUAAUUUGUUUUUUUUUUGGGUUAAGCAUAAGUACCUAUUCCGAUG,476
O75525,GCGUGGGAUUAUAAUCCCAGUCAUUUCCAUUCUUAUUUUCGAAGGUUA,477
O75525,GUUUUUGAAUUAAUAGAUAUUUUAAAAUACAUAAAAAUAAUUUUUUAAAGAUUUCAAAAAGAUUUUCAAUUAGAA,478
O75525,UGCUGGGGAAAAAACAUCAAAACUCACUGAUACUUUUUUUGAGGGUUGGCUGCUGGAAAAGCACAACAACCAGUU,479
O75525,AAGUACUUUUUAGAUAAUAGGCUUCAUUAGUUGGAACCUCUGUUUUGUUGGCAAAAUGAAAAGUCUAGACCAAGA,480
O75525,GUUUUGGAAGAAAGUCCAAUUUGUCAUCUUUGAACACCUCUAGGUGAAGGUUUAAAUUUUCCGGCUUAACCCCUG,481
O75525,GUUUUUGAAUUUUUUAUAAUAAAAAAAUAAGAAUAAAUUAUUAUUUUAGAUCAUUAAUAUGAGAUCCCUUCCAGA,482
O75525,GUUUUAGCCCAUAUCAACAGCUAGCAACCGUAUCUGUUCUGAAGUCC,483
O75525,UUAAUCGGUUAUCACUUGAUAAGAUCGACAUCCUAUAUUAUAGGUUUUGGGCGUUAUAAAGUUUCUUGGGGGUUU,484
O75525,AGUUUUUAUUAGGGGUAUCAAAGAUAUAAAAAUGAAAUUAUUAAAUUAAGAAAAAAAUAUUUAAAAAAUAAAAAA,485
O75525,GUUUCUGGCGAUAUUAGAUACAGAGGAUCCCCGAAAAUUAAAAUUCGGGUGCAAAUUUUUUAGUCUUUACUUAGA,486
O75525,GUUGUUUAUAUGAAUCAAAUAAUAAAAUAAAUUAAAAUUUUUUUUUUUU,487
O75525,GUUGUAGCGGUCAACAGAUUAAUUCAAAACCUGAAUCCUCAACCUUUUACGUAGUACCGAUAGUCUUGUGGAGAU,488
O75525,UCUGUAGAGAACGCGUAUCAAACUCAAUCAAUGAUGAUUUUUAUAGAUAGGCAAAAUGAAUAGGUGAAUUAAAAU,489
O75525,GUUUCUGGCGAAGAACAAUAAGUAAUUAAAGAUUUUAUUU,490
O75525,GUUUUGUAUUACGGUCGGAUAAGAAUUAAUUAAAAAAUUAUUAUUAUUAAUAAAAAAUUAGUUAUUAAAUCCCCU,491
O75525,GCCGUGGGGAACUUAGAACACUUGUAAAACAUUAAACUUGAAGUUUUUGCAUUUAAUUGUGAGGAAUUUGUCAAU,492
O75525,GUUUUGGAAGACGGGUUGAAAUCCUUGUAAAACAGUAUUUUGAAUAUUGGUCAAAAAUUUUUUUUUUCUAACCCG,493
O75525,GUUUUUGGCGAUUAAAUAUUAAUGUAAUAAAUUUUAAUUUUUAAUUUAUUGAAAAUAAUAGAGUUUAAAUCAAUC,494
O75525,GUUGUUUUGGAAUUUCCAAGAAGAAGGUAACCUUAGCCGGUCUUUUUGAUGGACAUCCUUUCUCUAAUACCCGGU,495
O75525,GUUUUUGGCGAAAUUAAUAAAGUUACAUAUAAAAAAAUUUUAAUAGUUUUUUUUUAUUUAUUAUCUUUUAA,496
O75525,GUUUUAGCCAGUAUCAGACUAAAAUUCCCGUUUCUUAUCUAAUAUUAAUAGUAGAUAAUGGCAUCUAGACUAGAU,497
O75525,UUUUACUUCAUUAGCGAUAAAAGAAUUUAAAUUUAAGUUAACUUUUUGUUGAAAAUUUAAGUCCUUUGACCCGUU,498
O75525,GUUGUUUUGAUUUUUCGAAUAAGAAAUAAACUUUAGAUUAAAAAUUUUAAUUUUUUAAUAGAGUCAAUAAGUUUA,499
O75525,GUUGUUCUUAUUAGACCAAAAAUAAAUAAAACCUUGUUAAGUACUUUUCGGUUUCAUUACGUCACUAAACCCCGA,500
O75525,GUUUUUGGUUAUAUUGAUCCAAAAACAUGAUUUACAAUUAUUAAUGAA,501
O75525,GUUUUGGAUUUGAAUCGGUAAAUAUCGGGGAAACCGCGUGUAACCCUUGUUUUUCAACCCUCACUAACUUGGUAU,502
O75525,GUUUUAGCCCAUAUCAGACUGAAAUUCCCGUGUCUGCGUCAAUGUCGUAUAUAGAUGCUUAGCAAACUGCUAUAU,503
O75525,GUUGUUUAUACGAGAUAAAAAAUACCAUAAUACCUUUUUAUUUAUUUAGGCUAUAGUUUGUUUAAAAUUAAAACU,504
O75525,GUUGUUGGCGAAUAUAGACUAAUAAUUAACCCUUUUAAAGAUAAUUUUUUGGAAAUAACCUAGUCUUGAGA,505
O75525,UCCUUGGGAGAGACAGAUCUAAUGCUCUGAAUGAUAAUUUGCAGCUUAACGCUUUAAAAAGCGCUCCACCCACCC,506
O75525,GUUUUGGAAUUGAGGUUUAUGAGAUUCCUCUGAUAGCUUGUAAAUCCGUAUCAUAAAUUAUGAUCUAAAUGAAUA,507
O75525,UCCUGGUGUAAGAACACAACUUGUCAAAGCCCACAUUUUUUAGCUUUUUUGCGUGGCAGAACGGUUUGACACAAC,508
O75525,GUUUUGUUUGUGAUUUUAAUAAGAACUAAUUAAAGAAUUAUUUUUUUUGGUCUUUUUUCAGUUUCAAAAGAUUGG,509
O75525,UCUGGUGGCGAUUGGUGAUUUGGUGAAUUUUGAAUUUGAUUUUUCUUAUUGACUUUAAUUUUUUUUUUUAAAAAC,510
O75525,UCAAUUUAAAUUACUUAAUGAAGAACAAUGAUGGCAGUAAUAGGUCCAUAGCUUUGCCGGUGGCUUCGUGCAGCU,511
O75525,AGUUUUUUUAAGGAUCAAAGCUUUAAAUAAUUUAAAAUUUUUAGAAUUGGUUUUUAAAAAGUAGAAAAAUUUAAA,512
O75525,UUAAUUAGAUUAGGCAAUUUAUUUGGAUAAAUGAAUUGUUUUUUUGGAGGAAAUAUGAUUACUAUCA,513
O75525,GUUUUAGCCCAUAUCAGGAGUAAUCAUCCGGAUCUCCCCUGAUCUCC,514
O75525,GUUUUUGAAUCGAUAAGACCCUGACCAAGAAUUGACGUUAUUGCAGAUUGGCAUAACAAGUCGACUAGGGAAGAU,515
O75525,GUUUUAGCCAGCUCAAGAGAUCUUCAGGAAUAAAAGAUUUUUCAGGUUUUUUUUCAGCAAGCACAAGGUGGCA,516
O75525,GCCUGGGGGAUCACGGUCCCGGUAUUGAAGUCACCAAUUCUGUUAGCUGAACAAAAUGUUUUAUUUUGGGACAAA,517
O75525,GUUGUUUCCAAUUGAAAUUUAAAAAAAUUAAAAAAACGUAACUCUGUUAAUUACAUAUUUUAGUUUAAACCCCGA,518
O75525,UUAAUAAGUUUUUUCGAUUUCUAAGGAUUAAAGAAAAAAGUAUUUUAGAAACAUGAAUAAGAGCGAAUCCGGAUC,519
O75525,GUUUUUGAAUUGAGGAAUUCGAAUGGAUUAUAACCAAUUAUUAAAGAAAGCCUUUG,520
O75525,GUAAGCUUUUGAGAUCGAAGUAAAUGACCCCACUACUGAGUUGUAUGUUUAACUGUGUUAACACUAAGAUUCGUG,521
O75525,GUAUUAAGCCAUACAUUUUGGAGAUGUAAAAGAGCUAACAGCUUACUUGCUAUUUAAGAAUUA,522
O75525,AAAUGUUGUGAUCUAUUACAAAUUGAAUAUUAGAAGAUAAUACUUUGGGGGCAACAACCAGCAUCUUUACGGUAU,523
O75525,GCCGUGGGGGAAACUCUUUGAGAAUAAUCGGCUAUAUUUAAAA,524
O75525,GUUUUGGAUUAAUUUCGAAUAGAUCAGAACCUUUAGAUUAGUUUUUCGUAAUUAAAACAUUUUAAACGACCAGGG,525
O75525,GUUGUCGGCGAUAUCUAACUAGCAACAACUAAAACCAUUUUAAAUCG,526
O75525,UCCUAAGAGAACUUCGAAGUGGCAAGCUAGAGACACAUUCAAAUUUUUUUUGAGGAUUUAGGGUCUCGUCCAGUG,527
O75525,UUAAUAAGUUAGGCCAGUCUGUGUAUUAACAUAGCUUUUAUUUUUUUAAUUUAUUAACAAUAGAUUUGUGGGAAG,528
O75525,UUCUGGAAAGACAGCGAAAUUUCAGUUUGACCAAAAUUUUUUGGGUUUUGCAAGAAUACAUUUUUUGGUGAAAUU,529
O75525,GUUUCUAUUUUGGGGAAAUUAUGAAAUUGAUUUUUGAUUAAUAUAGUGGGUCUAAAAUUUGAGUUUUUAAACGGG,530
O75525,GUAAUUGAUCAAAACUUAGGUGAGGUAUAUGAAUAAGUACAUGGAUUUUCCUUUGAUACAUGCUCUGUUACCCGG,531
O75525,GUUUUGGAUGAUAGCGGGACAGACAACUAACUUUAAAUUCAAAAAUUUAAUCAA,532
O75525,GUUUUGGAAGAUUUUCAAAUAAUAAAAUAAAUUAAAAUUUUUAUUUUAAGAAUUCAUUCGAUAAAUCCUUGGAAU,533
O75525,GUUUCUGUUCACAGGAGACACAGAGUCAGAAUUUGCAACUGAAUUUUGGGUCUUAUUAAAGCACCUUGAUCAGAU,534
O75525,UUAAGAUAUUAAGGGUGGUCGUGUCAAUUAACCACUAUUGAAUUUUUGUGUGAUGAAUUUGAACUUGCCUCUGCA,535
O75525,GUUUUAGCCAGAAUCAAUGUAAAAUCGCCAUUUCAUAUUAGAUUAUUUAUAGAUCAUUUGGUUAUUCGGGCCGAG,536
O75525,GUUUUGGAUGACGAUCGCAUUAGAAGGUAAUUUGAUAUUUAAUUUUUUGGGCAUAAAUUAAAGUUCUUAUAAAAU,537
O75525,UUGUAGGCGCGAAUCAUCUGCUUGCAACGACUUGUGCCCUGCCCUUUA,538
O75525,GUUUUGGAAGAUUUAAUCAAAUUUCUAUGAAUGAAAAUACACGAUGACCAUUUUUUUGAAUUUUCUAGAGGAGAA,539
O75525,GUUUCUUAGAGAAAAAAUAAAAAUCAAUUAAUUUAGAUUUAAGUUUUUUAGUAGGCAUUUGUGUUUUAAUAGUAG,540
O75525,GCAUAACCUGGUAAGUAUUCAGGA,541
O75525,UUAUAGAGUCUGCAUCACAUUAGUUGGUAGUUGAAAUUUUUCUAAGUUAGGCGACACACGGAUACUGGGGAAGAA,542
O75525,GUUGUUUUGAGAUUUCAAAAAAUAAAAUAAAUUAAUAUUAUUAUUUUAUUUUUCCUUAUAAUUUCUUAAAGAGAU,543
O75525,UUAAUAAGAAUGAAUUUUAUUAAAAAAUUUAAAUAAAAAAGUUUAAUAUUUAUUCAUUUAUUAAUUAAAAUAAAG,544
O75525,UUCUAGCAUAGGAGCAUUAUUUUGUAGAAAUAACAACAUCUAACUUUUUUGCGAUUUGGCCUGACUUGUGUAUUG,545
O75525,GUUUUUGGUUAUUUUGACAAAGAUUUAAAAAAAAAGGUUAUUAAAUUAAGAUAGAUUAAAGCAUCUUUGAGAGAU,546
O75525,GUUUUGUAUUAUGAGAACAUAUUGUAAUGAAGACAACAAGUUUCUUUUGCUUUUAUUGAAGUAGCUAGAUCAGUU,547
O75525,UUCUGGAACCGGAGCAACAUAGUUUACAAGAGCCAAUUUUUUGAUUUUGGGGUAGAUGUUUGGAUUAGUCCGAUG,548
O75525,GUUGUUUUUACUAUUAGAAUAAAUACAUACCUUUUUAUUAUCAAUUUACGGUUUCAAAAAGAUACUUAGAGAGAU,549
O75525,GUUUUGGAAGAUUUAAUCAAACCAUUCAGAUCACCACAACUAGUAUUAGUUUUUCACAGUUUAUCUUAACCAGGU,550
O75525,GUUUUGGAAGAUUUUGAUCUAAAAUAAUACCUUAAAAUUAGAGAUGAUAUACAAUAAAAAGCAUUCUGUGGGAUC,551
O75525,GUUUUAGCCAGUAUCAACAGCUUUUUCAGAAAAAAUAUUCACAAUUUG,552
O75525,UCCUAGAAAAUGACGGGGAUAACAUUUAAUUUGGCAUUUAGCAUUUUUAUUCGAAAUUGGCUUUCUUGCCCAAAU,553
O75525,GUUUUUGAUCAAAGCGAUGAAGAAAUCAGAUUUUAGCAGCAGAAUCCUAGGUAUAAUGCCUUUAUUAAUAUUUUU,554
O75525,GUUUUGGAUUAAGGUCGGAAAAUCUACUAAAAGAAACAUAUUAGUUUAGGAAAUAAUCCCCUUACUGCCCCAGAC,555
O75525,GUAAUUGUGAUCAGGAUACUAAGAUGAACAGUUUUACGUAUUAAUUUGUUGAAAAAUGAACAGAUUUGAUCUGAA,556
O75525,GUUUUGUAUAUGAGCGAAAACCUUGAAAAAACCCUUAUUAUUUUGGUUAUUUUUAAUUGCCCGAUUUUUGCAGGG,557
O75525,GUUUUGGAAGAAUAUCAAAUAAUAAAAUUAACUAAAAUUUUU,558
O75525,UCCUUGCAAAUCGGCGAACAAUGGAUUUAAUUUUUACAGAGAUUUUUUUUGGAUAGCAAAGAGGCUUGAUGAUUC,559
O75525,UCUAGUUAUUAUGAGGAACACCCUUUGGCAAUGGCAAUUAUUAUUUGUUGCAAUGCACCGUGCUUUUAACCGUAG,560
O75525,GUUUUGGACAGGAUCUAGGUAGGAUAUAAAUCCUAAUUUUUUGCUCUUUUUGAGAAUUUUUCACUUUAACAAGAG,561
O75525,UCUUUUAUUCUUAGAAGAAACUGUUAAUUCACAGCACAAUUAAUAGUAGAGCGAAAAAGUGCUUCUUGUUCAGAU,562
O75525,GUUUUUAUUUUGGGUUGGGAUUAAAUAGAAAUUGUACAUAUUAAAACAUUUCAAAUAUCCCUUACCCGAUGAUAG,563
O75525,GUUUAUGUAGAUCAACAAAGUCAACACCGAAUGAUUAUUCACCUAUUUAUGUAGCAUUAAGUCUCUGGACCAGAU,564
O75525,GUAUUAGCCCAUAUCAGAGUGAAACACCCAAUUCCCAUCUGAAAUUG,565
O75525,GUUUUGGAUGACGGGUAAAUGUCACCAUUUUAAAACCAUGGUGGGUUUUUUGGUAAAACGUUUUCCGCUAGGUGG,566
O75525,GUUUUAGCAUAAAUCAGCAGCUAUCAUCCAAGACACGGUAUAUUUUUA,567
O75525,GUUUUGGAAUUGAUCGAGAAUCCAUUAUAAUCUUAAUUUAUUACUCUUAAUUUUCAUUAAGGGAAAAGGCUAUUC,568
O75525,GUUUUAGCCGAUGGAAAUCUGGGAAUCCCAAUAUGUAGGCAAUUGCCUGGCAGUGCGCCUAUUCUUGGACUAACG,569
O75525,GUUUUAGCCCAUAUCAGACUGAAAUUCGUAAUUCUUAUCUGAUAUCUAUAGCGAACUUGGGUCGCUAAGCGAUGG,570
O75525,GUUUUGGAUUAAGGUCCUCAACUUCCUAAAAGCGAGCAGGCAGCUCCUAUUUUUAAUUGCCUAUUAAGGUGUAUG,571
O75525,GUUUUGUAUUUGAUAGAUUCAAAAAUUAAAAUUAAAAUUUUUAAUUUUUUGAUUAAUAAAAAGAAUAAUAACUUA,572
O75525,GUUUUGGAAGAUUUAAUCAAAAAAUUCAGGAUGCUACAGCUCUGUACGCUUUUUCAACAAUUCGUAAUACCAGGG,573
O75525,GUUUUAGCCACUAUCAGAUUAAAUCAAUCAAUGUGGUUAAUAAAUUUUAGAAACACAAGGGCAAAUUGACUAAUC,574
O75525,GUAUUAAGUCAUAACAGGAGCUGUCAUCUAAGUUAAAUCAGAAUAUUGUAUAUAAUGAAAGCAUCUAGACUAGAU,575
O75525,GUUUUGUAUUUGAUAGAUAUUUUUUUUAAUUUUUUACGAGAAACUGUUAGAGAACAAUUAGCAAUAACUUCAAUA,576
O75525,GUAUUAGCGGUCUACAUCGUGAAUCAGAGUUGCAAUUUUCGCGCUUUUAGCACGAACUUUAUCACUUGUAGUAAC,577
O75525,GUUUUGGAAGACAACUAGAUUUCACCACUAUUUUUUAUUGGAGGCUCAGGGUUAAUAUCCCCACAACAGGCAUCG,578
O75525,UUUGUAGAGAGCAGCAAACUUUGUUAUUUAAUAAAAAUAGGAAUGUUUGGCAAUGAAAUUUUGUUUUGACCCAUA,579
O75525,GUUUUUGAAUACAUAAGAAUUUUAAGAAGAAUGACUAUUAAAAUUGAUAGUCAUAUUUUAGGGUUUAUUUUCCCG,580
O75525,GUUUUUUUUAGAGAGAAAAUAAGAUUUUAAUAUAGAGUUGAUAGACUUU,581
O75525,GUUUUAGCUUAUAACAGCCAAAGAUCCACAUGUGAUAUCAGCUUAUUUGGCACCAACCAAUUCA,582
O75525,UUAAUCGGUAAAAGUUUGGUAGCAAUCGAAGUGAAAAUUGGCUUUUUUUUUCGUAUUGAUGAACUCUGUUCGUUG,583
O75525,UUAAGUUAUUAAGGUUGUCCAAGAUGCUAUUGAAACGUACCAGUUUGUUGUAAUAGCCCAUGGCUAAAGUCAUUA,584
O75525,GUUUUUGAAGACAGGAUUCCGAGAUAAUACCCGAUAAGUAUUAUGCCUGUUUAUAAUGGCCAAUCUUGUUUGAAG,585
O75525,UUAAUCAAUCAAAACGAUAUUUUUAGAAGACAUAAUCCAUUUAAUUUGAACACUUUUUUUUAGUCCUGUUGGAGG,586
O75525,GCCUUUCAAUUUGGAUAAACAAGACAGAGAAUUAUACACAUAA,587
O75525,GUUGUUUCUAACUCUGAUCCAAAAAUAAACCUAAUACAGAUCUUAGCUGAGUAUCAUGAAGAGCUUAAUGAGAAC,588
O75525,GUUUUUUAAGACGGCGAAAUGAUUAGAAACCUGAUUAUUUUAUAAGAUAUUUUUAGAAAAGUGUUUAAAUCCCCU,589
O75525,GUUUUUGAAUUAGGAUAACUUAUUAAAUUAAAUGAAAUUAAAAAAUUAAAAAUUUAAUUAAAUAUUAAUAUUUUC,590
O75525,GUUUUGGAGACAACCUUCAUUCUUUCAUUGGGAGUUAUUUGCAUUUUUAUUAAGCAAAUUUUUUUAAGGGGGAAA,591
O75525,GUUUUAGCCAGCUCAGAGUGGAAUAACAGCAUUUAGAUUCAUAAUUUUACUCAGCAAUUAGCGUCUAUGUAAGUU,592
O75525,GUUUUUGAAUUGAGCGAUCCUAAAUAAUAAUAAUAAAUUUUAAAAGGAAGGGGAAAACAGAUGGCUAGGGAAUUG,593
O75525,GUUUUAGCCAGCAUUAAAGUAAUCGUCAAAUUUCAUUUUUUGAUUUUUAGGCAGCACAGUUUUUCUUAGCCAAGG,594
O75525,GUUUUAGGCAAUAACAGAUUGAUUCAGAAUAAUUAGAUUCAAGUAUUUGGGUAUCAUAUAGCAUUAAAGGGAUAU,595
O75525,UUAAUAAGUCAAAGGAUUUUUGAGAAAUAACACCAUUUUAUUAAUUUGAGGACUGAAUUUUUAGAACGUAUGUUC,596
O75525,UUAAUCAAUCAAGAUUGAAUAAGGUGAUAAGUUCAAUUAGGAAGAGUCUUGCAUUAUGAUACACUCGUGGAUAAU,597
O75525,GUUUUGGAUGACGGGUAAAUGAGACCACUACCGAAAAUAUUUAUUUUUGGGUAUAAUUCGAUGGUUUGACCAUUA,598
O75525,GUUUUGGAUAACGGGUAAAUUUUUUAAAAAUUUUAAGGAUUUAAUCCUAAAUUUAAUAAAGUGUUUAAUUCAUUU,599
O75525,GUUUUGGAUUUGAUAGAUAUUCUUGAGGGAUCGAAACCGGCAGUAUUCUUUUUUAUGCAAGUCUUAUUACCAGGG,600
O75525,GUAUUAGCCCAUAUCAGACUGAAAAUCUCAAAUCUUAUCUGGAAUUAAUACAUUUACACGGUUAAUAGGUACAUC,601
O75525,GUAUUAGCCCAUAUCAGACUGGUGCAAUCAUGUCUGUUCAGAGUUAGUAUGUAUGAAUUGUUGUCUAGAGGAGAU,602
O75525,GUCUUGUGAAGAACAACAACCUGACCAUGCAGAAUUUUUUGUUUUUAUUGGCGGGAACAUUUGCCUUGGGUCGCG,603
O75525,UUAAUCAAUCAAGGCAUGGAAAGUCAGAAACGCAAAAUAUACAUGUUUGCCUGUAAUGGCUGUUCUAGUUCCGUU,604
O75525,UUUUACAAUCUUAACGACAGGAGAAACACAUAACAAUUGAUAAAUGGGAUUUUUUGGCCUUGAGAUCAUCGGAUU,605
O75525,AAUUGGAAUCAUUCUACAUUAAGAUAUAACCCACCAUGAUUAAAUAUUACUUUUUAACCAUGAUAACCUGAGUCG,606
O75525,GUUUUGGAGAACAGUCAACUGAGAUGGGCUUUGAUGCCGCCAGCACCGUUAGGGGUGCCGUCGGCUGGGGCAAUU,607
O75525,GUUUUUGACUAUAACGGAAAAGUUAUAAACCUUUAAAUUUUUGGGUAUAAAACUAUUUAAGGCUUUAAACUUAUA,608
O75525,GUUUUAGCGACUUUCAGCCAAAAUCACACAAUGGCGUUCUAAUAUUUUAUGUAUUCAAUUUUCAUUCAGUAAAAU,609
O75525,GUUUUAGCUUACGAGCAUCAAAAGUCCAAUUGCUAUUUUUUUGCUACUGGUGUUCAUGGUUAGUCUAGGCCAGGG,610
O75525,GUUGUUUGGAGAACUACAAUUAGAAACAUUAAAAUGAUUAUUUUUUUAUUGAGUUAUUCAGAGAGUUGUGUGUUC,611
O75525,GUUUUUGGCGAAAUUAAUAAAGUAACAUAUAAAAAGUUUUUAUUUUUUUUUAAUAUUUUAGGGAUAAAAUCAAGA,612
O75525,GUUUUGUAUUGAGGUCGCAUUGAAGUAAAAACUUAACUUGUAUUUA,613
O75525,GUUGUUUAUCCGAAUAUUAUAAGAUUAUUAAGAUAACGAAGUAGCGUUGGCAUUCAUGAACAUAUAACGCCAACA,614
O75525,GCCUGGGACACGACUGGAGUGGCGCGGAAUUCUUAACAAUUCAAACUUGAACGUUAUUCAUUACUUUAACCAAAA,615
O75525,GUUGUAGCGGUCAACAUCGUGACGCAUUAUAGUCUGAUUCUUGGUCUUAGCAUUGGCCGCGUACUUUGUGCAGAG,616
O75525,GUUGUUGGCGAUAUUUUAAAAGUUAAUUCCUAUAAGAUAAAAAUUUUAAAUUUUCUUUCAAUUAAAAUAAAAAAA,617
O75525,UUAAUCAAUCAAGGCGGUAGGAGCUGAUAAGUGAAAACACCAAUCUUUGGCGCUGGCUGCGCACUUAGUAGCCAU,618
O75525,GUUGUUUAGAUGAGUUAUUUUUUACUUGAAAUUUUUUGGAUUUUUUUUUAAAAAAAAAUAGUUACAAAAUAAAUG,619
O75525,AAUUUUGAUCAAAGAAAUGAAGUUACAUAACGCCAGAAGGACUACUAUAGGCGUAACCGCUUUACUGGGGCGCUA,620
O75525,GUAUUAGCCCAUAUCAGACUGAGGCAUUCAAGUCUGUUCAGAACUUAG,621
O75525,GUUGUUUAGUUGACUGUAAAAUUUGUAUAAAAUAAGAUUUAUAAAAUGUUGGGUUCGGAAUCAUUAAUGUAGUUC,622
O75525,GUUUUGGAAUCGAUCGAGAUGAUUCCAAGAUACCCUAUUGAAGCCUUUGCUUUUUAUGCGUCAUUAACUGCAGAA,623
O75525,GUUUUAGCCCAUAUCAGAUGAAAAUCACCAAUCUUUAUCCGCUACACUAGGUAGAUAAUGGUACUUGAGGUAUAU,624
O75525,GUUUUGUCACCUAUCUUAAGCUAUAAAAAAUAAAGCCACAACACUUUUAACAAGCUACAAUUCAGAAUACUAGAU,625
O75525,GUUGUUUAUUAUUAUCAAAUAAAAAAAUUAACUAAAGGGAUUAUAUUUAGGAAGUCAUCCCUUUCUUAGCCGGAU,626
O75525,GUUUUGUCUAGAAUCGACAUUAGAUCAUCAUCUCUUAUCAUAACUUAAGGGCAUUCAAAAGAGUCUUGACUAAAG,627
O75525,AAGUAAGGUUGCUACAUCAUGUUUAGUUGACCAUUUGUAGCCAUUUUUUACACUCACACAUUCACUAGUACAGAU,628
O75525,GUUUUUUAAUUGAGGAAUCUAAGAUAAAAAAUAUAAAUUAAAAAAUUAAUUUUUUAAUU,629
O75525,AAAAAUAAAUUAAAAAAAAGAUUUGUGAAAAUGCAUGUUAAAUUAUUAUAGCUAAUGUUUCUUAAAAUGAUAAUU,630
O75525,GUUUCUGGCGAUAUUUUAAACAGACAAAGACCUUAGAUUAAAUUAGUUAGAAUUUGGCGUAUAAAAAUAUUCGAG,631
O75525,GUUGUUUAAUUGACUCAAAUAAUUAGAUAAAUGACAGUUAUCUUUGGGAGUCUUUAGGGUUCGCUAACUCGGACU,632
O75525,UUAAGCAAUUGAGAUUGGGCGAUUUGAUUAGUGACAAUAGCAGUCCUGUAUUAUUUUGUAUUGUUAAAUUAAUAC,633
O75525,UUAAUCAAUCAAAAACAUAGAUUUAAAAAAAUGGAAAUAAUU,634
O75525,GUUUUAGCCACCUCAUAAGCACUUAUUAAAUAAAAGAUUUUUAUUUUAGCAUAUCAGGGGCAACUUUUUUAAAGA,635
O75525,GUUUCUGACAGCAUAAAAAAGAUAAGAACAAUUCCAAUUAUAAUUUUUGUGAUAAUAGAAGAGUUUUGAUUCGGG,636
O75525,UCCUAAGAGAACUUCGAAUUUUUGCAGAAUUUUUAACAUCAAGGCAUUGGUUUUUAUCAUUUGGAAAGUUACACG,637
O75525,AUUUGGUACUAAAUCGGGAUAAUUCAUUUACCUUAAAUUUUAAAUUUUGGGCACAAUUCGGUUUCUUUACCGUUU,638
O75525,UUAAUCAUUCAAGAUAGAGCAAGAGAAUAAUUGACUUUAAUUAUCGACUAUGAUGCCCGCGAGUCAAUUUAAUAU,639
O75525,GUUUUGGAAGACAUAAGUCCUAUGGCACUAUCCUUAAUUUUAGUUAUUAUGUUGAAUAUAUUGGUUUAUUCGAAG,640
O75525,GUUGUUGGCGAAUAUCCAAUAGCAACAUGAUCUUUGACUAAUGGUUACUUCGACAAUUCAACGGUUAGAUCCCAU,641
O75525,UCCUAGUAAGAAGCGGUAGAUCUAUCGGAUUCACUUUUUGCCUAAGGUACAUUUGCACCUUCGGCUUGUAGCCCC,642
O75525,GUUGUUUAUAUGAGAUAUCUUUAAUAAUUUAUUAAGAUUUUUAAAUUUGAAAAAAAUAAAGUUAUUAAUAAAAUC,643
O75525,GUUUUAGCCAAUAUCAGACUAAAAUUCCCGAUUCUUAUCUGAUAUUAAUAGUAGAUAAUGGUAUCUAAGGUAGAU,644
O75525,GUUUUGGAAUAAAUCUCACAACUUUUACCAAAUACGGUAGCAGUUAUUAUUUAGCUACAAUAUACGAUGUUUUAU,645
O75525,GUUUUCUCAAUUAAUCGAAUAAAUCACGGAUACGCACGUUUAGCGUUUAUGUUUCAUUAACUGGUUAAACCAAAU,646
O75525,GUUUUUUAUUUGGGGAGGAAAACGUCAUAAAUUUAAAUUUUUAUUGAGUAAAUUAAAUUAGUACUCAGAUUAUAU,647
O75525,GUUUCUGGCGAUACCAAAACAAUUCAGGCAUUGGCGAUUAGAAUUUUGGAUUAUAUUUUUGCAA,648
O75525,GUUUUUGAAUCAAGAAAAAGCUCAUAAUAAUUUUAAAUAAAAAAUGGAGGGAAUAGAUAAGGCUCUAGUCCAAUU,649
O75525,GUUGUUUCUAACAGAAGUUUAAAUCCAUAAUAAAACCGUUUAGUUACGUUCUUAGAUACGUGCCUGAAAUGCACU,650
O75525,GUUUUGGAGAUUUUUCCGAAACCAAGGACCUCUGCAGUUGCGAUUGUUAUGUUUAAUCCCCCGGUAAGGCCGUGC,651
O75525,UAGUAGUCGUUUAUCGACAGAACACACCCAUUGCACAUGAUAUAUGCUGUGUAACAUGUUUGCACUGAACUAACG,652
O75525,GUUUUAGCCAGCUCAAGAGAAAGUCACCACAUUUAGUUUCGCAUUUUUAUUUGUCAUUAGGCGUCUUGUCCAGCU,653
O75525,GUUUUGGAUUACGGGUAAAUUAUUUAGUAUUAAAAAAUUUAAUUUUUUGAUCAAAAAAAAGAGUUAAAAUCCCCG,654
O75525,UUAAGCAAUUGAGAUAUUUGGAGGAUACUAGAGAAAAUAAUUAUAUUGUAUAAUCACCUCUUGUCUUGUUAAUAU,655
O75525,GUUUUUUAUAUGGGGAAUCUAAGAAUCUUUAAAAAAAUUAUUAAUAU,656
O75525,GUUUUGGACAGGAGUCCAAUGAGAUUCAAUUAACUUUGAGUGACUUGAGCUGAUAUAUUGUUACUAAUACCUAUU,657
O75525,GUUUUUGUCGAAAUUAGAAAGAGAAUUAAAAGUAAGAUUUUUUUUUUGGGUAUAAUUAAUUAGUUUUUACCCAGA,658
O75525,GUUUUAGCGCAAGCAGCCAGCUUACACCCAAUUAUGUUCAGCAAUGCUAGGUAAAACAGAGCGCCUCCUAAAGUA,659
O75525,GUUUUGGAUUAUAUUCGAAAAGUAACGGCCCGAAAGCCUGAAGUUCCUAUUUAGCAUUGUGUAUUACGACCAGGG,660
O75525,UUAAUAAGUUAGGAGUAUUGGUAACCGUAAGUGAUUUUUUUUUUAUUUGGUUUAAUUGUAAUUCUCAAAUCCGUG,661
O75525,GCCAAAUGAUGCUGAGAAAUGACUCCGAGAGGGGCUGUUUUCCUACUUUGGCUAAUUGGGGCAACUUGUCGAAAU,662
O75525,GUUUUGGAUUAUUUAGAUCCUUGAUGAUGAUUAAUAAUUUUUAAAGAAUUUAACAAUGAAAAACUUAAUUCAGAA,663
O75525,GUUUUGGACCAUACCGGAGAUGGAUACUCGAAAGCAAUUGAAAAUAUUGCAUUUAAACCGUGGUUACGUUGGUAU,664
O75525,AAAAAGGGUUGCCAAUUCAGACUUCGAUAUUUUUAGUUUUUUAAAGAG,665
O75525,GUUUCUUUCUUGGGAUGACUUAGAAUUUGAAUUACGAUUUUAGUUGUU,666
O75525,GUUUUUUCUUACAAUCGACAAAGAAUUUAAAAAAGCGUAGGUAAUUUUAAUUAUUAUUAAGCGUCUUGACCAUUU,667
O75525,GUUUUGGAUUAUAUCGAGAUAAAUCAAUACCUGGUAGUUUUUGGCUUUAGCAUUCACAAAUGCUCUGCUAGAGGG,668
O75525,GUUUUUGAAUUAAUAGAAAUAAAAAAAUAAUUUAAAAUUCAAGAUUUAGGUCUUUAGUAAGAGAUACCUUCAUUU,669
O75525,GUUGUAGCGGUCAACAUCAGAUGGUCUAAUUCGUUUCAUUCCCAUUGGUUCAAUAUGCCCCAUACUUGAUCAAAU,670
O75525,GUUUUAGCCAACAUCAGACUAAAAUAUUCAUGUCAAUUCAGAAAUCAG,671
O75525,GUUUUGGAAGAUUAUCAAAUAAUAAAAUAAAUUAAAGUUAUUUUUUUUAGGUAGGAUUCUUUU,672
O75525,GUUUUGUAUUUGAGUUGGUUAAUUACUUAAGAUGAAGUAAUUUAAGUAAAAAAAAAUAAUCUGUCAAAGAGAGAG,673
O75525,GUUUUUUAUAGAAGCGAUGAACUUUUGAUAUCGAAAGUUAUGAAAUUAAAAAAGCAUCCGAUCUCUUGUCCCCCU,674
O75525,GUUUUUGAUUAUUUUGAUAUAAAUCAAUAUAUGAAAAUUAAGGCAACAGAACAUCAUGAAUAGAUAAGAUCAUUU,675
O75525,GCCGUGGGGGAUUCUGUAAUGAAUUAGGAAACCUCAGUUCUUUUAGGAUUUUAAGAUUUUUUAAAAUGUCCAGCU,676
O75525,UGGUGUGGGUAAGAAAAACAUUCACACUGAAGUUUUAUUGGAGGGCCU,677
O75525,AAAAAUUAAUAA,678
O75525,UUAAUGAGUUGUCGCUUAAUUGUAAACUAACUUUAGAUAAUUUGAUUAAAAAUUCAUGAACGGUCUAGUAGGAGA,679
O75525,GUUUCUGGCGAUAUAAUUCUAGAAAGAUGAAUUUAGAUUAAAAAUUUUUUGGAAAUUUUUUCAUUUUAAAGAUAU,680
O75525,GUGUUUCUGAGAAUUCAAAUAAUUUAAUACCUUAAACUUAUUAUUUUAGGAGAAGAUUCCCCGUUUUAGUCCGAA,681
O75525,AGUUUAGCUUAAAUCACACUAAAUCAUCCAAUUCAUAUCUGAUAUUUAUACACAACUACG,682
O75525,AAUUGUGGUGAAGUCAUGCUGAUGCACCCGAAGGUAUGCUGAUUUCCUAUGCUAAAGCCUUAUAAACGACGCGCG,683
O75525,GUUUCUCUUAACAGGAGAAUAAGACGACUACUGGGCUUACAAUUCUAAAGUUAUUAGUGCCAGUGUUACCCAGAG,684
O75525,GUUUUAGCCCAUAUCAGCAGUGAUCAUCCGUAUCUGUUCUGAUCUCUAUUGUAGCAAAGGGUAAAAGCUCGAUAU,685
O75525,GUUUUUUAUUUGAUUAGAAAGAGAACGUAAGAAAUAAUUAUUAUUUUUAUUUAUCUUUCGAUUUUAAUAUAUUAA,686
O75525,GUUUUUGAAUGAAGCAAUAACUCAGGACUACGGAACAUUACAAUUUUA,687
O75525,GUUUUGGAGAACUUGAUCAUGAUCUGAAGAUCUUAAAUUAUUGUUUUUAGGCUUAAAUUUUUUUCUUGAUAAGAG,688
O75525,GUUUUGGAUUAAGGUCGGAUUGAAACAUUAUAAAAAAUUAUUAUUAGAGGUCUUAAACCUUUAUUUUGGUCUCUU,689
O75525,GUUUUUUUUUUUUUUUAAACUUAAACGAAAGUUAAUAUUAUUAAAGUUUGAACGAAUUGUGAACUUCCAAGGAUU,690
O75525,GUAAUUGUGAACAGGAUUUGGAGACAUGAUUGUUAUUUGAUUUUUUUGGGUGAAAUUGCCCCUACAACUCCCGAG,691
O75525,GUUUUUUUUAAUGGAGAUCUAAGAUAAAAAAUUAAACUUAAAAAAUUAUAUCUUUUUUU,692
O75525,GUUUAGUCUUUAAACGCACUACGAUCAUUAUCACUUACGUUAGUUUGGGGCGCAACGCAUAAGUCGCGACUCGUU,693
O75525,GUUUUAGCCAGUAUCAGACUAAGAUAAAGAAUUCUUAUUAGCAAUUUAUAGUACAUAAUUUAAUUUUAACCAAUC,694
O75525,CCUAUCGGUCAUAAGAUAUUAGGGGGAUAAGCAUAAUUUGCGAGCCUUGGCGAUUACCCCCAUUCUUGUUCCGAU,695
O75525,GUUUUGGAUUUUAUUCGGAAAACGCAGAAUACGAACUUUGAAGCCUGAGCUUUUCAUACCGCGGUAAGUUGAUAU,696
O75525,GUUUUAGCUAACGCUAGCGCAAAAAUUAACAAUUAGCAAGGAAUUUUUGAUGGUAAUUCUUUACUAUGUCUUUGC,697
O75525,GUUUUCGGCCAUAUCAACAGUAAACCACCGUUUCCGUUCCGAAUAAC,698
O75525,UUAAUUAGAUAAAAUCGAAGACUUUCAUAUUUUUAGUUUAUUUUAAGGGCAACUGGAUCAUGGUCAAGUGCAUUG,699
O75525,UCUGUAAUUUAAUAGAAUUUAAGAUCGAGUACAUAAAUUGUAGGUUUUUUUCUUAAUCGCCCUUGGCGUUCAGCG,700
O75525,UUAAGUUAUUAAGGUUGUCCUUUGUUGUAUGUGGAAAUACCAAAAUUUUGAUAUGUGCCUACAA,701
O75525,GUUGUUUUUAGAAGUCUAAAAUUAAAAAAAAACCCCCGUAUUAAUUUUAAUUUUUUAAUAGAGUGUAUUAAGUGA,702
O75525,UUCUAGCACCGGAGCAACAUUUGAAUUUGAUUGAUACUUUUCUAUUUUGGCUAGGAUGGGGUUGCUGGUAGAGAU,703
O75525,UCUUAAGAAGACUUCUCAUUUUUGCCGUAGAGGAGCUUUCUCCUGCCUUAGCGAAGUGGUUCGGCUAGUAGAGCG,704
O75525,AAUUUUGAUUAAGGCUGACCAAGCUGACUAAGCGACAUUACGCUGUGUGGUGAAAACAGCGUGGCUGGAGCAGUA,705
O75525,GUUUUAGCUUACGAGCAACAAAAGCAUAAUUAUUAUUUUUUUGAUUUUGCUGAUCAUUGGUGGGAAAGACCCCCU,706
O75525,GCCUUGGGGAAAACUUUCACAAGAUUGAAAAAUUGGAGGCUGCCUUUUGCUCUUAAUUGGCCCUCUAAAUGGAAA,707
O75525,GCCGUUGGGGAGAAGUUCUUAGAAUGAUAACCUUAACUUGAACCCCUUGUUCAAUGUGUUUUUUGCA,708
O75525,GUUGUGGAGACUUAUCUUCAGAGAUCAUGAUUGAUGCGUAAAUUAUUUAUCUAUUAUUUUUUUUUUUGAUCGGAU,709
O75525,GUUUUGGAUUAUUUUCGAAUAAUAAAAUAAAAAUAUAUUUUUAUUUUUAGAAUCAAUUCGAAAAAAAGGAGGUAC,710
O75525,GUUUUGGAUUAUUUAGAUCUAAAAAUCAGAACUCUACGAAUUGGUGUUAUUUUGAUAAAAGUUUCUCCUAGAGCG,711
O75525,GUUUUUUAGAUGGGUUGACAAACAUUUAAAAUUUAAAAACUUAAAUUAUAUAUUAAAUUAGUAAUUAAAUAAUUA,712
O75525,GUUUUUGAAUUAAGCGAGAAACCAUCAUUAUCUGAGCAUAAAGUAUUAGUUUUUAAUAAAGGCUUUUUAGCAUUC,713
O75525,AAAUUUGAUUAAGAGGGAACAAUUACAUAGUGCUUAAUUUAUUUUUUGCCUUUUGGCAAUUUGGUAAGGGGGCCU,714
O75525,AGUUUUGAUCAAAGCGCACACUGACGGAAAGGCUAAAUAUAAAAUUUUAUGACUAGGUUUGCAAUUUGGGCGUUG,715
O75525,GUUUUAGCCAGUAUCAAUUGAAAAUCCCCAAUUCCCAUCUACUAUAC,716
O75525,GUUUUGGAUUAAGGUCGGAAAAUCUGGUAUUAGAACUUUGGCCCCUGUAGUCAGGCACCCGUGGCUAGUCGCGCG,717
O75525,GUUUUGGACUAUACCGGGACAGAACGAAGAAGAGAGAUUCAAUAUUUUGCUUAUAUUUUUUUUUUAAUAUAAAAG,718
O75525,GUUUUGGAAUUCAUAAGAAGGAACGACUGUUAAAGAAUUUUUGGUAUUAGGCGAUACCGAUUUUCUUUAUCCCGG,719
O75525,UUAUAGACUCAAAUCAACAGUAAUCAUCGACUUCAUCACUGACUUUUG,720
O75525,GUUUUGUGUUGAAUUAUGUAAGAAAAUCGACCUUAAGUCAGUUUUGGGUCUUUUAAUAAAUCCCUUAGUUCAGAG,721
O75525,AAAAAUUAAUUAAAAAGAAAGGUUCCAAGGCCAAGACCAUGUGUUUUGUGGCCUAACUGUUUUACUUUGUCAGCU,722
O75525,AGUUUUAGUUAAGAUCAACUAAUAAAAUUAAAUUUAAUUAGAAUUUUAAGAAUUCAUUUAUUUUCUCAAUA,723
O75525,GUUUUGGAUGAAAGGUUCAAAUUUUACUCCAUUUAUAUAGAAAUUGGCCCUUAACAUUUGUUAAAACCUUGGUUG,724
O75525,GUUUUUGGCGAUUUUAAAUAAAAAACAUGAUCUUUACGUAAAAAUUUUGGACAUUUUUUUUUGGUUUAAUCCAAA,725
O75525,GUUUUUGAAUUGAACGAUCUAAGAUUAAAAAUUAUAGUUAGUAAAGAAAGAUAUAAUUAAGAUAUAAUAUAAAUA,726
O75525,GUUUUGUCUAGAAUUCGAAUACUAAAAAAAACACUUUUUAAUUUUUUUUUGCAGUUAAAAGAGUUUUUGCACGGA,727
O75525,GUUUCUGGCGAAGAAUUUCUAAGAUAAUUAAUUUUGAUUAAAAUAGUUGGGAAUUUGUUAGAAUUUUAGUUUUUC,728
O75525,GUAUUAAGUCAUACUAGAAAAGUAACAUCACCAGCUAUAAGUUAAGUUUGUUUAGAACCGGCAUUUCCUGCUUUG,729
O75525,GUUUUUGAAUUGAUAGAUAUUCUUAAGUUAUUUAAGAUUAGAAGCGUAAAACUUCAUUAAGAUUCUUCGCGAGAC,730
O75525,GUUUUGGAAGAAUAUCAAAUAAUUCCAUGUUAAAUAAUUAUUUUUUUAGGAUUUUAUUUUUUUUUAAAUAAUUUU,731
O75525,UUAAUAAGAUUAAAUUUUUUUAAAAGAUUCCUAUUUUUUUGAGGAGUUGGCAUUCUGGUGCCCCUCCCUGAGCCU,732
O75525,GUUUUGUGAUAAAUUCGAAUUAUAAGAUAUUAAUAACGUAGGUUUAUUAAUCAAUUUUAAGAGUCUCGUUUUUUU,733
O75525,GCCUGGGGGAAAACUCCCUUAGGUCUUAAAAACUUUCAAGAGUUUUCG,734
O75525,UUAAUCAAUCAAAACGGGGGAAAUCACUCAGUGGAACUUCAAUCAUUGGCACAUGCCUGUUGACUAAUUGUUAUU,735
O75525,GUUGUAGCGGCAUAGCAUUAGUGUCAAUGAAGAUCAAUUGCCUUUUUGGGAGAGCAUACCCUCAUUUAGCCAUAU,736
O75525,GUUGUUUUUAAUUUUGAUAUUUUAAAAUUAAGAGAAAUUAUUAUUAUAAAUCUUUCUUAAAAGUCAAUGCCCAGA,737
O75525,UUAUAGAGUCUGCAUCGCCUAACAUGGUAGUCUUUGCGUAUCCCUGUAAGCGUUAAUGGGCCGUCAGCACCGUUG,738
O75525,UUAUAGACUCAACACGACAUAACUUUGAAAUCACAAUUUAGAACUUUUAUGACUUUUUCGGAGUCUGCACUUAAG,739
O75525,GUUUUUGGCGAUAUUUAAAAAGUAACAUUAUCUUUCAAAGCUAAUUUUAAACAUCUUUCCCCGUUAAGACCGAGA,740
O75525,GUUUUUGAAUUCGGGAAACCUAUUAAAUGAUUGAAAAUUAUUAUAUUUU,741
O75525,GUUUUGGAAGAUUAUCAAAUAAUAAAAUAAAUUUAGAUUUUCGGUGUUAGUCUUUAAUAAGUUUUAAAGCGGGAC,742
O75525,GUUUUAGCCCAUAUCAGACUGAAAUAAUCGUUCCUUAUCUAAAAUCC,743
O75525,GUUUUGGAUGAAUCCGAAAUAUUUAGAUAAACGAUUAGGACAUUUUUUGCUAAUAAUUUAGCAACUCCUGGGCGG,744
O75525,GUUUUGGAAGACAUAAGUCCCUGUCCACUACUUUGAAUUAAAUUGUUUUUUUUAGAUAAAGAGAACAGAGCAGAC,745
O75525,GUAUUAUCUCACUACAGACACAGAUAUAACAAUUAGGUAUAAUGAGGAGUUACUCAUUCGGAGUCUUAAGUCAUC,746
O75525,GUUUUGGAAUCAAGUCGAAUGAUGUCAUUUCCUGAGAUAGAAGGUCCGUUUGGUAAUAUUAUGCUACCUGCAGAG,747
O75525,GUUUUAGGCACAUAUAAACUAAUAAAAUUAAAUUAAAAAAUAAAAAUAUUUCUUUAGUAAGAGAUUUAAUUAUUU,748
O75525,GUUUUAGCACAAUCAGCAAGUUGAACAAACAUUAGCCUAGCCACUUUAUAUAUAUACACAUGGAUCAUAUUUAAG,749
O75525,UCCUUAAUAAUGGCAAGAUUAAGGCAGAAUUUGAAGAUUAGCUAUUUUUGGCGGCAAGGUGCACUAAUAUCAUGG,750
O75525,AAUUGUGAUCAAGGCAAAUUAAGAUAUUUGUGCUACAUAGGAAAUGGUACGUAGCAACAAGUUUCUGGAUCCGGG,751
O75525,UCUAGUUAUUAUGGGGAACACCCGCCAUUUUUUAAAAUUAGAUUUUUUUGGCAUGGCCAUUUGG,752
O75525,GUUUUAGCCCAUAUCAGAUGCAAAAAAACGUUGUAGUUUCAGAAAGUUAGGUAGAAUUAAGCAUCUCAGGCAGUA,753
O75525,GUUUUUUAUAGAAGCGAUAAAUUUCCAUAAUUUAAAGUUGAAUUUGGUAAUUUUAAAUUGUUUAUUAAUAUAUUC,754
O75525,GUUUUGGAAGAAAGGUUGAAAUCUCCAUGAGCUUUUUUAGAUUUGGGCUCUGGAUAUCCCCCAACUAGUCCGGGC,755
O75525,GUUGUUGAUCCGGGGAUCAGCUGUGUUAAAUUUUAUUUUUUGAAUUU,756
O75525,GUAUUGAGUCUUACUGAUCCAGAAACAUGGACACCCCUUA,757
O75525,GUUUCUAUCCUUGGAUUUAACAUAAUUAGAAGAAAAAAUAAAAAAUUAAAAAAAAUAGAAGAGUUUAAAUUAAAA,758
O75525,GUUUUAGCCAGUAUCAGACUAAAAUCAUCAUGUCUUAUCCACACUUAG,759
O75525,AAAAAGGGUUGCUAAUGUGUGUUUAGGUAAGCAUUUUUUUGCCCUUUUGGCACACUGCAAUGCCGAAGUUCGAUG,760
O75525,GUAUUAAGUCAUAACAGAUUUUGAUCUUGAUCAUUUAUUUGAAAUUUUGGAAUUAUUUUUGAAUUAAUACCCAUA,761
O75525,GUUUUAGCCAGCUAUAAACAGCAAUUUAACAAUUUCGUUCAAAUAAGGAUUAACUACAGAUAGUCUUAACUCAAC,762
O75525,GUUGUUUAGAUGAGUUAUUUUUUCUAUAAAAUAAAACUUAAAAUUUUAGACUAUUAUCCCCCACUUUGACUAGAU,763
O75525,UUAUGGAGAUGAACCACACUUAUUCCAUGAUUGUUAUUUAGAUUAGAUUUGCUUGGAAA,764
O75525,GCCUGUGGCGAAGUCAUUGUAGUGCAGCAGCACUUUUUUCCAAAAGUUGAGCAAAUUUGAAUUCCUUGUCCCAAG,765
O75525,UUAAUAAGAAGAAAUUAAUUUAAAAGAACAAUUUUUUUUUUUUUUUUUUAUAUUUUGUGGGCUGUCCGACCGUUG,766
O75525,GUUGUUGUUGAUAUUGAACCAAUAACAUACCUUACGAUUAUAAAGUUA,767
O75525,GUUUUUUAUUAGGGCGAGAAAUUCUUCAAAAAAUAAAUUAAUUUGCCCUUUACUAAUUAAUUUACUAAAUUAGAU,768
O75525,UAGUAAGCUUUAAUCAUCAGCUUGCGUUGAUUACGUCCCUGCCCUUUGUACACACCGCCCGUCGCUAGUACCACG,769
O75525,GCCUGGGGGAUCGGCAGACUUUGUGGGAUUUAACUGCAUUUGCCAGUUAGUUUGCAAGCGCCGGCUUGGGCGUAU,770
O75525,AUUUCGGACCGGAGACAGAUUUAGCACAGCAGCUAGAUUUUUGGUUUUGUUAUAAAUGUUGUAACUGGUGGAAUU,771
O75525,GUUUUGGAAUUCGGGAUCAUUUGUCCAUUUAGAAAAAUUAUUAUUCUUUGGGAAAAUGGCCAGGCUAGAUUAGAG,772
O75525,GCAUAACGCAGCAAUUAUUCAGCAAGGAAAGUGGUUAUUAGUAUUUAAGAGCUUGAACGUUUUAAAAAGGGGCAA,773
O75525,GUUUUAGCCCAUAUCAGCAGCGAUCAACCGUAUCUCUUCUGAACUCG,774
O75525,GCCAAUGGUUGAGAGUGGAUGGUUCAAUGCACAUAAUUUGGAGUUCUUUGGCGAUAUCAAGCCUCUAUUGCAGUG,775
O75525,GUUUUGGACUAUACCGGAACAGUUACUAGAUAAGGAAUAUUAAUUACGUUGUAUAAACCGGUGA,776
O75525,UUAAUAAGAUUAAAAAAAUUUAAAAAAUUUAAAUUUUUUU,777
O75525,GUUUUGGAUUAAGGUCAUCUUGAAAAGUCAAUUUAAAUGGAAAUUCCGUUUAAAAAAAUUAUACUUUGGGCAAUA,778
O75525,GUUUUGGAAUUGAGGUAUCCGACAUCAAUUUAUUACAUUAUUUAAGGAAGGCUUAAAAAAGGGAUUUCGCCCUUU,779
O75525,GUUUUGGAUUAACGCGUCAUUCUUGGAAAACCGCUUACAGAAUAUAUGGCUUUAAUAUCGGCAUUAGGUUCAUUU,780
O75525,GUUGUAGCGGCAGCAGUAAUAUGUCACAACAUUAUGAAGUGCAAUUUUGGCAAUACAUAAGAGCUUCUGGCAGUU,781
O75525,GUUUUGGAAUUAUAUCAUAUAAAAAAAAAAAUUAAAAUUUUUUUUUUAAGAAGAAAUCAUUUGGAUCAUUCAGAG,782
O75525,GUCUUGGAGAAAACUCUAACGAUUCCAUCACCAGUAAUUAGAUUAGAUACGCAGCAACUUUUUUUUUGUCGGUCG,783
O75525,GUUUUAGCAAUUAUCAAUCUAAAUCAAUCAAUUCCCAUCAGAUUUUUAUAGUUUUUAACUUAAUUUUACCUAAAA,784
O75525,UUAAUCAAUCAUAACGAUAGAAGAUUCUACAGGCAUGUAGUAUACCGUGGGUAUGGAUCGUUACUUGCGGUCUUU,785
O75525,UUAAUUAGUCAUAAGAGUCUAAAAACAUGAGUGGAAGUAUUUAACUUUAGGAUUCAUGUUUUUUCUAGAUCCGAU,786
O75525,GUUUUGGCCUAUAUCGGAUAAGGUAUAACCUAGGUGCGUUAAAAAUUAGAAAAUUAUUGCCCGUUAAGACUUUCG,787
O75525,GUUUUGGAAGAAUAUCAAAUAAUAUAAUAAAUUAAAAUUUUUUUUUUAAGAAUUUCAAGUUUAUUCCAAUCCCGG,788
O75525,GUUUUUGAAUUUAUUCGAAAAAUAAAAGAAAUAUAUAUUAUUAUUUUUAGAAGAAAUAUAGAAAUUCAUUCAGAA,789
O75525,GUUUUUUAUUUGAUUCGAAUAAAUAGAUAAUUUAAAAUUUUUAUUUUUAGUAUUCACAAAGAUUCAAAGAUCGAU,790
O75525,GUUUUGGAUUAAGAUCCCAUGAUCUACUGAUUGAACUUUACGGCUGGUAGCGACACACUUUUUCUCUCACUAACG,791
O75525,AAAUGUGAUUAAGGGUGGACGUCUUGAUUUUGCACAAUUGAUUUGUUUGGGGACAAAAGCCAA,792
O75525,GUUUUAGCAAAUAUCAUCAGCGAUCAAUCAUCACAUAUCAGUCAUUUG,793
O75525,GUUGUAGCGGUCAAAUGUUCAGAUUGCAAAAUUGCCAUUCAAUUGUUGGGCAAUCAUUCCUGCACUGAGGGAAUU,794
O75525,GCCAAUGGUAGAAACUGUGUGACUCAGGAAGGCUUUGUUAUUGGCUUGGCGCGAUGCAAAGCGAGAAUUACCGCG,795
O75525,GUUUUGUGUUAUUUUUAAAGAAUCUAAAAAAAAAAGGUAUGCUUUGUAGUUCUUCUAUAAGCGGUAAAAUCCCGA,796
O75525,UCCUAGUAAGAAACGGUACUAUUAUCAUUUUUUAUAAUAAGGUUUAUUAGGCCUUGGCAUUUGCGGUGUAGGGGG,797
O75525,GUAUUAGCGGUCUACGGCGGCUAUAAUCAAUCUUAACAUCACACAUUGGGCACCAUGUAGGUCACUUGUAGAAUU,798
O75525,GUUGUCUGCGGAUAUAAUAGAGGAACAUAAUUUAAAGUUUUAUUUUUGGAAAUUUUUAUAUUAAUCCGAUCAAAU,799
O75525,UUAAUCGGUCAAGGCAUAGCGAUUGGAUAAAGCAAAAUUUUAGGGUUUUGCAAUGCCCGCGAUAAAUGGGGAUUG,800
O75525,GUUUUGUAUUAUGACGAAAUAUGAUUUAAUAAAAAAGUUUUUAAUUUUUUUAUCAAUAAAAAGUUCUUAUAAAUC,801
O75525,GUUUUGGAAGACAUAAGUCCUAUGCCAUGAUUGGUGAUUGAAGUUUUUAUGCAGAGAAAUUUGGUACCUCCGAGG,802
O75525,GUUUUUUGAUUAAGAAAUUCUAAAGCAUGAUUGACCAUUGAUAUUGAUUGAUUUAAACCGUAAUUUAAUCCCGAC,803
O75525,GUUUUAGCCCAUAUCAGACUGAAAUUCCCGUUGGAGUGUCAAUUAACUAUAAAUUCUAAAGCCAAUCGGUACAUC,804
O75525,GUUGUAGCGGUCAACAUCAGUGAUGCUAAUUCUCUUCAUUUACAUUGGGGGUAUAUUACCUAGGCUUGUAGCAUU,805
O75525,GUUUUUGAAUCGAGAAAUUUUUUGAAUAAAUAAAAACUUAGAUUUUCAUAAUUUUAAAAAUUUAUUAAAGAAAU,806
O75525,GUUGUUUAUUUGAUUUUUAAUUUAAUAAAUAUUUCAAAGAUUAUUUUAGAAAUUCAAAAAGAGUUUCAAUAUGGA,807
O75525,GUUUUGGAAGAUUUAAUUCCUAAAUAAUACCUUAAAAUUAUUAAAG,808
O75525,GUAAGCUUUGAUCAAUAAAUAAGAUUCUUAAUUUAGUUUAUUUUUUUCUGGGAGGAUUUUAUAGGAAAAUCAGGA,809
O75525,UUAAUCAAUCAUAAGGUUGCAAGAUGAUAAGUGACAGUAUUAAUAGUCUUUCAACUUGGCGUGGUAACUUGGUUU,810
O75525,GUUUUAGCAAGGAUCAUCAGCUUUCAAUGAUCAAAUAUUCACCAUUUGGCUCAUUAAACCGCACGUAUACUAGAU,811
O75525,GUAAGAUCUUACAUCUUACUAAGAUCGAAUUGUUUUGUUUCUUUAUUAGGGCAUGAAUGUGAUUCUUAAUCUAUU,812
O75525,GUUUUUGAAUGAGGAUCAAAACCUCAGAAAUCUUAGUUAGCCGGUGAUAUCAUGCACAAAUUUCUUUGUUCAAAU,813
O75525,AAAUGUUGGUAAGUCAUGUUGACUCACUGCUGCACAAUUGAACUUCCUACGUAUUAUGCGUGGGCUGGACUUAUU,814
O75525,UUAAUCAAUCAAAAACAUAUUAAAGGAAAUUAACACGUAUUAGGAAUUACGGAUGAUGGCGUUAACGGAUUUUUU,815
O75525,GUUUUAGCCACUAUCAGACUAAAAUUCACAAUUCCCAUCUGAUAUAC,816
O75525,GUUUUUUUUAUGAAAGAUUUAAGAUAAUACCUUAAACGUACUUAUUUUAGGUUUAGGAUUUUUACAUUGCGGAGG,817
O75525,GUUUUGGAAUAUUAUCAAAUAAUAAAAUAAAAAUAAUUUUUUUUUUU,818
O75525,GUUUUGUAUUUGAGGUGGAAAGCGCCAAAAAUUUAUUUUGAUUUUUUUUUUGAAAAUCCCCUAACAAUACGAGAG,819
O75525,UUAAUAAGAUUGAAUUCAACACUUUUUUUCUUUGACGUGUGUUUGUUUUGGUUUCAAAGUACUUCAAAGCAUGUG,820
O75525,GCCAAUUUGAGGACGUAAAUGAGAUGGGAAAUGGCACUUCUUACACUGACUAUUUGCCAGGGGCUCUGUGCGCAA,821
O75525,GUUUUAGCCAGCUAAUUAGUAAUCGGGAAAUAAAAUUUUUUUGCUUUUUUUGAGCACUAAGCACUACGUUCAUAG,822
O75525,GUUGUUUUUAUUUUUGAAAUAAUAACAUAUAAAAAAAUUAUUAUUUUAGAUCAAAUUUCGAAGUUCCGAUCCUAA,823
O75525,GUAUUAGCCCAUAUCAGGAGCUUGCAACCGUAUCUGUUCUGAACUCUUGUGUAGCAUAGUGUCAAAGGGUAAAGG,824
O75525,GCCGUGGGGAUAACGUUCUGGAAGUUUAA,825
O75525,AAAAAGGGAUGAAUCUCUGAACUUGCCUUAUCACAAUUUUUUGGGUAGGCUUACAUUACAGUUUUAAUUGCGUAA,826
O75525,GCCGUGACGACUGAAAAGUCGGCAUUGGCAAUUUUUGACAGUCUCUAUGGGUAACCUAAGGAGACUUGAGCGUAU,827
O75525,GUUUUGUCAAUCUUAGAACCAAAAAUAUUAUUGAAAAUUAUAAUUUUAAA,828
O75525,GUUUUUGAAUUUAAUCAAAGAAUAAAAUAAAUAUAAGUUUUUGAUGAUAGAAUUCAAUAAUUUAAUAAAUAUCCU,829
O75525,UUAAAGAACUGGAAUUCCGGACUCUGCAAGUCUGUUACUUUCCCUUUUGCUUACUACUACGUCUACAGCCUAUUU,830
O75525,GUUUUAGUCAUCGGAUAAAUUUUUAUCAAAAAAAAAAAUUUUGUAUUAUUGAAACAUUUAGAUAUUAAACUAAUC,831
O75525,GUUUUAGCCAGUAUCAAUUGAAAAUCCCCAAUUCCCCUCCAAGAUAG,832
O75525,GUUGUCGGCGAUAUUAAUCCGAAAAUAACUAUUUACAUAAGAAAGUUAAAGGAUUCAAUGGAACUUUAUUAAAAG,833
O75525,GUUUUAGCUUACUACAGCAGCGAUCAUAAAUCAGAUCAUCAAAUCUUG,834
O75525,GUUUUGGAUUAAGGCUGGAAACCCUGGAAACCUGUACAUGCGAAAUUAAUUCAUUAUCCGGUAACUUGUAGCCUA,835
O75525,AAAUUUGGAGUCAUCAUUCUGUUGCUGUCCAGCGCGCGCGCCAUGUACUACACUAGCACGCAGUCUUGAGAAGAG,836
O75525,UUUUACUUCGAAAAUAUAGUAAUUAUUUGAAAAACGACAUUCUUUUUUUUGAUUUUUUUUGCAAAAAGACUUUCU,837
O75525,GUUGUAGCGGACGAAUGCACAUGGUCCUAAUCUUAUUUUGGUUUUUUUGGUGAAAAUCCCGAACGUUUGUAUUAC,838
O75525,UCUAGUAUGUGUCAGCAAUUAGCUUGAAAAACUUUUAUAAUUUUCGAAUAGCUUUCAAGUAAGGGGCGUUCCGCC,839
O75525,GUUUUGUCUAACGCAAGCAUAUUUAUUAACAAUUUUGUUGAAGGCUUUUUUUGGUAAUUUUUAC,840
O75525,GUUUUUGAAUUGAGAGAUUUAAGAACAUAUUAAAAGAUUAGUAUUUUAGGAAAAAAAUUAGUUAUUAAUAACCUC,841
O75525,GUUUUGGAAUUCAUAAGAACCUUUCUCGGAAGAAUUGUUAAAAUUGAGGGCAAUUGCAAAGUUUCUUGAUCAGAG,842
O75525,UCAAUUUAAAUAACCGGGGCACCUUCGUCAGGAGAAAUUAGAUUACUUCUGCAUGCACGGUUAUUAAUGCCGUCG,843
O75525,GUUUUAGCAAACAUCAGACUAAAUCAUUCAUGACUUAUCAGAGUUUUUAUGUGAACAAGGGCAACUUACUCAGAU,844
O75525,GUUUUAGCCAGCUCAAGAUGGAGAACAUCACUGGUGAUUAGCAUUCAUAGUAAGCAACAAUUGCUACUAUAAAGA,845
O75525,AACUUGAGGUUUCAAUGGCAGUCUCUAAAGUUGGUAACAGAAGUGUAUUCGCAGCAACAUGCAUCUAGACGAGCG,846
O75525,GUUUUGUAUUAGGGUCGAAAAAUCUAUGAAACUAAAAUUAUUUAAUUAAUUCCGAAAUUAUCAGCUUAAUCAGGA,847
O75525,GUUGUCUCUACUUGAAGAAUUUGAACGUUAUUUGAACCCAUAACCUUUCACGAACUAUUUGUCACUUGUAGAGGA,848
O75525,GUUUUGUAUUAAAGUCAAAUAAGAAUGGGAACUUAAAUUUUUGGUGUUAAUCUUAAAUUUUUUUUAAAAUAAAAC,849
O75525,GUUUUUUAUAUGGGCGAUCAAAGAUAUAAAUAUUAAAUUAAAAAUUUAAUUGGAAUAUUUUUUAUUUUUAUAUUC,850
O75525,GUUUUGGAAGAAUAUCAAAAAAUUCAAUGAAUUUUUAUUUUUUUAUUAGCUUUUCAAUAAGCAUUAAAAUCAAUC,851
O75525,GUUUUAGCCAAUAUCAGACUAAAAUAUCCAAUUCUUAUCUAAUAUUAAUAGUCAACUAUUUAACCUUAACUAAGA,852
O75525,GUUAUGCUGACAUUCAUACUUAAAUAAAUAUUUAAAGUUAUACCUUUAGGGAUUCCGUCGGAACUAAGUGAGUAU,853
O75525,GUUUUUGAAUAAGGCGAUCCUGAAUAAUAAAAAAUAAUAUAAGUUGAAUGAUAUGAACCGAAA,854
O75525,GUUUUGUCUAGAUUUCGAAUACCAAAAAGAUACGUUCGUAUAAUUUUAGUGCAUCAUUUUUAGUCGAAACCGAAC,855
O75525,GUUUUGGAUGAAGGCUGGAAACUUUGCUUAAAAAUACGUGAAAUCCUUAUUUUUAAAUCGUUAAAAUGUUCGGUU,856
O75525,GUUGUGGAGGAAAAUCUACUAAGAUAACUAAUCGAGUUUUUUGGACCCUUGCGUAAAUAAGUUA,857
O75525,GUUUUUUCUAGAAUUCGAAGACUAAAAAAAUCAAAAUUUAAUGCUUUAGAACACAUUUAUUUUUUCUGAUCC,858
O75525,GCACGUAACCGGUGGUUACCGUCAUCAAAUUGCCAAUUUGAUAAUUUAUUGGAUGGAUCGUGCCAAAUUUGGUUG,859
O75525,GUUUUGUAUUUGAUCGAUAUUUUUUAAUACAAAAAACGUAUUAAUUUUAAACAUUUUUCGACAUCAAUAUAUUGA,860
O75525,GUUUUUUAUGAAGGUUGAAAAAUUAAACUAAAAUAUAAUAUUAUUUUGAAAUUUUAAAAAUUUAUUAAAGGAAUA,861
O75525,GUUUUAGCCCAUAUCAGAUAGAAACAAACAAUUCACGUCUUAGUAUUG,862
O75525,GUUUUAGCGGAAGCAGCCAGCUGUAACUCAAUUCUUAUUAGCACUUAA,863
O75525,UUUUAGAGAUCAAGUCAACUUUGAACUUGGUGAACUACCAUCUUAUAAGGUUUUGAACCAUUA,864
O75525,GUUUUGGAAUUCGGGUGGAAAAUUAACCUUAUUUAAAUAGAUAUUGUUAAUCGAAAAAUUUUAUUUUAAUCCCUA,865
O75525,GUUUUGUUUAUUGAUCAAAUAAUAAUCUAUAAAAAAAUUAUUAAUUUUAAAAUUAGGAAAGAGUUUUAAUCAAUC,866
O75525,GUUUUAGCUUGUAAUCGCGUAGAUCAGCUGCACACGCAUGCCGCUUGUAUGCGUAAUAGCACAC,867
O75525,GUUUUGGAUUCGAAGAUCAUUGAUCAAUACAGGUAUAUUAGCGGUACUUUUCAUUAAAAAGCAUUCGGAUGAGAU,868
O75525,GUUUUUGAAUUAGGAUAACUUAUGUAUAAAAAAUAACAGAUUAAAUUAGGAGAAAAAUUAUAUAUCUGAUCAUU,869
O75525,GUUUUUUAUUUGGGAUGAAUUAUUUUUAAAAUUGAACGAAGAAAAAAUAAUACUAAAAUACUUAUUAAAUCAUAC,870
O75525,GUUUUGGAUUAAAUCCGGCAAAGAUCGAGAUCUGAUAUUUGAGCUCUAAUUUUUAAUUUUUUGAAAAGACCAGCG,871
O75525,GUUGUGGAGCACAGUUUAAAAAUGUCCUGAUAAUAUUUUUUUAUGGUUGGUCGAAUUAUUUUUACUUGGGCCCCC,872
O75525,GUUUUAGUUGACGACAGACACUGACUUAGAUCUUAUAUUGCCAAUUUUGGCAACAGGCAAGCGGCUAGACUCAUU,873
O75525,GUAAGCUUUGAUCAGAUUCACUAAAGGAAACAAUAAUUUCAAGGAAGGAUUGAUAUUGAAUUACGUUCGGUCAUG,874
O75525,GUUGUCGGCGAUAUUGAUAUAGGAACAACUUCUACGCUUUUAAAAGUUGUUAAAAUUUCAAUUUUCUUUUGAAAU,875
O75525,UUAUAGAGUCAUACUAAUCUAGCUAGUUGGUAACUAUUUAGCAUUUUAUUUUAUCAAACGUUUCAAAGUGAGACU,876
O75525,GUUUUUUAUCUGGGGAGUAACUGUCUUUGAAGAAAACGAACUUUUCUUUUUACUAAGGAUCUAUUUAGUAAAAAA,877
O75525,GUUUUAGCCAGUAUCAGACUAAAAUUCCCAAUUCUUAUCUGCAAUUAG,878
O75525,GUUUUGGAUAAUUUAGAUCUUUUAUGAUGAAUAUUACGGAUUUGGUUAGGAAAAAUUGAACGGGCUAGCCGAAUG,879
O75525,GUUUUAGCCACUAUCAAAUGAAUCGCAGUAUUGAAUAUCAGCAUUUUUAACAGUUUAACCUUCAACGGACCCAAU,880
O75525,GCCUUGACGACUUAAAAGUCGAAAUCCCCAAUUCUUGUUAGUCUCUAUGGGUAACAUAAGGAGACUGGUAGUAAU,881
O75525,GUUGUUUAAAGAUUAAAAAUAAGAAGAAAAGUAGAAAUUAUUAAUUUAGCUAUUCAUAAAUAAAAAAUCUCAUUA,882
O75525,GUUUCUUAUUUGGGAAGACAAACAAAAUUAAUUUAAAUUAAAAUAGUGGAUAUUUUAUUAGAGAUUUAAAAUUA,883
O75525,AAAUUGAAUCUUUCUACGAGGAAAACAUGGACACCACACCGUGUAUAUGCUUUUCAAUUGCUUUCUAGUCUAGCU,884
O75525,UUAUAGAGAUCAAGUCAACUUUGAUCUUAGUUGGUGCGCGCGUUAUAAGGCUAGCAACGCUCAUCUGGGGCCGAG,885
O75525,GUUUUGGAUUAAGGUCCCAUUGAAUCAUCCCGAACGCAUCUAAUAGGUGUUUGAAAACUGUUAACUGCUUGGUCU,886
O75525,GUAUUAGCUCAUAUCAGACUGAAUCAUUCAAUGGCGUGUAGAUAUACUAUAUAUUAUUGUUAUAUUAAUCUAAUC,887
O75525,GCCUUGGGUAAUCCAGUUAGAGCAACAAACUAAGGCCAUAGAACUUCUUUAGACAAUUUUGGGCUUAUAGUAUCG,888
O75525,GUUUUGUAUUUGAUAGAUUUAAUAACAUGAUUAAAAAUUAUUUUUGGAGAACUAUAAUUUGAGGAAAGAAGCUCG,889
O75525,UUUUAGGACCAUGGCCGCAGGAGCCACCAAAGACUGUUGCAAGCUGCUAGUCGUGACAAGCCACUAGGUCGGGGU,890
O75525,GUUUUAGCCCAUAUCAGACUGGAAUAUUCCAAUCUCGUCUGAAAUCUG,891
O75525,GUUUUGGAAUUCAUAAGAAUUUUUCUAUGAACGAGACGAAUUAUUGAGGAUCGGGAAUUUUUUUCUUAAUCGGAU,892
O75525,AAAUGUUUGAAAGAGUGUCUGAUUCCAUUAAGCUUUUGGAUUUUAGAUGGGCAAAAACAAGCUCUAAUACCGAAC,893
O75525,AAUUGUUUUUAAGGAUUAAGUCCUGUAUUUUAAAAGAUACAAACUUGUGCUUGUGCACCGUUACUAGGUCCUAUU,894
O75525,GCCAAAUAAUGCGCCUUAGUGGUGCCGUGCGGUGGGUUUCAUUAUUUGGCUCGUAUAAAAUCAA,895
O75525,GUUGUGGAGAGCAUGAUAAUUAUGUAAUAAUAAUGAAUUAUUAAUUUAGUUCGACUUAAAAAUA,896
O75525,UUAAGAAGUUGUGAUUGGAUAAUCUGCAAUUUGAAAGUUUAUUGUAUUGGUCUUUGAUUUUUUUUAAAAUAAUUC,897
O75525,GUUUUGUCAAUUUAAAAUAUAAUCGGAUAAAUUCAUAUUAAUAUUUUAAGGCCAUCGGGCCUUUCUAUAUCGAUA,898
O75525,GUUUUGGAAGAUUAUCAAAUAAUAAAAUAAAUUUAAAUUUUUUUUUU,899
O75525,GUAAUUGUGAGAGAUCAAAUUAGAAACUACAUUGAAAUUUUUUUUUUCUAGAUUCAAAAAUAGUUCUGUAGGAAU,900
O75525,GUUGUUUAGUUGAUUUUACCUUUAAAAUUAUAAAAAAUUUUUAAAGUUUUGAAUAAUUAAAAAAAUUUAAAAAAU,901
O75525,GUUUUUUCUAGAAACAGCAUUAAUCAUAGAAUUGCUAUUUUAGCUACGAUGCACACAACCAUUAAAA,902
O75525,GUUUUUGAAUAGAGCGAUGAUUGAUUCAGAUAACCACGUGAGACCUGAGUUUUGAUACUUUUUAUUAGACCAUUU,903
O75525,GUUUUGUAUUUGGGCGAAAAUCCAUUUAAAACGAAACUUAAUACUCUUUUGGAUUAUUCCCCGGUUUAAUUAUUA,904
O75525,GUUUAUGUAGCAGCAACAAUUCUGCAGUGCAUAAUUAUUGCUACUUUUUUUCUACAUGGCCUGCUAAGUGGAACG,905
O75525,GUUUUAGCCCAUAUCAACAGCUAGCAUCCGUGAGCCAUCUAAUAUUUAUAAGUUACUUCGGUAU,906
O75525,GUUGUUUCUAACUCUACAAUAUUGAAAAAGAUUAAGCAAGGUUCUUCAUUGAAUCAUUCGUAGUCUAUAUAGAAG,907
O75525,GUUUUGUAUUUGAUAGAAUAAAGAACGUAAGUUAAAAUUAUUUUUUUUAAACGAUAAUUAGAAUUAAUAUCUUUG,908
O75525,GUUUUAGCCAGUAUCAGACUAAGGUAUUCAAUUCUUAUCAGAACUUUUAAGUACAUAAAAGUGGCUAUGGGAAGG,909
O75525,GUUUUAGCUCAAGCUAGCAGAGUUAAACUAAUUAUGAUUAGCAAAUUUUAAGAGCAACAAGCACUACUGUAAUAU,910
O75525,GUUGUUUAUAUGAACUAUUUAAAAUUCUUAAUUAAAAUAAGAAUUUUUUUAAGAUAUUCGACAACCAUAUGAGAU,911
O75525,GUUUUGGAAGACAUAAGUCCAAUGCCAUGAUUGAUUAUUUUUGGGUUU,912
O75525,UUAAUAAGUUAAGAUUGGUCUGUUACGUACUUAUUUUUACCGAUGUUUUGUUUUAGCCAUACACUAAGUUGGAUG,913
O75525,AAAAAAUAAAUAAAUUAAAAAUAAAUUUUUUUAAAAAAAAAUUUUUUAUUUUUUUUCAAAGAGAAGACAUGGUGC,914
O75525,CCUUACGAAGGCGUCCGCAAGGUGGCAAUAUCACGCUUAUAAUUUGAUUUUCAUAAUAAAGUAUCUUGAUAAAAU,915
O75525,GUUUUGGAUUAAGGUCCCAUGAGAUCAUAAUUUGAGCAUUAAACUCCUAUGUAUAAAUUUGUACUUUGAUCCCGG,916
O75525,GUUUUGGAAUGAUAUCAUAUAAUAAAAAAAAUUAAAAUUUUUGGUUUAGCUUUUUAUCUUUAAUCUUAAUA,917
O75525,GUUGUGUCCAACAUAAUCAUUUGAUCAACAUUUUACCAAAAAUCCUAUUUUUAGCACCCCAACAGUAUCUUCGAA,918
O75525,GUUUUGGAAGAAUAUCCGAUUCUACUGGAACCACUUACGCUUGCGUCGCUAGCUGCACAGUUUUACGCGUGCCGC,919
O75525,GUUUUGGAUGAAUUUCGCAUAAAUAGAAACAUUUAAGUUAGAUUUAGAGUUCAAUAACGUUCAUCUUUAUUAGAU,920
O75525,GCCUGGGGGAUCGACACACUGACUCUUCUAACUUUAGGGGGAGAUUGAU,921
O75525,GUUUCUUAUACGAGAUUUAAAAAAAUAUAACCGAAAAUUAGUAUAGAUAGAUAUAAUAAAGAGCAUAUAUUUUUA,922
O75525,GUUUUAGCCAGCAUAGAAGUAUGAUCCCAAUCUCAUUUUUUUACUUAAGGGCAUAUUUGGGCACUAAUACUCGGC,923
O75525,UUUUAGAGAUCAAGUCAACUUUGAACUUGGUGAUUGCCUCUAGCUUAAGUACAUAAACC,924
O75525,GUUGUAGCGGAAAUCAGCAGUAAUCAUCACUCACAUAUUCAACAUUUG,925
O75525,UUAAGCAAGUGAAAUUGAAAAAGGCAAUUAUUAAUUUUUUUUUUGUUGAGGCUUGGGUUGGUCCUUUAUCGGGUG,926
O75525,AAUUGAGAUCUUACAGAUGACUGUAGAAAGACUGCUAUUGAGUAUAUUGGGCGGCAACCAGCAGCUCGCCGUAUU,927
O75525,GUUUUGGAUUAAAGUCCAAUACCAUACUGGUUUUAGCAUCUAACUUAGUUGCGUUAACAAUUACUUUUAUGGUUU,928
O75525,UUAAGAAGUUGAGGUUGGACUGUUUGCUAAAUGAAAAUUGGAAUUUUGAAUAAAAAUGUUUUGUUUAAUCCACAA,929
O75525,UUUUACUUCCAUAGCGAAAAAGUUAUUUUUAAAUAACCGCACUAUUUUAUGAAAAUAGUUUUUAAAAUUAGAUUU,930
O75525,GCGUGGAGGUAUGCUUAAUUAAUUUACUAAACCCUUAUUGA,931
O75525,GCAUUAACUCAAGACUCACUAGCAGUAUCAAUUCUCGUAGAAGUUUAGAAGUAUGCAUGGGUAACUGCUUUUUGG,932
O75525,GUUUUGGAAGAGGGGUUGAUAUCAUACUCUAAAAAAAUUGAAUUUGUUGUUAAAAAAUUUGUAAUUUGGCCCCUU,933
O75525,GCGUGGAGGUAAACUCUCAUAAGUCUGAUAACUCCUAUUGGCUUUUUUGCUUACAAAACGGUAA,934
O75525,GUUUUGGAAUCGAGGUUCAUUUGAUACAGAUAAUAGCGAGUCUGUCCCCUUUUGCAUGCCUCUAUUUGGUGACUU,935
O75525,GUUUUAGCCCAUAUCAGGAGUGAUCAUCCGUGUCUCAUCUGAUCUUAG,936
O75525,GUUGUAGCGGAAAUCAUCAGAGCGCAUUCUUCUCAUAUCAGAUCUUAAGUGUAAAUAUAAGAGA,937
O75525,GUUUUGGAUUAUUAUCAAAUAAUAAAAUAAAAAUAAAUUUUUAUUUUAAGAAUUCAUUAAGAGUCUCCUAGGAUU,938
O75525,GUAUUAGCUCAAGCGUCAUAUGGGCAUAACAGUUUACAAGGAAUUAUUGCUUAUCUUUGUUUGUCUUUAGAAUAU,939
O75525,GCGUGGGGAGAUCCGGUUAAACUGGCAAACACUAUCAUUGAUUAUUUGGCGUUUAAUUAAGCA,940
O75525,GUAAUUGUGAUCAGGAUACUAAGAUGAACAGUUUUUUUAAUAUUUUUGUUGAUUUGGUUUUUAUUUUAAUCCGGG,941
O75525,GUUUUUUUUUUUUGAAGAAUAAUAGAAUAAUAGAUACGGAUUAACUUAAAAAAAAAUAUACUUAUUAAAUCAAAC,942
O75525,GUUGUUUAGUUGAUAAAUUCUUGACAAUGACUUAAAAUUUUUAAAGAAGGAUUUUGCUUAGUAUUAAAUUUAUAU,943
O75525,GUUUUGGAGAGCAUCGGGAAUCCACUCUUAACGCCAUUAGCGGCAUUAGAUUUUAUUAAAGUACCGAGACUAGAU,944
O75525,GCGUGGGAUGGCAACUGGUGGUUUUGGUAUUUUUUUUUUUCCCCUUUGCCAGGGAAUGCAACGGCCUGAGCAGCG,945
O75525,GUUUUAGGCACAUAUAAAGAUGUUAGGAGAUCAAAAAUUCUUGCUUUUUUUUGUAUUUUUUUGGUUAGGCCAAAG,946
O75525,GUUGUUGGCGAAUAUCGAAUAGGAACUUAAUUUUAGAUUUUUAAAGUUGGGUUUAUUAAACCGUUUAAAUCUGAG,947
O75525,GUUUUGGAUGAAAGUCACAAAAUUCUUAAAACUUAAAUUUUUUUAUUAGGGUGUAAAUCGAUGGCUAGUCCAGAU,948
O75525,GUUUUAGUGCAAGUCAGCAGCUUGCAUUAAUCAAACAUCAGCACUUUGUACACGCCACAGACACA,949
O75525,GUUUUGUCUAACGCGCGCACCUUUUAAUUAGCAAAAAUUACAAUUUUUGUAUUUAGCAAUUCA,950
O75525,UUAAUGAGUUAAGCCUGCAUUAGUCCAUUUUAGUUUGUGAGAUUUAAGGCUUAUCCAUAUUUUUCUAGGUGGAAU,951
O75525,GUUUUUUAUUGAGGAUGAAAAAGUUUACUACUAAAAAUAAUUAUUACAUUUAGAAAAAUAGAUAUUAAAUCAUUA,952
O75525,GUAUUAGCCACCUACAGCGGCUUGCGGAGAAUACAAAUUCGUACAUUGUUUACUACCAAAGCACGUAGUACAAUU,953
O75525,GUAUUAGCCCAUAUCAGGAGCUUGCAACCGUAUCUGUUCUGAACUCC,954
O75525,GUAUUAGCCACUAUCACACUGAAACAAUCAUUUCCCUUCUAAUACUAGUAGUAACCUACUUAACACUACUCAGAG,955
O75525,UUAAAGAACCAUGUCUGGAAACCCAGGAAAGUUGAAAAUAUCCCAUUUGCUAAUUACUGUUGCAACUGACUAUUG,956
O75525,GUUUUUUUUAUGAGGAGAAAAAUGUAUAAAAUCAAAAUUUUUAAUUUAUUUUUUCAAUUUUUUUUUUAAUAUUUC,957
O75525,UUAAGUUAUUAAGGCCGUGACUGUCACGGUGAAAAAACACACACUUCUAUGUGUAUACUUUUACCUUGAUACCCG,958
O75525,GUUGUUUCCAUUUGAAAUUUAAUGCAAUUUAAAAAACGUAAUACUACCUUGUACAUAAUUGAGUUUAAAUCCUAA,959
O75525,GUUGUAGCGGAAAAUCCAUUAUGGUCGAAAUCUCUUUUUCCGGUAUAGAGCUACCUACCUAUCUCUAGAUGAGGG,960
O75525,GCCGUGGGUAGCAACUUCAACUUCUUCAAAAGGAACAUUAGUAGGACAUUCAUUGACAAAGAGACUUUUUCGAUG,961
O75525,GUUUUUUAAUUGAGAUAAAUUUUAAAAAAAAGAUAAGUUAUUAAAUUAUAUAAAAAAAAAUUAAUUAAUAAAAGA,962
O75525,GUUGUCUGAAGAAGUAAUUCUGAAACAUAAGCUGAAAUUAUUAAUUUAGGUCUGCAUGUGAAA,963
O75525,GUUUUAGCCGAUAUCAGUAGCUUGCAAUAAAGAAAACACAGCA,964
O75525,GUUUUGGACUAAUACUUCAUAAGAUAAAACCGUUAGGUUCAGGUAGUUGGUAUGCAUAAAGUACUAAUGGCCCGG,965
O75525,GUUUUAGCCACUUAGAUCAGAUUUUAAUAAACAAAACACACAACAGUUAUUUACACACCCCUUC,966
O75525,GUUUUGGAUUUGAACGAUGUUCCAUCGAAGCCUUAGCAUUUAGCUUAAGGCGGUAACCAAUGCU,967
O75525,GCCUUGGGCAGGACAUUAACGAGGUUUAAAAUUAUAAGGCUUUUUUUUGAGCCGCAUUGGGCCUUGUAAUACAAA,968
O75525,AAAUUUGAUUAAGGGAAACUGUUUUGAUUAAGCUUUUUUGAAAGCUUUGGGCAAAAACAAGUUACUAGAUCCCCG,969
O75525,GCUAAAUCUUGGGAGUAAUUUAAAUUUUGAAUUACUAUUUUUGGUUUUGGAAUAGGCAUUAUUACAAGUGAAGCC,970
O75525,GUUUUGGAUUAUAUUCGGAUAAAACAAUGAAUGAAAGGUAUUGGCUUUAAAAUUCAUAU,971
O75525,GUUUAAGCCCAUAUCAGCAGCUUGCAUUCAAAUGUGUUCUGCUAUGUGUAGUAGCAACUGGUCAAAGCUCCAAUC,972
O75525,GUUGUUAGUACAACUGAAAUAAGAAAAAAAUAAAUGUUAGAAUUUUUGUUGCUGUGACUAGAAUCUUGUGCUUCC,973
O75525,GUUGUUGGCGAUAUUUAUUAAAAAACCUGAUAGAACAUUAAUAAUUUUCCUUUUUUUUUUUUUUCUUAAAA,974
O75525,GUUGUAGCGGUAAACCUCAGUAAUCAUCAUUCUCAUAUUCAACUGUUG,975
O75525,GUUGUGGAGAGCACAAUAACUUUUUAAUUUGAAAUAAUUUUUGGUUUUUGUAAGCAUUUUGAAA,976
O75525,GUUUUGGAAUUCAGGAAACCUUGAUAAUACCUUUAAAUAGGAUUUCUUUUUUUAUGGCCGAAACUUCGUUAAUUG,977
O75525,GUUUUGGAUUAUUUUCGAAUAAUAAAAUGACCUUAACCUAUCGGUUUUAGACGAUAUUC,978
O75525,GUUGUAGCGGAAAAUCCCAGUAGGUCGAAAUCUCUUUUUCUCGGUUGCU,979
O75525,GUUUUUUAAACGAGAAAACUUUUUAAAUUAUAAAAAAUUAUAUAAUUUUAUAAAAAAAAAGAUAUUAAUAAAAUC,980
O75525,GUUUUUGGCGAAAUUAAAAAGUUAACAUACCUUUUUAAUUUAUUAGUUCCUAUUUGUGAACGGUCUUGAUCAGAU,981
O75525,GUUGUUUUUAGAUUAGAAAAUAGAACAUAAUAUUAAAUUAUUAUUUUAGGCAUUUAUCUACCGACUUAAUCGUUG,982
O75525,GUUUUUAGCGAAAUUAUAAACGUUAGAGAAAUUGCGAUUAUAUUAUUUUUUAUAAUUUUAGCAUCUUAAGCAGAU,983
O75525,GUAUUAGCCCAUAUCAACAGCUAGCAUUCGUAUGAGUUCAGCAUGUAAUACACGCACACCGUCAGAGGACUAGAU,984
O75525,GUUUUGGGUUAUUUUGAAAACCCAGGAAGAACUUAAAAGACAUUUCUGGCUUUUAAUUUUCGGUCUUAAUCGAUA,985
O75525,GUUGUUUAGAUCAUACCAAUUUUAAUUAAUAAACUUUUUAAAAUGGAAGAGCAUCUUUGCCUUGUUUUUUCCUUG,986
O75525,UUUUGGUCCUAAAUUCGAAUAAGAUCCACAUCUAAAUUUAAAAUUUUUAAAAAACCUCCCUAACUUUGAUUCCGG,987
O75525,GUAUUAGCCCAUGACAGAUGUAUUCAUCCAAUGGGGUGUAGAGUAUAUAGGUAUGAAUAAAUAUCUAGGGCAGAU,988
O75525,UUAUAGAGUACGACUCAUCUUAUUAUUUACAUUUUAUACAGCAUAGUUUUGCGCCAAAAAGCACCUUGUGGAGCG,989
O75525,UUAAUUAGAUAAGGCAAUUUGAUUAUGAAACAAUAGCUUUUAAAUUUUGGUUAUAAUGGUUGUAUCUGUUCCGUU,990
O75525,GUUUUGUCUAACGCUGAAAUACUUAGGAAAAAUAAAUUUUUUUUUUUUUAAGAGCAUUCAUUAAAAAUGUAAUAG,991
O75525,GUUAUUGAUCAUGGCGAAAACUGAUUAAAAAGAAUUAUAAAAUUAACAGGGAAUAUAUUAUAGGUUAAUAAAAUA,992
O75525,AAUUGUUUGAUCCCUUUAAGUAGAAUCAAUUAUGUAGUAGAAUGUUGAUGGCAAGCUGGUCCUUGGCCUAGGUUU,993
O75525,GUUUUUUAUAGAGGUUGAAAAAGAAUAUAAAUAAUUAUUAAAAUUUUUUUUAAAAUAAAUUUUACUAAAGAAGAU,994
O75525,GUUUUUGAAUUUAAUCAAAUAAAAAAAUAAAAAUUUAUAAUUUUUUU,995
O75525,GUUUUGGAAUUGACUGAAAUGAUCUAAAAAUUUAAACUUAGAUUUUUUAGGCUUUAAUCAGAGGCAAUAUAGGGG,996
O75525,GUUUUAGCCACUUCAAGAGAUGAUCACUCAAUUUCAAUAGGAAUUUUUAUGCAGCAUUGAUUUCUAAUAAGGAUA,997
O75525,UUAAUUAGAUAAGGUUGAAGCUGUCCAUAGUUGAACAUUUGAUUGUUUUAAAUUAGUGGUGUGCUCAACGCAGUG,998
O75525,UUCUAGGAAGAAACGGAAAUGACUCCAUACAGAGCAAUUAGUUUACUUUGGCUUAAGCUAGCAUUACGUGCAUUU,999
O75525,GUUUUUUAGAUGGGGGAUCUAAGAAACAAUAUUAAAGGAAAUAUUCCAAUUAGAUAUUUAUUAAUUAUCUUAUAA,1000
