file_name,protein_name,uniprot_id,sequence,score
RNCMPT00001_RNCMPT.pkl,A1CF,Q9NQ94,MESNHKSGDGLSGTQKEAALRALVQRTGYSLVQENGQRKYGGPPPGWDAAPPERGCEIFIGKLPRDLFEDELIPLCEKIGKIYEMRMMMDFNGNNRGYAFVTFSNKVEAKNAIKQLNNYEIRNGRLLGVCASVDNCRLFVGGIPKTKKREEILSEMKKVTEGVVDVIVYPSAADKTKNRGFAFVEYESHRAAAMARRKLLPGRIQLWGHGIAVDWAEPEVEVDEDTMSSVKILYVRNLMLSTSEEMIEKEFNNIKPGAVERVKKIRDYAFVHFSNREDAVEAMKALNGKVLDGSPIEVTLAKPVDKDSYVRYTRGTGGRGTMLQGEYTYSLGQVYDPTTTYLGAPVFYAPQTYAAIPSLHFPATKGHLSNRAIIRAPSVREIYMNVPVGAAGVRGLGGRGYLAYTGLGRGYQVKGDKREDKLYDILPGMELTPMNPVTLKPQGIKLAPQILEEICQKNNWGQPVYQLHSAIGQDQRQLFLYKITIPALASQNPAIHPFTPPKLSAFVDEAKTYAAEYTLQTLGIPTDGGDGTMATAAAAATAFPGYAVPNATAPVSAAQLKQAVTLGQDLAAYTTYEVYPTFAVTARGDGYGTF,0.000007
RNCMPT00002_RNCMPT.pkl,ANKHD1,Q8IWZ3,MLTDSGGGGTSFEEDLDSVAPRSAPAGASEPPPPGGVGLGIRTVRLFGEAGPASGVGSSGGGGSGSGTGGGDAALDFKLAAAVLRTGGGGGASGSDEDEVSEVESFILDQEDLDNPVLKTTSEIFLSSTAEGADLRTVDPETQARLEALLEAAGIGKLSTADGKAFADPEVLRRLTSSVSCALDEAAAALTRMKAENSHNAGQVDTRSLAEACSDGDVNAVRKLLDEGRSVNEHTEEGESLLCLACSAGYYELAQVLLAMHANVEDRGNKGDITPLMAASSGGYLDIVKLLLLHDADVNSQSATGNTALTYACAGGFVDIVKVLLNEGANIEDHNENGHTPLMEAASAGHVEVARVLLDHGAGINTHSNEFKESALTLACYKGHLDMVRFLLEAGADQEHKTDEMHTALMEACMDGHVEVARLLLDSGAQVNMPADSFESPLTLAACGGHVELAALLIERGANLEEVNDEGYTPLMEAAREGHEEMVALLLAQGANINAQTEETQETALTLACCGGFSEVADFLIKAGADIELGCSTPLMEASQEGHLELVKYLLASGANVHATTATGDTALTYACENGHTDVADVLLQAGADLEHESEGGRTPLMKAARAGHLCTVQFLISKGANVNRATANNDHTVVSLACAGGHLAVVELLLAHGADPTHRLKDGSTMLIEAAKGGHTNVVSYLLDYPNNVLSVPTTDVSQLPPPSQDQSQVPRVPTHTLAMVVPPQEPDRTSQENSPALLGVQKGTSKQKSSSLQVADQDLLPSFHPYQPLECIVEETEGKLNELGQRISAIEKAQLKSLELIQGEPLNKDKIEELKKNREEQVQKKKKILKELQKVERQLQMKTQQQFTKEYLETKGQKDTVSLHQQCSHRGVFPEGEGDGSLPEDHFSELPQVDTILFKDNDVDDEQQSPPSAEQIDFVPVQPLSSPQCNFSSDLGSNGTNSLELQKVSGNQQIVGQPQIAITGHDQGLLVQEPDGLMVATPAQTLTDTLDDLIAAVSTRVPTGSNSSSQTTECLTPESCSQTTSNVASQSMPPVYPSVDIDAHTESNHDTALTLACAGGHEELVSVLIARDAKIEHRDKKGFTPLILAATAGHVGVVEILLDKGGDIEAQSERTKDTPLSLACSGGRQEVVDLLLARGANKEHRNVSDYTPLSLAASGGYVNIIKILLNAGAEINSRTGSKLGISPLMLAAMNGHVPAVKLLLDMGSDINAQIETNRNTALTLACFQGRAEVVSLLLDRKANVEHRAKTGLTPLMEAASGGYAEVGRVLLDKGADVNAPPVPSSRDTALTIAADKGHYKFCELLIHRGAHIDVRNKKGNTPLWLASNGGHFDVVQLLVQAGADVDAADNRKITPLMSAFRKGHVKVVQYLVKEVNQFPSDIECMRYIATITDKELLKKCHQCVETIVKAKDQQAAEANKNASILLKELDLEKSREESRKQALAAKREKRKEKRKKKKEEQKRKQEEDEENKPKENSELPEDEDEEENDEDVEQEVPIEPPSATTTTTIGISATSATFTNVFGKKRANVVTTPSTNRKNKKNKTKETPPTAHLILPEQHMSLAQQKADKNKINGEPRGGGAGGNSDSDNLDSTDCNSESSSGGKSQELNFVMDVNSSKYPSLLLHSQEEKTSTATSKTQTRLEGEVTPNSLSTSYKTVSLPLSSPNIKLNLTSPKRGQKREEGWKEVVRRSKKLSVPASVVSRIMGRGGCNITAIQDVTGAHIDVDKQKDKNGERMITIRGGTESTRYAVQLINALIQDPAKELEDLIPKNHIRTPASTKSIHANFSSGVGTTAASSKNAFPLGAPTLVTSQATTLSTFQPANKLNKNVPTNVRSSFPVSLPLAYPHPHFALLAAQTMQQIRHPRLPMAQFGGTFSPSPNTWGPFPVRPVNPGNTNSSPKHNNTSRLPNQNGTVLPSESAGLATASCPITVSSVVAASQQLCVTNTRTPSSVRKQLFACVPKTSPPATVISSVTSTCSSLPSVSSAPITSGQAPTTFLPASTSQAQLSSQKMESFSAVPPTKEKVSTQDQPMANLCTPSSTANSCSSSASNTPGAPETHPSSSPTPTSSNTQEEAQPSSVSDLSPMSMPFASNSEPAPLTLTSPRMVAADNQDTSNLPQLAVPAPRVSHRMQPRGSFYSMVPNATIHQDPQSIFVTNPVTLTPPQGPPAAVQLSSAVNIMNGSQMHINPANKSLPPTFGPATLFNHFSSLFDSSQVPANQGWGDGPLSSRVATDASFTVQSAFLGNSVLGHLENMHPDNSKAPGFRPPSQRVSTSPVGLPSIDPSGSSPSSSSAPLASFSGIPGTRVFLQGPAPVGTPSFNRQHFSPHPWTSASNSSTSAPPTLGQPKGVSASQDRKIPPPIGTERLARIRQGGSVAQAPAGTSFVAPVGHSGIWSFGVNAVSEGLSGWSQSVMGNHPMHQQLSDPSTFSQHQPMERDDSGMVAPSNIFHQPMASGFVDFSKGLPISMYGGTIIPSHPQLADVPGGPLFNGLHNPDPAWNPMIKVIQNSTECTDAQQIWPGTWAPHIGNMHLKYVN,í∑Ç≥èåèäO
RNCMPT00004_RNCMPT.pkl,CELF4,Q9BZC1,MYIKMATLANGQADNASLSTNGLGSSPGSAGHMNGLSHSPGNPSTIPMKDHDAIKLFIGQIPRNLDEKDLKPLFEEFGKIYELTVLKDRFTGMHKGCAFLTYCERESALKAQSALHEQKTLPGMNRPIQVKPADSESRGGSSCLRQPPSQDRKLFVGMLNKQQSEDDVRRLFEAFGNIEECTILRGPDGNSKGCAFVKYSSHAEAQAAINALHGSQTMPGASSSLVVKFADTDKERTMRRMQQMAGQMGMFNPMAIPFGAYGAYAQALMQQQAALMASVAQGGYLNPMAAFAAAQMQQMAALNMNGLAAAPMTPTSGGSTPPGITAPAVPSIPSPIGVNGFTGLPPQANGQPAAEAVFANGIHPYPAQSPTAADPLQQAYAGVQQYAGPAAYPAAYGQISQAFPQPPPMIPQQQREGPEGCNLFIYHLPQEFGDAELMQMFLPFGFVSFDNPASAQTAIQAMNGFQIGMKRLKVQLKRPKDANRPY,0.000001
RNCMPT00166_RNCMPT.pkl,CELF5,Q8N6W0,MARLTESEARRQQQQLLQPRPSPVGSSGPEPPGGQPDGMKDLDAIKLFVGQIPRHLDEKDLKPLFEQFGRIYELTVLKDPYTGMHKGCAFLTYCARDSAIKAQTALHEQKTLPGMARPIQVKPADSESRGGRDRKLFVGMLNKQQSEEDVLRLFQPFGVIDECTVLRGPDGSSKGCAFVKFSSHTEAQAAIHALHGSQTMPGASSSLVVKFADTDKERTLRRMQQMVGQLGILTPSLTLPFSPYSAYAQALMQQQTTVLSTSGSYLSPGVAFSPCHIQQIGAVSLNGLPATPIAPASGLHSPPLLGTTAVPGLVAPITNGFAGVVPFPGGHPALETVYANGLVPYPAQSPTVAETLHPAFSGVQQYTAMYPTAAITPIAHSVPQPPPLLQQQQREGPEGCNLFIYHLPQEFGDTELTQMFLPFGNIISSKVFMDRATNQSKCFGFVSFDNPASAQAAIQAMNGFQIGMKRLKVQLKRPKDPGHPY,0
RNCMPT00187_RNCMPT.pkl,CELF6,Q96J87,MAAAPGGSAQPAGPGPRLGFSTADSGVGMSGLNPGPAVPMKDHDAIKLFVGQIPRGLDEQDLKPLFEEFGRIYELTVLKDRLTGLHKGCAFLTYCARDSALKAQSALHEQKTLPGMNRPIQVKPAASEGRGEDRKLFVGMLGKQQGEEDVRRLFQPFGHIEECTVLRSPDGTSKGCAFVKFGSQGEAQAAIRGLHGSRTMAGASSSLVVKLADTDRERALRRMQQMAGHLGAFHPAPLPLGACGAYTTAILQHQAALLAAAQGPGLGPVAAVAAQMQHVAAFSLVAAPLLPAAAANSPPGSGPGTLPGLPAPIGVNGFGPLTPQTNGQPGSDTLYNNGLSPYPAQSPGVADPLQQAYAGMHHYAAAYPSAYAPVSTAFPQQPSALPQQQREGPEGCNLFIYHLPQEFGDAELIQTFLPFGAVVSAKVFVDRATNQSKCFGFVSFDNPTSAQTAIQAMNGFQIGMKRLKVQLKRPKDANRPY,0.344083
RNCMPT00156_RNCMPT.pkl,CNOT4,O95628,MSRSPDAKEDPVECPLCMEPLEIDDINFFPCTCGYQICRFCWHRIRTDENGLCPACRKPYPEDPAVYKPLSQEELQRIKNEKKQKQNERKQKISENRKHLASVRVVQKNLVFVVGLSQRLADPEVLKRPEYFGKFGKIHKVVINNSTSYAGSQGPSASAYVTYIRSEDALRAIQCVNNVVVDGRTLKASLGTTKYCSYFLKNMQCPKPDCMYLHELGDEAASFTKEEMQAGKHQEYEQKLLQELYKLNPNFLQLSTGSVDKNKNKVTPLQRYDTPIDKPSDSLSIGNGDNSQQISNSDTPSPPPGLSKSNPVIPISSSNHSARSPFEGAVTESQSLFSDNFRHPNPIPSGLPPFPSSPQTSSDWPTAPEPQSLFTSETIPVSSSTDWQAAFGFGSSKQPEDDLGFDPFDVTRKALADLIEKELSVQDQPSLSPTSLQNSSSHTTTAKGPGSGFLHPAAATNANSLNSTFSVLPQRFPQFQQHRAVYNSFSFPGQAARYPWMAFPRNSIMHLNHTANPTSNSNFLDLNLPPQHNTGLGGIPVAGEEEVKVSTMPLSTSSHSLQQGQQPTSLHTTVA,0.5
RNCMPT00012_RNCMPT.pkl,CPEB2,Q7Z5Q1,MPPPSPDSENGFYPGLPSSMNPAFFPSFSPVSPHGCTGLSVPTSGGGGGGFGGPFSATAVPPPPPPAMNIPQQQPPPPAAPQQPQSRRSPVSPQLQQQHQAAAAAFLQQRNSYNHHQPLLKQSPWSNHQSSGWGTGSMSWGAMHGRDHRRTGNMGIPGTMNQISPLKKPFSGNVIAPPKFTRSTPSLTPKSWIEDNVFRTDNNSNTLLPLQVRSSLQLPAWGSDSLQDSWCTAAGTSRIDQDRSRMYDSLNMHSLENSLIDIMRAEHDPLKGRLSYPHPGTDNLLMLNGRSSLFPIDDGLLDDGHSDQVGVLNSPTCYSAHQNGERIERFSRKVFVGGLPPDIDEDEITASFRRFGPLVVDWPHKAESKSYFPPKGYAFLLFQEESSVQALIDACIEEDGKLYLCVSSPTIKDKPVQIRPWNLSDSDFVMDGSQPLDPRKTIFVGGVPRPLRAVELAMIMDRLYGGVCYAGIDTDPELKYPKGAGRVAFSNQQSYIAAISARFVQLQHGDIDKRVEVKPYVLDDQMCDECQGARCGGKFAPFFCANVTCLQYYCEFCWANIHSRAGREFHKPLVKEGADRPRQIHFRWN,0.5
RNCMPT00158_RNCMPT.pkl,CPEB4,Q17RY0,MGDYGFGVLVQSNTGNKSAFPVRFHPHLQPPHHHQNATPSPAAFINNNTAANGSSAGSAWLFPAPATHNIQDEILGSEKAKSQQQEQQDPLEKQQLSPSPGQEAGILPETEKAKSEENQGDNSSENGNGKEKIRIESPVLTGFDYQEATGLGTSTQPLTSSASSLTGFSNWSAAIAPSSSTIINEDASFFHQGGVPAASANNGALLFQNFPHHVSPGFGGSFSPQIGPLSQHHPHHPHFQHHHSQHQQQRRSPASPHPPPFTHRNAAFNQLPHLANNLNKPPSPWSSYQSPSPTPSSSWSPGGGGYGGWGGSQGRDHRRGLNGGITPLNSISPLKKNFASNHIQLQKYARPSSAFAPKSWMEDSLNRADNIFPFPDRPRTFDMHSLESSLIDIMRAENDTIKGRLNYSYPGSDSSLLINARTYGRRRGQSSLFPMEDGFLDDGRGDQPLHSGLGSPHCFSHQNGERVERYSRKVFVGGLPPDIDEDEITASFRRFGPLIVDWPHKAESKSYFPPKGYAFLLFQDESSVQALIDACIEEDGKLYLCVSSPTIKDKPVQIRPWNLSDSDFVMDGSQPLDPRKTIFVGGVPRPLRAVELAMIMDRLYGGVCYAGIDTDPELKYPKGAGRVAFSNQQSYIAAISARFVQLQHGEIDKRVEVKPYVLDDQLCDECQGARCGGKFAPFFCANVTCLQYYCEYCWAAIHSRAGREFHKPLVKEGGDRPRHISFRWN,0.5
RNCMPT00013_RNCMPT.pkl,DAZAP1,Q96EP5,MNNSGADEIGKLFVGGLDWSTTQETLRSYFSQYGEVVDCVIMKDKTTNQSRGFGFVKFKDPNCVGTVLASRPHTLDGRNIDPKPCTPRGMQPERTRPKEGWQKGPRSDNSKSNKIFVGGIPHNCGETELREYFKKFGVVTEVVMIYDAEKQRPRGFGFITFEDEQSVDQAVNMHFHDIMGKKVEVKRAEPRDSKSQAPGQPGASQWGSRVVPNAANGWAGQPPPTWQQGYGPQGMWVPAGQAIGGYGPPPAGRGAPPPPPPFTSYIVSTPPGGFPPPQGFPQGYGAPPQFSFGYGPPPPPPDQFAPPGVPPPPATPGAAPLAFPPPPSQAAPDMSKPPTAQPDFPYGQYAGYGQDLSGFGQGFSDPSQQPPSYGGPSVPGSGGPPAGGSGFGRGQNHNVQGFHPYRR,0.5
RNCMPT00112_RNCMPT.pkl,ELAVL1,Q15717,MSNGYEDHMAEDCRGDIGRTNLIVNYLPQNMTQDELRSLFSSIGEVESAKLIRDKVAGHSLGYGFVNYVTAKDAERAINTLNGLRLQSKTIKVSYARPSSEVIKDANLYISGLPRTMTQKDVEDMFSRFGRIINSRVLVDQTTGLSRGVAFIRFDKRSEAEEAITSFNGHKPPGSSEPITVKFAANPNQNKNVALLSQLYHSPARRFGGPVHHQAQRFRFSPMGVDHMSGLSGVNVPGNASSGWCIFIYNLGQDADEGILWQMFGPFGAVTNVKVIRDFNTNKCKGFGFVTMTNYEEAAMAIASLNGYRLGDKILQVSFKTNKSHK,0.332494
RNCMPT00117_RNCMPT.pkl,ELAVL1,Q15718,MSNGYEDHMAEDCRGDIGRTNLIVNYLPQNMTQDELRSLFSSIGEVESAKLIRDKVAGHSLGYGFVNYVTAKDAERAINTLNGLRLQSKTIKVSYARPSSEVIKDANLYISGLPRTMTQKDVEDMFSRFGRIINSRVLVDQTTGLSRGVAFIRFDKRSEAEEAITSFNGHKPPGSSEPITVKFAANPNQNKNVALLSQLYHSPARRFGGPVHHQAQRFRFSPMGVDHMSGLSGVNVPGNASSGWCIFIYNLGQDADEGILWQMFGPFGAVTNVKVIRDFNTNKCKGFGFVTMTNYEEAAMAIASLNGYRLGDKILQVSFKTNKSHK,0.355809
RNCMPT00136_RNCMPT.pkl,ELAVL1,Q15719,MSNGYEDHMAEDCRGDIGRTNLIVNYLPQNMTQDELRSLFSSIGEVESAKLIRDKVAGHSLGYGFVNYVTAKDAERAINTLNGLRLQSKTIKVSYARPSSEVIKDANLYISGLPRTMTQKDVEDMFSRFGRIINSRVLVDQTTGLSRGVAFIRFDKRSEAEEAITSFNGHKPPGSSEPITVKFAANPNQNKNVALLSQLYHSPARRFGGPVHHQAQRFRFSPMGVDHMSGLSGVNVPGNASSGWCIFIYNLGQDADEGILWQMFGPFGAVTNVKVIRDFNTNKCKGFGFVTMTNYEEAAMAIASLNGYRLGDKILQVSFKTNKSHK,0.375175
RNCMPT00032_RNCMPT.pkl,ELAVL1,Q15720,MSNGYEDHMAEDCRGDIGRTNLIVNYLPQNMTQDELRSLFSSIGEVESAKLIRDKVAGHSLGYGFVNYVTAKDAERAINTLNGLRLQSKTIKVSYARPSSEVIKDANLYISGLPRTMTQKDVEDMFSRFGRIINSRVLVDQTTGLSRGVAFIRFDKRSEAEEAITSFNGHKPPGSSEPITVKFAANPNQNKNVALLSQLYHSPARRFGGPVHHQAQRFRFSPMGVDHMSGLSGVNVPGNASSGWCIFIYNLGQDADEGILWQMFGPFGAVTNVKVIRDFNTNKCKGFGFVTMTNYEEAAMAIASLNGYRLGDKILQVSFKTNKSHK,0.382038
RNCMPT00274_RNCMPT.pkl,ELAVL1,Q15721,MSNGYEDHMAEDCRGDIGRTNLIVNYLPQNMTQDELRSLFSSIGEVESAKLIRDKVAGHSLGYGFVNYVTAKDAERAINTLNGLRLQSKTIKVSYARPSSEVIKDANLYISGLPRTMTQKDVEDMFSRFGRIINSRVLVDQTTGLSRGVAFIRFDKRSEAEEAITSFNGHKPPGSSEPITVKFAANPNQNKNVALLSQLYHSPARRFGGPVHHQAQRFRFSPMGVDHMSGLSGVNVPGNASSGWCIFIYNLGQDADEGILWQMFGPFGAVTNVKVIRDFNTNKCKGFGFVTMTNYEEAAMAIASLNGYRLGDKILQVSFKTNKSHK,0.428263
RNCMPT00149_RNCMPT.pkl,ENOX1,Q8TC92,MVDAGGVENITQLPQELPQMMAAAADGLGSIAIDTTQLNMSVTDPTAWATAMNNLGMVPVGLPGQQLVSDSICVPGFDPSLNMMTGITPINPMIPGLGLVPPPPPTEVAVVKEIIHCKSCTLFPQNPNLPPPSTRERPPGCKTVFVGGLPENATEEIIQEVFEQCGDITAIRKSKKNFCHIRFAEEFMVDKAIYLSGYRMRLGSSTDKKDSGRLHVDFAQARDDFYEWECKQRMRAREERHRRKLEEDRLRPPSPPAIMHYSEHEAALLAEKLKDDSKFSEAITVLLSWIERGEVNRRSANQFYSMVQSANSHVRRLMNEKATHEQEMEEAKENFKNALTGILTQFEQIVAVFNASTRQKAWDHFSKAQRKNIDIWRKHSEELRNAQSEQLMGIRREEEMEMSDDENCDSPTKKMRVDESALAAQAYALKEENDSLRWQLDAYRNEVELLKQEKEQLFRTEENLTKDQQLQFLQQTMQGMQQQLLTIQEELNNKKSELEQAKEEQSHTQALLKVLQEQLKGTKELVETNGHSHEDSNEINVLTVALVNQDRENNIEKRSQGLKSEKEALLIGIISTFLHVHPFGANIEYLWSYMQQLDSKISANEIEMLLMRLPRMFKQEFTGVGATLEKRWKLCAFEGIKTT,0.002544
RNCMPT00150_RNCMPT.pkl,ESRP2,Q9H6T0,MTPPPPPPPPPGPDPAADPAADPCPWPGSLVVLFGATAGALGRDLGSDETDLILLVWQVVEPRSRQVGTLHKSLVRAEAAALSTQCREASGLSADSLARAEPLDKVLQQFSQLVNGDVALLGGGPYMLCTDGQQLLRQVLHPEASRKNLVLPDMFFSFYDLRREFHMQHPSTCPARDLTVATMAQGLGLETDATEDDFGVWEVKTMVAVILHLLKEPSSQLFSKPEVIKQKYETGPCSDSTVPCPYSSKADVVDSETVVRARGLPWQSSDQDVARFFKGLNVARGGVALCLNAQGRRNGEALIRFVDSEQRDLALQRHKHHMGVRYIEVYKATGEEFVKIAGGTSLEVARFLSREDQVILRLRGLPFSAGPTDVLGFLGPECPVTGGTEGLLFVRHPDGRPTGDAFALFACEELAQAALRRHKGMLGKRYIELFRSTAAEVQQVLNRYASGPLLPTLTAPLLPIPFPLAPGTGRDCVRLRGLPYTATIEDILSFLGEAAADIRPHGVHMVLNQQGRPSGDAFIQMTSAERALAAAQRCHKKVMKERYVEVVPCSTEEMSRVLMGGTLGRSGMSPPPCKLPCLSPPTYTTFQATPTLIPTETAALYPSSALLPAARVPAAPTPVAYYPGPATQLYLNYTAYYPSPPVSPTTVGYLTTPTAALASAPTSVLSQSGALVRMQGVPYTAGMKDLLSVFQAYQLPADDYTSLMPVGDPPRTVLQAPKEWVCL,0.972008
RNCMPT00016_RNCMPT.pkl,FMR1,Q06787,MEELVVEVRGSNGAFYKAFVKDVHEDSITVAFENNWQPDRQIPFHDVRFPPPVGYNKDINESDEVEVYSRANEKEPCCWWLAKVRMIKGEFYVIEYAACDATYNEIVTIERLRSVNPNKPATKDTFHKIKLDVPEDLRQMCAKEAAHKDFKKAVGAFSVTYDPENYQLVILSINEVTSKRAHMLIDMHFRSLRTKLSLIMRNEEASKQLESSRQLASRFHEQFIVREDLMGLAIGTHGANIQQARKVPGVTAIDLDEDTCTFHIYGEDQDAVKKARSFLEFAEDVIQVPRNLVGKVIGKNGKLIQEIVDKSGVVRVRIEAENEKNVPQEEEIMPPNSLPSNNSRVGPNAPEEKKHLDIKENSTHFSQPNSTKVQRVLVASSVVAGESQKPELKAWQGMVPFVFVGTKDSIANATVLLDYHLNYLKEVDQLRLERLQIDEQLRQIGASSRPPPNRTDKEKSYVTDDGQGMGRGSRPYRNRGHGRRGPGYTSGTNSEASNASETESDHRDELSDWSLAPTEEERESFLRRGDGRRRGGGGRGQGGRGRGGGFKGNDDHSRTDNRPRNPREAKGRTTDGSLQIRVDCNNERSVHTKTLQNTSSEGSRLRTGKDRNQKKEKPDSVDGQQPLVNGVP,0.088966
RNCMPT00018_RNCMPT.pkl,FUS,P35637,MASNDYTQQATQSYGAYPTQPGQGYSQQSSQPYGQQSYSGYSQSTDTSGYGQSSYSSYGQSQNTGYGTQSTPQGYGSTGGYGSSQSSQSSYGQQSSYPGYGQQPAPSSTSGSYGSSSQSSSYGQPQSGSYSQQPSYGGQQQSYGQQQSYNPPQGYGQQNQYNSSSGGGGGGGGGGNYGQDQSSMSSGGGSGGGYGNQDQSGGGGSGGYGQQDRGGRGRGGSGGGGGGGGGGYNRSSGGYEPRGRGGGRGGRGGMGGSDRGGFNKFGGPRDQGSRHDSEQDNSDNNTIFVQGLGENVTIESVADYFKQIGIIKTNKKTGQPMINLYTDRETGKLKGEATVSFDDPPSAKAAIDWFDGKEFSGNPIKVSFATRRADFNRGGGNGRGGRGRGGPMGRGGYGGGGSGGGGRGGFPSGGGGGGGQQRAGDWKCPNPTCENMNFSWRNECNQCKAPKPDGPGGGPGGSHMGGNYGDDRRGGRGGYDRGGYRGRGGDRGGFRGGRGGGDRGGFGPGKMDSRGEHRQDRRERPY,0.898894
RNCMPT00161_RNCMPT.pkl,FXR1,P51114,MAELTVEVRGSNGAFYKGFIKDVHEDSLTVVFENNWQPERQVPFNEVRLPPPPDIKKEISEGDEVEVYSRANDQEPCGWWLAKVRMMKGEFYVIEYAACDATYNEIVTFERLRPVNQNKTVKKNTFFKCTVDVPEDLREACANENAHKDFKKAVGACRIFYHPETTQLMILSASEATVKRVNILSDMHLRSIRTKLMLMSRNEEATKHLECTKQLAAAFHEEFVVREDLMGLAIGTHGSNIQQARKVPGVTAIELDEDTGTFRIYGESADAVKKARGFLEFVEDFIQVPRNLVGKVIGKNGKVIQEIVDKSGVVRVRIEGDNENKLPREDGMVPFVFVGTKESIGNVQVLLEYHIAYLKEVEQLRMERLQIDEQLRQIGSRSYSGRGRGRRGPNYTSGYGTNSELSNPSETESERKDELSDWSLAGEDDRDSRHQRDSRRRPGGRGRSVSGGRGRGGPRGGKSSISSVLKDPDSNPYSLLDNTESDQTADTDASESHHSTNRRRRSRRRRTDEDAVLMDGMTESDTASVNENGLVTVADYISRAESQSRQRNLPRETLAKNKKEMAKDVIEEHGPSEKAINGPTSASGDDISKLQRTPGEEKINTLKEENTQEAAVLNGVS,MAELTVEVRGSNGAFYKGFIKDVHEDSLTVVFENNWQPERQVPFNEVRLPPPPDIKKEISEGDEVEVYSRANDQEPCGWWLAKVRMMKGEFYVIEYAACDATYNEIVTFERLRPVNQNKTVKKNTFFKCTVDVPEDLREACANENAHKDFKKAVGACRIFYHPETTQLMILSASEATVKRVNILSDMHLRSIRTKLMLMSRNEEATKHLECTKQLAAAFHEEFVVREDLMGLAIGTHGSNIQQARKVPGVTAIELDEDTGTFRIYGESADAVKKARGFLEFVEDFIQVPRNLVGKVIGKNGKVIQEIVDKSGVVRVRIEGDNENKLPREDGMVPFVFVGTKESIGNVQVLLEYHIAYLKEVEQLRMERLQIDEQLRQIGSRSYSGRGRGRRGPNYTSGYGTNSELSNPSETESERKDELSDWSLAGEDDRDSRHQRDSRRRPGGRGRSVSGGRGRGGPRGGKSSISSVLKDPDSNPYSLLDNTESDQTADTDASESHHSTNRRRRSRRRRTDEDAVLMDGMTESDTASVNENGLVTVADYISRAESQSRQRNLPRETLAKNKKEMAKDVIEEHGPSEKAINGPTSASGDDISKLQRTPGEEKINTLKEENTQEAAVLNGVS
RNCMPT00020_RNCMPT.pkl,FXR2,P51116,MGGLASGGDVEPGLPVEVRGSNGAFYKGFVKDVHEDSVTIFFENNWQSERQIPFGDVRLPPPADYNKEITEGDEVEVYSRANEQEPCGWWLARVRMMKGDFYVIEYAACDATYNEIVTLERLRPVNPNPLATKGSFFKVTMAVPEDLREACSNENVHKEFKKALGANCIFLNITNSELFILSTTEAPVKRASLLGDMHFRSLRTKLLLMSRNEEATKHLETSKQLAAAFQEEFTVREDLMGLAIGTHGANIQQARKVPGVTAIELGEETCTFRIYGETPEACRQARSYLEFSEDSVQVPRNLVGKVIGKNGKVIQEIVDKSGVVRVRVEGDNDKKNPREEGMVPFIFVGTRENISNAQALLEYHLSYLQEVEQLRLERLQIDEQLRQIGLGFRPPGSGRGSGGSDKAGYSTDESSSSSLHATRTYGGSYGGRGRGRRTGGPAYGPSSDVSTASETESEKREEPNRAGPGDRDPPTRGEESRRRPTGGRGRGPPPAPRPTSRYNSSSISSVLKDPDSNPYSLLDTSEPEPPVDSEPGEPPPASARRRRSRRRRTDEDRTVMDGGLESDGPNMTENGLEDESRPQRRNRSRRRRNRGNRTDGSISGDRQPVTVADYISRAESQSRQRPPLERTKPSEDSLSGQKGDSVSKLPKGPSENGELSAPLELGSMVNGVS,MGGLASGGDVEPGLPVEVRGSNGAFYKGFVKDVHEDSVTIFFENNWQSERQIPFGDVRLPPPADYNKEITEGDEVEVYSRANEQEPCGWWLARVRMMKGDFYVIEYAACDATYNEIVTLERLRPVNPNPLATKGSFFKVTMAVPEDLREACSNENVHKEFKKALGANCIFLNITNSELFILSTTEAPVKRASLLGDMHFRSLRTKLLLMSRNEEATKHLETSKQLAAAFQEEFTVREDLMGLAIGTHGANIQQARKVPGVTAIELGEETCTFRIYGETPEACRQARSYLEFSEDSVQVPRNLVGKVIGKNGKVIQEIVDKSGVVRVRVEGDNDKKNPREEGMVPFIFVGTRENISNAQALLEYHLSYLQEVEQLRLERLQIDEQLRQIGLGFRPPGSGRGSGGSDKAGYSTDESSSSSLHATRTYGGSYGGRGRGRRTGGPAYGPSSDVSTASETESEKREEPNRAGPGDRDPPTRGEESRRRPTGGRGRGPPPAPRPTSRYNSSSISSVLKDPDSNPYSLLDTSEPEPPVDSEPGEPPPASARRRRSRRRRTDEDRTVMDGGLESDGPNMTENGLEDESRPQRRNRSRRRRNRGNRTDGSISGDRQPVTVADYISRAESQSRQRPPLERTKPSEDSLSGQKGDSVSKLPKGPSENGELSAPLELGSMVNGVS
RNCMPT00021_RNCMPT.pkl,G3BP2,Q9UN86,MVMEKPSPLLVGREFVRQYYTLLNKAPEYLHRFYGRNSSYVHGGVDASGKPQEAVYGQNDIHHKVLSLNFSECHTKIRHVDAHATLSDGVVVQVMGLLSNSGQPERKFMQTFVLAPEGSVPNKFYVHNDMFRYEDEVFGDSEPELDEESEDEVEEEQEERQPSPEPVQENANSGYYEAHPVTNGIEEPLEESSHEPEPEPESETKTEELKPQVEEKNLEELEEKSTTPPPAEPVSLPQEPPKAFSWASVTSKNLPPSGTVSSSGIPPHVKAPVSQPRVEAKPEVQSQPPRVREQRPRERPGFPPRGPRPGRGDMEQNDSDNRRIIRYPDSHQLFVGNLPHDIDENELKEFFMSFGNVVELRINTKGVGGKLPNFGFVVFDDSEPVQRILIAKPIMFRGEVRLNVEEKKTRAARERETRGGGDDRRDIRRNDRGPGGPRGIVGGGMMRDRDGRGPPPRGGMAQKLGSGRGTGQMEGRFTGQRR,
RNCMPT00022_RNCMPT.pkl,HNRNPA1,P09651,MSKSESPKEPEQLRKLFIGGLSFETTDESLRSHFEQWGTLTDCVVMRDPNTKRSRGFGFVTYATVEEVDAAMNARPHKVDGRVVEPKRAVSREDSQRPGAHLTVKKIFVGGIKEDTEEHHLRDYFEQYGKIEVIEIMTDRGSGKKRGFAFVTFDDHDSVDKIVIQKYHTVNGHNCEVRKALSKQEMASASSSQRGRSGSGNFGGGRGGGFGGNDNFGRGGNFSGRGGFGGSRGGGGYGGSGDGYNGFGNDGGYGGGGPGYSGGSRGYGSGGQGYGNQGSGYGGSGSYDSYNNGGGGGFGGGSGSNFGGGGSYNDFGNYNNQSSNFGPMKGGNFGGRSSGPYGGGGQYFAKPRNQGGYGGSSSSSSYGSGRRF,
RNCMPT00023_RNCMPT.pkl,HNRNPA1L2,Q32P51,MSKSASPKEPEQLRKLFIGGLSFETTDESLRSHFEQWGTLTDCVVMRDPNTKRSRGFGFVTYATVEEVDAAMNTTPHKVDGRVVEPKRAVSREDSQRPGAHLTVKKIFVGGIKEDTEEHHLRDYFEQYGKIEVIEIMTDRGSGKKRGFAFVTFDDHDSVDKIVIQKYHTVKGHNCEVRKALPKQEMASASSSQRGRRGSGNFGGGRGDGFGGNDNFGRGGNFSGRGGFGGSCGGGGYGGSGDGYNGFGNDGSNFGGGGSYNDFGNYNNQSSNFGPMKGGNFGGRSSGPYGGGGQYFAKPQNQGGYGVSSSSSSYGSGRRF,
RNCMPT00024_RNCMPT.pkl,HNRNPA2B1,P22626,MEKTLETVPLERKKREKEQFRKLFIGGLSFETTEESLRNYYEQWGKLTDCVVMRDPASKRSRGFGFVTFSSMAEVDAAMAARPHSIDGRVVEPKRAVAREESGKPGAHVTVKKLFVGGIKEDTEEHHLRDYFEEYGKIDTIEIITDRQSGKKRGFGFVTFDDHDPVDKIVLQKYHTINGHNAEVRKALSRQEMQEVQSSRSGRGGNFGFGDSRGGGGNFGPGPGSNFRGGSDGYGSGRGFGDGYNGYGGGPGGGNFGGSPGYGGGRGGYGGGGPGYGNQGGGYGGGYDNYGGGNYGSGNYNDFGNYNQQPSNYGPMKSGNFGGSRNMGGPYGGGNYGPGGSGGSGGYGGRSRY,
RNCMPT00025_RNCMPT.pkl,HNRNPC,P07910,MASNVTNKTDPRSMNSRVFIGNLNTLVVKKSDVEAIFSKYGKIVGCSVHKGFAFVQYVNERNARAAVAGEDGRMIAGQVLDINLAAEPKVNRGKAGVKRSAAEMYGSVTEHPSPSPLLSSSFDLDYDFQRDYYDRMYSYPARVPPPPPIARAVVPSKRQRVSGNTSRRGKSGFNSKSGQRGSSKSGKLKGDDLQAIKKELTQIKQKVDSLLENLEKIEKEQSKQAVEMKNDKSEEEQSSSSVKKDETNVKMESEGGADDSAEEGDLLDDDDNEDRGDDQLELIKDDEKEAEEGEDDRDSANGEDDS,
RNCMPT00167_RNCMPT.pkl,HNRNPCL1,O60812,MASNVTNKMDPHSMNSRVFIGNLNTLVVKKSDVEAIFSKYGKIAGCSVHKGFAFVQYDKEKNARAAVAGEDGRMIASQVVDINLAAEPKVNRGNAGVKRSAAEMYGSSFDLDYGFQRDYYDGMYSFPARVPPPPPIALAVVPSKRQRLSGNTSRRGKSGFNSKSGKRGSSKSGKLKGDDLQAIKQELTQIKQKVDSLLENLEKIEKEQSKQEVEVKNAKSEEEQSSSSMKKDETHVKMESEGGAEDSAEEGDPLDDDVNEDQGDDQLELIKDDEKEAEEGEDDRDSTNGQDDS,
RNCMPT00160_RNCMPT.pkl,HNRNPH2,P55795,MMLSTEGREGFVVKVRGLPWSCSADEVMRFFSDCKIQNGTSGIRFIYTREGRPSGEAFVELESEEEVKLALKKDRETMGHRYVEVFKSNSVEMDWVLKHTGPNSPDTANDGFVRLRGLPFGCSKEEIVQFFSGLEIVPNGMTLPVDFQGRSTGEAFVQFASQEIAEKALKKHKERIGHRYIEIFKSSRAEVRTHYDPPRKLMAMQRPGPYDRPGAGRGYNSIGRGAGFERMRRGAYGGGYGGYDDYGGYNDGYGFGSDRFGRDLNYCFSGMSDHRYGDGGSSFQSTTGHCVHMRGLPYRATENDIYNFFSPLNPMRVHIEIGPDGRVTGEADVEFATHEDAVAAMAKDKANMQHRYVELFLNSTAGTSGGAYDHSYVELFLNSTAGASGGAYGSQMMGGMGLSNQSSYGGPASQQLSGGYGGGYGGQSSMSGYDQVLQENSSDYQSNLA,
RNCMPT00026_RNCMPT.pkl,HNRNPK,P61978,METEQPEETFPNTETNGEFGKRPAEDMEEEQAFKRSRNTDEMVELRILLQSKNAGAVIGKGGKNIKALRTDYNASVSVPDSSGPERILSISADIETIGEILKKIIPTLEEGLQLPSPTATSQLPLESDAVECLNYQHYKGSDFDCELRLLIHQSLAGGIIGVKGAKIKELRENTQTTIKLFQECCPHSTDRVVLIGGKPDRVVECIKIILDLISESPIKGRAQPYDPNFYDETYDYGGFTMMFDDRRGRPVGFPMRGRGGFDRMPPGRGGRPMPPSRRDYDDMSPRRGPPPPPPGRGGRGGSRARNLPLPPPPPPRGGDLMAYDRRGRPGDRYDGMVGFSADETWDSAIDTWSPSEWQMAYEPQGGSGYDYSYAGGRGSYGDLGGPIITTQVTIPKDLAGSIIGKGGQRIKQIRHESGASIKIDEPLEGSEDRIITITGTQDQIQNAQYLLQNSVKQYSGKFF,
RNCMPT00027_RNCMPT.pkl,HNRNPL,P14866,MSRRLLPRAEKRRRRLEQRQQPDEQRRRSGAMVKMAAAGGGGGGGRYYGGGSEGGRAPKRLKTDNAGDQHGGGGGGGGGAGAAGGGGGGENYDDPHKTPASPVVHIRGLIDGVVEADLVEALQEFGPISYVVVMPKKRQALVEFEDVLGACNAVNYAADNQIYIAGHPAFVNYSTSQKISRPGDSDDSRSVNSVLLFTILNPIYSITTDVLYTICNPCGPVQRIVIFRKNGVQAMVEFDSVQSAQRAKASLNGADIYSGCCTLKIEYAKPTRLNVFKNDQDTWDYTNPNLSGQGDPGSNPNKRQRQPPLLGDHPAEYGGPHGGYHSHYHDEGYGPPPPHYEGRRMGPPVGGHRRGPSRYGPQYGHPPPPPPPPEYGPHADSPVLMVYGLDQSKMNCDRVFNVFCLYGNVEKVKFMKSKPGAAMVEMADGYAVDRAITHLNNNFMFGQKLNVCVSKQPAIMPGQSYGLEDGSCSYKDFSESRNNRFSTPEQAAKNRIQHPSNVLHFFNAPLEVTEENFFEICDELGVKRPSSVKVFSGKSERSSSGLLEWESKSDALETLGFLNHYQMKNPNGPYPYTLKLCFSTAQHAS,
RNCMPT00091_RNCMPT.pkl,HNRNPL,P14866,MSRRLLPRAEKRRRRLEQRQQPDEQRRRSGAMVKMAAAGGGGGGGRYYGGGSEGGRAPKRLKTDNAGDQHGGGGGGGGGAGAAGGGGGGENYDDPHKTPASPVVHIRGLIDGVVEADLVEALQEFGPISYVVVMPKKRQALVEFEDVLGACNAVNYAADNQIYIAGHPAFVNYSTSQKISRPGDSDDSRSVNSVLLFTILNPIYSITTDVLYTICNPCGPVQRIVIFRKNGVQAMVEFDSVQSAQRAKASLNGADIYSGCCTLKIEYAKPTRLNVFKNDQDTWDYTNPNLSGQGDPGSNPNKRQRQPPLLGDHPAEYGGPHGGYHSHYHDEGYGPPPPHYEGRRMGPPVGGHRRGPSRYGPQYGHPPPPPPPPEYGPHADSPVLMVYGLDQSKMNCDRVFNVFCLYGNVEKVKFMKSKPGAAMVEMADGYAVDRAITHLNNNFMFGQKLNVCVSKQPAIMPGQSYGLEDGSCSYKDFSESRNNRFSTPEQAAKNRIQHPSNVLHFFNAPLEVTEENFFEICDELGVKRPSSVKVFSGKSERSSSGLLEWESKSDALETLGFLNHYQMKNPNGPYPYTLKLCFSTAQHAS,
RNCMPT00178_RNCMPT.pkl,HNRNPLL,Q8WVV9,MSSSSSSPRETYEEDREYESQAKRLKTEEGEIDYSAEEGENRREATPRGGGDGGGGGRSFSQPEAGGSHHKVSVSPVVHVRGLCESVVEADLVEALEKFGTICYVMMMPFKRQALVEFENIDSAKECVTFAADEPVYIAGQQAFFNYSTSKRITRPGNTDDPSGGNKVLLLSIQNPLYPITVDVLYTVCNPVGKVQRIVIFKRNGIQAMVEFESVLCAQKAKAALNGADIYAGCCTLKIEYARPTRLNVIRNDNDSWDYTKPYLGRRDRGKGRQRQAILGEHPSSFRHDGYGSHGPLLPLPSRYRMGSRDTPELVAYPLPQASSSYMHGGNPSGSVVMVSGLHQLKMNCSRVFNLFCLYGNIEKVKFMKTIPGTALVEMGDEYAVERAVTHLNNVKLFGKRLNVCVSKQHSVVPSQIFELEDGTSSYKDFAMSKNNRFTSAGQASKNIIQPPSCVLHYYNVPLCVTEETFTKLCNDHEVLTFIKYKVFDAKPSAKTLSGLLEWECKTDAVEALTALNHYQIRVPNGSNPYTLKLCFSTSSHL,
RNCMPT00033_RNCMPT.pkl,IGF2BP2,Q9Y6M1,MMNKLYIGNLSPAVTADDLRQLFGDRKLPLAGQVLLKSGYAFVDYPDQNWAIRAIETLSGKVELHGKIMEVDYSVSKKLRSRKIQIRNIPPHLQWEVLDGLLAQYGTVENVEQVNTDTETAVVNVTYATREEAKIAMEKLSGHQFENYSFKISYIPDEEVSSPSPPQRAQRGDHSSREQGHAPGGTSQARQIDFPLRILVPTQFVGAIIGKEGLTIKNITKQTQSRVDIHRKENSGAAEKPVTIHATPEGTSEACRMILEIMQKEADETKLAEEIPLKILAHNGLVGRLIGKEGRNLKKIEHETGTKITISSLQDLSIYNPERTITVKGTVEACASAEIEIMKKLREAFENDMLAVNQQANLIPGLNLSALGIFSTGLSVLSPPAGPRGAPPAAPYHPFTTHSGYFSSLYPHHQFGPFPHHHSYPEQEIVNLFIPTQAVGAIIGKKGAHIKQLARFAGASIKIAPAEGPDVSERMVIITGPPEAQFKAQGRIFGKLKEENFFNPKEEVKLEAHIRVPSSTAGRVIGKGGKTVNELQNLTSAEVIVPRDQTPDENEEVIVRIIGHFFASQTAQRKIREIVQQVKQQEQKYPQGVASQRSK,
RNCMPT00172_RNCMPT.pkl,IGF2BP3,O00425,MNKLYIGNLSENAAPSDLESIFKDAKIPVSGPFLVKTGYAFVDCPDESWALKAIEALSGKIELHGKPIEVEHSVPKRQRIRKLQIRNIPPHLQWEVLDSLLVQYGVVESCEQVNTDSETAVVNVTYSSKDQARQALDKLNGFQLENFTLKVAYIPDEMAAQQNPLQQPRGRRGLGQRGSSRQGSPGSVSKQKPCDLPLRLLVPTQFVGAIIGKEGATIRNITKQTQSKIDVHRKENAGAAEKSITILSTPEGTSAACKSILEIMHKEAQDIKFTEEIPLKILAHNNFVGRLIGKEGRNLKKIEQDTDTKITISPLQELTLYNPERTITVKGNVETCAKAEEEIMKKIRESYENDIASMNLQAHLIPGLNLNALGLFPPTSGMPPPTSGPPSAMTPPYPQFEQSETETVHLFIPALSVGAIIGKQGQHIKQLSRFAGASIKIAPAEAPDAKVRMVIITGPPEAQFKAQGRIYGKIKEENFVSPKEEVKLEAHIRVPSFAAGRVIGKGGKTVNELQNLSSAEVVVPRDQTPDENDQVVVKITGHFYACQVAQRKIQEILTQVKQHQQQKALQSGPPQSRRK,
RNCMPT00169_RNCMPT.pkl,KHDRBS1,Q07666,MQRRDDPAARMSRSSGRSGSMDPSGAHPSVRQTPSRQPPLPHRSRGGGGGSRGGARASPATQPPPLLPPSATGPDATVGGPAPTPLLPPSATASVKMEPENKYLPELMAEKDSLDPSFTHAMQLLTAEIEKIQKGDSKKDDEENYLDLFSHKNMKLKERVLIPVKQYPKFNFVGKILGPQGNTIKRLQEETGAKISVLGKGSMRDKAKEEELRKGGDPKYAHLNMDLHVFIEVFGPPCEAYALMAHAMEEVKKFLVPDMMDDICQEQFLELSYLNGVPEPSRGRGVPVRGRGAAPPPPPVPRGRGVGPPRGALVRGTPVRGAITRGATVTRGVPPPPTVRGAPAPRARTAGIQRIPLPPPPAPETYEEYGYDDTYAEQSYEGYEGYYSQSQGDSEYYDYGHGEVQDSYEAYGQDDWNGTRPSLKAPPARPVKGAYREHPYGRY,
RNCMPT00185_RNCMPT.pkl,KHDRBS2,Q5VWX1,MEEEKYLPELMAEKDSLDPSFVHASRLLAEEIEKFQGSDGKKEDEEKKYLDVISNKNIKLSERVLIPVKQYPKFNFVGKLLGPRGNSLKRLQEETGAKMSILGKGSMRDKAKEEELRKSGEAKYAHLSDELHVLIEVFAPPGEAYSRMSHALEEIKKFLVPDYNDEIRQEQLRELSYLNGSEDSGRGRGIRGRGIRIAPTAPSRGRGGAIPPPPPPGRGVLTPRGSTVTRGALPVPPVARGVPTPRARGAPTVPGYRAPPPPAHEAYEEYGYDDGYGGEYDDQTYETYDNSYATQTQSVPEYYDYGHGVSEDAYDSYAPEEWATTRSSLKAPPQRSARGGYREHPYGRY,
RNCMPT00034_RNCMPT.pkl,KHDRBS3,O75525,MEEKYLPELMAEKDSLDPSFTHALRLVNQEIEKFQKGEGKDEEKYIDVVINKNMKLGQKVLIPVKQFPKFNFVGKLLGPRGNSLKRLQEETLTKMSILGKGSMRDKAKEEELRKSGEAKYFHLNDDLHVLIEVFAPPAEAYARMGHALEEIKKFLIPDYNDEIRQAQLQELTYLNGGSENADVPVVRGKPTLRTRGVPAPAITRGRGGVTARPVGVVVPRGTPTPRGVLSTRGPVSRGRGLLTPRARGVPPTGYRPPPPPPTQETYGEYDYDDGYGTAYDEQSYDSYDNSYSTPAQSGADYYDYGHGLSEETYDSYGQEEWTNSRHKAPSARTAKGVYRDQPYGRY,
RNCMPT00036_RNCMPT.pkl,LIN28A,Q9H9Z2,MGSVSNQQFAGGCAKAAEEAPEEAPEDAARAADEPQLLHGAGICKWFNVRMGFGFLSMTARAGVALDPPVDVFVHQSKLHMEGFRSLKEGEAVEFTFKKSAKGLESIRVTGPGGVFCIGSERRPKGKSMQKRRSKGDRCYNCGGLDHHAKECKLPPQPKKCHFCQSISHMVASCPLKAQQGPSAQGKPTYFREEEEEIHSPTLLPEAQN,
RNCMPT00036_RNCMPT.pkl,LIN28A,Q9H9Z2,MGSVSNQQFAGGCAKAAEEAPEEAPEDAARAADEPQLLHGAGICKWFNVRMGFGFLSMTARAGVALDPPVDVFVHQSKLHMEGFRSLKEGEAVEFTFKKSAKGLESIRVTGPGGVFCIGSERRPKGKSMQKRRSKGDRCYNCGGLDHHAKECKLPPQPKKCHFCQSISHMVASCPLKAQQGPSAQGKPTYFREEEEEIHSPTLLPEAQN,
RNCMPT00037_RNCMPT.pkl,MATR3,P43243,MSKSFQQSSLSRDSQGHGRDLSAAGIGLLAAATQSLSMPASLGRMNQGTARLASLMNLGMSSSLNQQGAHSALSSASTSSHNLQSIFNIGSRGPLPLSSQHRGDADQASNILASFGLSARDLDELSRYPEDKITPENLPQILLQLKRRRTEEGPTLSYGRDGRSATREPPYRVPRDDWEEKRHFRRDSFDDRGPSLNPVLDYDHGSRSQESGYYDRMDYEDDRLRDGERCRDDSFFGETSHNYHKFDSEYERMGRGPGPLQERSLFEKKRGAPPSSNIEDFHGLLPKGYPHLCSICDLPVHSNKEWSQHINGASHSRRCQLLLEIYPEWNPDNDTGHTMGDPFMLQQSTNPAPGILGPPPPSFHLGGPAVGPRGNLGAGNGNLQGPRHMQKGRVETSRVVHIMDFQRGKNLRYQLLQLVEPFGVISNHLILNKINEAFIEMATTEDAQAAVDYYTTTPALVFGKPVRVHLSQKYKRIKKPEGKPDQKFDQKQELGRVIHLSNLPHSGYSDSAVLKLAEPYGKIKNYILMRMKSQAFIEMETREDAMAMVDHCLKKALWFQGRCVKVDLSEKYKKLVLRIPNRGIDLLKKDKSRKRSYSPDGKESPSDKKSKTDGSQKTESSTEGKEQEEKSGEDGEKDTKDDQTEQEPNMLLESEDELLVDEEEAAALLESGSSVGDETDLANLGDVASDGKKEPSDKAVKKDGSASAAAKKKLKKVDKIEELDQENEAALENGIKNEENTEPGAESSENADDPNKDTSENADGQSDENKDDYTIPDEYRIGPYQPNVPVGIDYVIPKTGFYCKLCSLFYTNEEVAKNTHCSSLPHYQKLKKFLNKLAEERRQKKET,
RNCMPT00038_RNCMPT.pkl,MBNL1,Q9NR56,MAVSVTPIRDTKWLTLEVCREFQRGTCSRPDTECKFAHPSKSCQVENGRVIACFDSLKGRCSRENCKYLHPPPHLKTQLEINGRNNLIQQKNMAMLAQQMQLANAMMPGAPLQPVPMFSVAPSLATNASAAAFNPYLGPVSPSLVPAEILPTAPMLVTGNPGVPVPAAAAAAAQKLMRTDRLEVCREYQRGNCNRGENDCRFAHPADSTMIDTNDNTVTVCMDYIKGRCSREKCKYFHPPAHLQAKIKAAQYQVNQAAAAQAAATAAAMTQSAVKSLKRPLEATFDLGIPQAVLPPLPKRPALEKTNGATAVFNTGIFQYQQALANMQLQQHTAFLPPVPMVHGATPATVSAATTSATSVPFAATATANQIPIISAEHLTSHKYVTQM,
RNCMPT00041_RNCMPT.pkl,MSI1,O43347,METDAPQPGLASPDSPHDPCKMFIGGLSWQTTQEGLREYFGQFGEVKECLVMRDPLTKRSRGFGFVTFMDQAGVDKVLAQSRHELDSKTIDPKVAFPRRAQPKMVTRTKKIFVGGLSVNTTVEDVKQYFEQFGKVDDAMLMFDKTTNRHRGFGFVTFESEDIVEKVCEIHFHEINNKMVECKKAQPKEVMSPTGSARGRSRVMPYGMDAFMLGIGMLGYPGFQATTYASRSYTGLAPGYTYQFPEFRVERTPLPSAPVLPELTAIPLTAYGPMAAAAAAAAVVRGTGSHPWTMAPPPGSTPSRTGGFLGTTSPGPMAELYGAANQDSGVSSYISAASPAPSTGFGHSLGGPLIATAFTNGYH,
RNCMPT00041_RNCMPT.pkl,MSI1,O43347,METDAPQPGLASPDSPHDPCKMFIGGLSWQTTQEGLREYFGQFGEVKECLVMRDPLTKRSRGFGFVTFMDQAGVDKVLAQSRHELDSKTIDPKVAFPRRAQPKMVTRTKKIFVGGLSVNTTVEDVKQYFEQFGKVDDAMLMFDKTTNRHRGFGFVTFESEDIVEKVCEIHFHEINNKMVECKKAQPKEVMSPTGSARGRSRVMPYGMDAFMLGIGMLGYPGFQATTYASRSYTGLAPGYTYQFPEFRVERTPLPSAPVLPELTAIPLTAYGPMAAAAAAAAVVRGTGSHPWTMAPPPGSTPSRTGGFLGTTSPGPMAELYGAANQDSGVSSYISAASPAPSTGFGHSLGGPLIATAFTNGYH,
RNCMPT00155_RNCMPT.pkl,PABPC1,P11940,MNPSAPSYPMASLYVGDLHPDVTEAMLYEKFSPAGPILSIRVCRDMITRRSLGYAYVNFQQPADAERALDTMNFDVIKGKPVRIMWSQRDPSLRKSGVGNIFIKNLDKSIDNKALYDTFSAFGNILSCKVVCDENGSKGYGFVHFETQEAAERAIEKMNGMLLNDRKVFVGRFKSRKEREAELGARAKEFTNVYIKNFGEDMDDERLKDLFGKFGPALSVKVMTDESGKSKGFGFVSFERHEDAQKAVDEMNGKELNGKQIYVGRAQKKVERQTELKRKFEQMKQDRITRYQGVNLYVKNLDDGIDDERLRKEFSPFGTITSAKVMMEGGRSKGFGFVCFSSPEEATKAVTEMNGRIVATKPLYVALAQRKEERQAHLTNQYMQRMASVRAVPNPVINPYQPAPPSGYFMAAIPQTQNRAAYYPPSQIAQLRPSPRWTAQGARPHPFQNMPGAIRPAAPRPPFSTMRPASSQVPRVMSTQRVANTSTQTMGPRPAAAAAAATPAVRTVPQYKYAAGVRNPQQHLNAQPQVTMQQPAVHVQGQEPLTASMLASAPPQEQKQMLGERLFPLIQAMHPTLAGKITGMLLEIDNSELLHMLESPESLRSKVDEAVAVLQAHQAKEAAQKAVNSATGVPTV,
RNCMPT00153_RNCMPT.pkl,PABPC3,Q9H361,MNPSTPSYPTASLYVGDLHPDVTEAMLYEKFSPAGPILSIRICRDLITSGSSNYAYVNFQHTKDAEHALDTMNFDVIKGKPVRIMWSQRDPSLRKSGVGNIFVKNLDKSINNKALYDTVSAFGNILSCNVVCDENGSKGYGFVHFETHEAAERAIKKMNGMLLNGRKVFVGQFKSRKEREAELGARAKEFPNVYIKNFGEDMDDERLKDLFGKFGPALSVKVMTDESGKSKGFGFVSFERHEDAQKAVDEMNGKELNGKQIYVGRAQKKVERQTELKRTFEQMKQDRITRYQVVNLYVKNLDDGIDDERLRKAFSPFGTITSAKVMMEGGRSKGFGFVCFSSPEEATKAVTEMNGRIVATKPLYVALAQRKEERQAYLTNEYMQRMASVRAVPNQRAPPSGYFMTAVPQTQNHAAYYPPSQIARLRPSPRWTAQGARPHPFQNKPSAIRPGAPRVPFSTMRPASSQVPRVMSTQRVANTSTQTVGPRPAAAAAAAATPAVRTVPRYKYAAGVRNPQQHRNAQPQVTMQQLAVHVQGQETLTASRLASAPPQKQKQMLGERLFPLIQAMHPTLAGKITGMLLEIDNSELLYMLESPESLRSKVDEAVAVLQAHQAKEATQKAVNSATGVPTV,
RNCMPT00043_RNCMPT.pkl,PABPC4,Q13310,MNAAASSYPMASLYVGDLHSDVTEAMLYEKFSPAGPVLSIRVCRDMITRRSLGYAYVNFQQPADAERALDTMNFDVIKGKPIRIMWSQRDPSLRKSGVGNVFIKNLDKSIDNKALYDTFSAFGNILSCKVVCDENGSKGYAFVHFETQEAADKAIEKMNGMLLNDRKVFVGRFKSRKEREAELGAKAKEFTNVYIKNFGEEVDDESLKELFSQFGKTLSVKVMRDPNGKSKGFGFVSYEKHEDANKAVEEMNGKEISGKIIFVGRAQKKVERQAELKRKFEQLKQERISRYQGVNLYIKNLDDTIDDEKLRKEFSPFGSITSAKVMLEDGRSKGFGFVCFSSPEEATKAVTEMNGRIVGSKPLYVALAQRKEERKAHLTNQYMQRVAGMRALPANAILNQFQPAAGGYFVPAVPQAQGRPPYYTPNQLAQMRPNPRWQQGGRPQGFQGMPSAIRQSGPRPTLRHLAPTGSECPDRLAMDFGGAGAAQQGLTDSCQSGGVPTAVQNLAPRAAVAAAAPRAVAPYKYASSVRSPHPAIQPLQAPQPAVHVQGQEPLTASMLAAAPPQEQKQMLGERLFPLIQTMHSNLAGKITGMLLEIDNSELLHMLESPESLRSKVDEAVAVLQAHHAKKEAAQKVGAVAAATS,
RNCMPT00171_RNCMPT.pkl,PABPC5,Q96DU9,MGSGEPNPAGKKKKYLKAALYVGDLDPDVTEDMLYKKFRPAGPLRFTRICRDPVTRSPLGYGYVNFRFPADAEWALNTMNFDLINGKPFRLMWSQPDDRLRKSGVGNIFIKNLDKSIDNRALFYLFSAFGNILSCKVVCDDNGSKGYAYVHFDSLAAANRAIWHMNGVRLNNRQVYVGRFKFPEERAAEVRTRDRATFTNVFVKNIGDDIDDEKLKELFCEYGPTESVKVIRDASGKSKGFGFVRYETHEAAQKAVLDLHGKSIDGKVLYVGRAQKKIERLAELRRRFERLRLKEKSRPPGVPIYIKNLDETINDEKLKEEFSSFGSISRAKVMMEVGQGKGFGVVCFSSFEEATKAVDEMNGRIVGSKPLHVTLGQARRRC,
RNCMPT00157_RNCMPT.pkl,PABPN1,Q86U42,MAAAAAAAAAAGAAGGRGSGPGRRRHLVPGAGGEAGEGAPGGAGDYGNGLESEELEPEELLLEPEPEPEPEEEPPRPRAPPGAPGPGPGSGAPGSQEEEEEPGLVEGDPGDGAIEDPELEAIKARVREMEEEAEKLKELQNEVEKQMNMSPPPGNAGPVIMSIEEKMEADARSIYVGNVDYGATAEELEAHFHGCGSVNRVTILCDKFSGHPKGFAYIEFSDKESVRTSLALDESLFRGRQIKVIPKRTNRPGISTTDRGFPRARYRARTTNYNSSRSRFYSGFNSRPRGRVYRGRARATSWYSPY,
RNCMPT00186_RNCMPT.pkl,PCBP1,Q15365,MDAGVTESGLNVTLTIRLLMHGKEVGSIIGKKGESVKRIREESGARINISEGNCPERIITLTGPTNAIFKAFAMIIDKLEEDINSSMTNSTAASRPPVTLRLVVPATQCGSLIGKGGCKIKEIRESTGAQVQVAGDMLPNSTERAITIAGVPQSVTECVKQICLVMLETLSQSPQGRVMTIPYQPMPASSPVICAGGQDRCSDAAGYPHATHDLEGPPLDAYSIQGQHTISPLDLAKLNQVARQQSHFAMMHGGTGFAGIDSSSPEVKGYWASLDASTQTTHELTIPNNLIGCIIGRQGANINEIRQMSGAQIKIANPVEGSSGRQVTITGSAASISLAQYLINARLSSEKGMGCS,
RNCMPT00044_RNCMPT.pkl,PCBP2,Q15366,MDTGVIEGGLNVTLTIRLLMHGKEVGSIIGKKGESVKKMREESGARINISEGNCPERIITLAGPTNAIFKAFAMIIDKLEEDISSSMTNSTAASRPPVTLRLVVPASQCGSLIGKGGCKIKEIRESTGAQVQVAGDMLPNSTERAITIAGIPQSIIECVKQICVVMLETLSQSPPKGVTIPYRPKPSSSPVIFAGGQDRYSTGSDSASFPHTTPSMCLNPDLEGPPLEAYTIQGQYAIPQPDLTKLHQLAMQQSHFPMTHGNTGFSGIESSSPEVKGYWGLDASAQTTSHELTIPNDLIGCIIGRQGAKINEIRQMSGAQIKIANPVEGSTDRQVTITGSAASISLAQYLINVRLSSETGGMGSS,
RNCMPT00045_RNCMPT.pkl,PPRC1,Q5VV67,MAARRGRRDGVAPPPSGGPGPDPGGGARGSGWGSRSQAPYGTLGAVSGGEQVLLHEEAGDSGFVSLSRLGPSLRDKDLEMEELMLQDETLLGTMQSYMDASLISLIEDFGSLGESRLSLEDQNEVSLLTALTEILDNADSENLSPFDSIPDSELLVSPREGSSLHKLLTLSRTPPERDLITPVDPLGPSTGSSRGSGVEMSLPDPSWDFSPPSFLETSSPKLPSWRPPRSRPRWGQSPPPQQRSDGEEEEEVASFSGQILAGELDNCVSSIPDFPMHLACPEEEDKATAAEMAVPAAGDESISSLSELVRAMHPYCLPNLTHLASLEDELQEQPDDLTLPEGCVVLEIVGQAATAGDDLEIPVVVRQVSPGPRPVLLDDSLETSSALQLLMPTLESETEAAVPKVTLCSEKEGLSLNSEEKLDSACLLKPREVVEPVVPKEPQNPPANAAPGSQRARKGRKKKSKEQPAACVEGYARRLRSSSRGQSTVGTEVTSQVDNLQKQPQEELQKESGPLQGKGKPRAWARAWAAALENSSPKNLERSAGQSSPAKEGPLDLYPKLADTIQTNPIPTHLSLVDSAQASPMPVDSVEADPTAVGPVLAGPVPVDPGLVDLASTSSELVEPLPAEPVLINPVLADSAAVDPAVVPISDNLPPVDAVPSGPAPVDLALVDPVPNDLTPVDPVLVKSRPTDPRRGAVSSALGGSAPQLLVESESLDPPKTIIPEVKEVVDSLKIESGTSATTHEARPRPLSLSEYRRRRQQRQAETEERSPQPPTGKWPSLPETPTGLADIPCLVIPPAPAKKTALQRSPETPLEICLVPVGPSPASPSPEPPVSKPVASSPTEQVPSQEMPLLARPSPPVQSVSPAVPTPPSMSAALPFPAGGLGMPPSLPPPPLQPPSLPLSMGPVLPDPFTHYAPLPSWPCYPHVSPSGYPCLPPPPTVPLVSGTPGAYAVPPTCSVPWAPPPAPVSPYSSTCTYGPLGWGPGPQHAPFWSTVPPPPLPPASIGRAVPQPKMESRGTPAGPPENVLPLSMAPPLSLGLPGHGAPQTEPTKVEVKPVPASPHPKHKVSALVQSPQMKALACVSAEGVTVEEPASERLKPETQETRPREKPPLPATKAVPTPRQSTVPKLPAVHPARLRKLSFLPTPRTQGSEDVVQAFISEIGIEASDLSSLLEQFEKSEAKKECPPPAPADSLAVGNSGGVDIPQEKRPLDRLQAPELANVAGLTPPATPPHQLWKPLAAVSLLAKAKSPKSTAQEGTLKPEGVTEAKHPAAVRLQEGVHGPSRVHVGSGDHDYCVRSRTPPKKMPALVIPEVGSRWNVKRHQDITIKPVLSLGPAAPPPPCIAASREPLDHRTSSEQADPSAPCLAPSSLLSPEASPCRNDMNTRTPPEPSAKQRSMRCYRKACRSASPSSQGWQGRRGRNSRSVSSGSNRTSEASSSSSSSSSSSRSRSRSLSPPHKRWRRSSCSSSGRSRRCSSSSSSSSSSSSSSSSSSSSRSRSRSPSPRRRSDRRRRYSSYRSHDHYQRQRVLQKERAIEERRVVFIGKIPGRMTRSELKQRFSVFGEIEECTIHFRVQGDNYGFVTYRYAEEAFAAIESGHKLRQADEQPFDLCFGGRRQFCKRSYSDLDSNREDFDPAPVKSKFDSLDFDTLLKQAQKNLRR,
RNCMPT00268_RNCMPT.pkl,PTBP1,P26599,MDGIVPDIAVGTKRGSDELFSTCVTNGPFIMSSNSASAANGNDSKKFKGDSRSAGVPSRVIHIRKLPIDVTEGEVISLGLPFGKVTNLLMLKGKNQAFIEMNTEEAANTMVNYYTSVTPVLRGQPIYIQFSNHKELKTDSSPNQARAQAALQAVNSVQSGNLALAASAAAVDAGMAMAGQSPVLRIIVENLFYPVTLDVLHQIFSKFGTVLKIITFTKNNQFQALLQYADPVSAQHAKLSLDGQNIYNACCTLRIDFSKLTSLNVKYNNDKSRDYTRPDLPSGDSQPSLDQTMAAAFGAPGIISASPYAGAGFPPTFAIPQAAGLSVPNVHGALAPLAIPSAAAAAAAAGRIAIPGLAGAGNSVLLVSNLNPERVTPQSLFILFGVYGDVQRVKILFNKKENALVQMADGNQAQLAMSHLNGHKLHGKPIRITLSKHQNVQLPREGQEDQGLTKDYGNSPLHRFKKPGSKNFQNIFPPSATLHLSNIPPSVSEEDLKVLFSSNGGVVKGFKFFQKDRKMALIQMGSVEEAVQALIDLHNHDLGENHHLRVSFSKSTI,
RNCMPT00269_RNCMPT.pkl,PTBP1,P26599,MDGIVPDIAVGTKRGSDELFSTCVTNGPFIMSSNSASAANGNDSKKFKGDSRSAGVPSRVIHIRKLPIDVTEGEVISLGLPFGKVTNLLMLKGKNQAFIEMNTEEAANTMVNYYTSVTPVLRGQPIYIQFSNHKELKTDSSPNQARAQAALQAVNSVQSGNLALAASAAAVDAGMAMAGQSPVLRIIVENLFYPVTLDVLHQIFSKFGTVLKIITFTKNNQFQALLQYADPVSAQHAKLSLDGQNIYNACCTLRIDFSKLTSLNVKYNNDKSRDYTRPDLPSGDSQPSLDQTMAAAFGAPGIISASPYAGAGFPPTFAIPQAAGLSVPNVHGALAPLAIPSAAAAAAAAGRIAIPGLAGAGNSVLLVSNLNPERVTPQSLFILFGVYGDVQRVKILFNKKENALVQMADGNQAQLAMSHLNGHKLHGKPIRITLSKHQNVQLPREGQEDQGLTKDYGNSPLHRFKKPGSKNFQNIFPPSATLHLSNIPPSVSEEDLKVLFSSNGGVVKGFKFFQKDRKMALIQMGSVEEAVQALIDLHNHDLGENHHLRVSFSKSTI,
RNCMPT00047_RNCMPT.pkl,QKI,Q96PU8,MVGEMETKEKPKPTPDYLMQLMNDKKLMSSLPNFCGIFNHLERLLDEEISRVRKDMYNDTLNGSTEKRSAELPDAVGPIVQLQEKLYVPVKEYPDFNFVGRILGPRGLTAKQLEAETGCKIMVRGKGSMRDKKKEEQNRGKPNWEHLNEDLHVLITVEDAQNRAEIKLKRAVEEVKKLLVPAAEGEDSLKKMQLMELAILNGTYRDANIKSPALAFSLAATAQAAPRIITGPAPVLPPAALRTPTPAGPTIMPLIRQIQTAVMPNGTPHPTAAIVPPGPEAGLIYTPYEYPYTLAPATSILEYPIEPSGVLGAVATKVRRHDMRVHPYQRIVTADRAATGN,
RNCMPT00159_RNCMPT.pkl,RALY,Q9UKM9,MSLKLQASNVTNKNDPKSINSRVFIGNLNTALVKKSDVETIFSKYGRVAGCSVHKGYAFVQYSNERHARAAVLGENGRVLAGQTLDINMAGEPKPDRPKGLKRAASAIYSGYIFDYDYYRDDFYDRLFDYRGRLSPVPVPRAVPVKRPRVTVPLVRRVKTNVPVKLFARSTAVTTSSAKIKLKSSELQAIKTELTQIKSNIDALLSRLEQIAAEQKANPDGKKKGDGGGAGGGGGGGGSGGGGSGGGGGGGSSRPPAPQENTTSEAGLPQGEARTRDDGDEEGLLTHSEEELEHSQDTDADDGALQ,
RNCMPT00168_RNCMPT.pkl,RBFOX1,Q9NWB1,MNCEREQLRGNQEAAAAPDTMAQPYASAQFAPPQNGIPAEYTAPHPHPAPEYTGQTTVPEHTLNLYPPAQTHSEQSPADTSAQTVSGTATQTDDAAPTDGQPQTQPSENTENKSQPKRLHVSNIPFRFRDPDLRQMFGQFGKILDVEIIFNERGSKGFGFVTFENSADADRAREKLHGTVVEGRKIEVNNATARVMTNKKTVNPYTNGWKLNPVVGAVYSPEFYAGTVLLCQANQEGSSMYSAPSSLVYTSAMPGFPYPAATAAAAYRGAHLRGRGRTVYNTFRAAAPPPPIPAYGGVVYQDGFYGADIYGGYAAYRYAQPTPATAAAYSDSYGRVYAADPYHHALAPAPTYGVGAMNAFAPLTDAKTRSHADDVGLVLSSLQASIYRGGYNRFAPY,
RNCMPT00050_RNCMPT.pkl,RBM3,P98179,MSSEEGKLFVGGLNFNTDEQALEDHFSSFGPISEVVVVKDRETQRSRGFGFITFTNPEHASVAMRAMNGESLDGRQIRVDHAGKSARGTRGGGFGAHGRGRSYSRGGGDQGYGSGRYYDSRPGGYGYGYGRSRDYNGRNQGGYDRYSGGNYRDNYDN,
RNCMPT00113_RNCMPT.pkl,RBM4,Q9BWF3,MVKLFIGNLPREATEQEIRSLFEQYGKVLECDIIKNYGFVHIEDKTAAEDAIRNLHHYKLHGVNINVEASKNKSKTSTKLHVGNISPTCTNKELRAKFEEYGPVIECDIVKDYAFVHMERAEDAVEAIRGLDNTEFQGKRMHVQLSTSRLRTAPGMGDQSGCYRCGKEGHWSKECPIDRSGRVADLTEQYNEQYGAVRTPYTMSYGDSLYYNNAYGALDAYYKRCRAARSYEAVAAAAASVYNYAEQTLSQLPQVQNTAMASHLTSTSLDPYDRHLLPTSGAAATAAAAAAAAAAVTAASTSYYGRDRSPLRRATAPVPTVGEGYGYGHESELSQASAAARNSLYDMARYEREQYADRARYSAF,
RNCMPT00052_RNCMPT.pkl,RBM4,Q9BWF3,MVKLFIGNLPREATEQEIRSLFEQYGKVLECDIIKNYGFVHIEDKTAAEDAIRNLHHYKLHGVNINVEASKNKSKTSTKLHVGNISPTCTNKELRAKFEEYGPVIECDIVKDYAFVHMERAEDAVEAIRGLDNTEFQGKRMHVQLSTSRLRTAPGMGDQSGCYRCGKEGHWSKECPIDRSGRVADLTEQYNEQYGAVRTPYTMSYGDSLYYNNAYGALDAYYKRCRAARSYEAVAAAAASVYNYAEQTLSQLPQVQNTAMASHLTSTSLDPYDRHLLPTSGAAATAAAAAAAAAAVTAASTSYYGRDRSPLRRATAPVPTVGEGYGYGHESELSQASAAARNSLYDMARYEREQYADRARYSAF,
RNCMPT00055_RNCMPT.pkl,RBM5,P52756,MGSDKRVSRTERSGRYGSIIDRDDRDERESRSRRRDSDYKRSSDDRRGDRYDDYRDYDSPERERERRNSDRSEDGYHSDGDYGEHDYRHDISDERESKTIMLRGLPITITESDIREMMESFEGPQPADVRLMKRKTGVSRGFAFVEFYHLQDATSWMEANQKKLVIQGKHIAMHYSNPRPKFEDWLCNKCCLNNFRKRLKCFRCGADKFDSEQEVPPGTTESVQSVDYYCDTIILRNIAPHTVVDSIMTALSPYASLAVNNIRLIKDKQTQQNRGFAFVQLSSAMDASQLLQILQSLHPPLKIDGKTIGVDFAKSARKDLVLSDGNRVSAFSVASTAIAAAQWSSTQSQSGEGGSVDYSYLQPGQDGYAQYAQYSQDYQQFYQQQAGGLESDASSASGTAVTTTSAAVVSQSPQLYNQTSNPPGSPTEEAQPSTSTSTQAPAASPTGVVPGTKYAVPDTSTYQYDESSGYYYDPTTGLYYDPNSQYYYNSLTQQYLYWDGEKETYVPAAESSSHQQSGLPPAKEGKEKKEKPKSKTAQQIAKDMERWAKSLNKQKENFKNSFQPVNSLREEERRESAAADAGFALFEKKGALAERQQLIPELVRNGDEENPLKRGLVAAYSGDSDNEEELVERLESEEEKLADWKKMACLLCRRQFPNKDALVRHQQLSDLHKQNMDIYRRSRLSEQELEALELREREMKYRDRAAERREKYGIPEPPEPKRKKQFDAGTVNYEQPTKDGIDHSNIGNKMLQAMGWREGSGLGRKCQGITAPIEAQVRLKGAGLGAKGSAYGLSGADSYKDAVRKAMFARFTEME,
RNCMPT00154_RNCMPT.pkl,RBM5,P52756,MGSDKRVSRTERSGRYGSIIDRDDRDERESRSRRRDSDYKRSSDDRRGDRYDDYRDYDSPERERERRNSDRSEDGYHSDGDYGEHDYRHDISDERESKTIMLRGLPITITESDIREMMESFEGPQPADVRLMKRKTGVSRGFAFVEFYHLQDATSWMEANQKKLVIQGKHIAMHYSNPRPKFEDWLCNKCCLNNFRKRLKCFRCGADKFDSEQEVPPGTTESVQSVDYYCDTIILRNIAPHTVVDSIMTALSPYASLAVNNIRLIKDKQTQQNRGFAFVQLSSAMDASQLLQILQSLHPPLKIDGKTIGVDFAKSARKDLVLSDGNRVSAFSVASTAIAAAQWSSTQSQSGEGGSVDYSYLQPGQDGYAQYAQYSQDYQQFYQQQAGGLESDASSASGTAVTTTSAAVVSQSPQLYNQTSNPPGSPTEEAQPSTSTSTQAPAASPTGVVPGTKYAVPDTSTYQYDESSGYYYDPTTGLYYDPNSQYYYNSLTQQYLYWDGEKETYVPAAESSSHQQSGLPPAKEGKEKKEKPKSKTAQQIAKDMERWAKSLNKQKENFKNSFQPVNSLREEERRESAAADAGFALFEKKGALAERQQLIPELVRNGDEENPLKRGLVAAYSGDSDNEEELVERLESEEEKLADWKKMACLLCRRQFPNKDALVRHQQLSDLHKQNMDIYRRSRLSEQELEALELREREMKYRDRAAERREKYGIPEPPEPKRKKQFDAGTVNYEQPTKDGIDHSNIGNKMLQAMGWREGSGLGRKCQGITAPIEAQVRLKGAGLGAKGSAYGLSGADSYKDAVRKAMFARFTEME,
RNCMPT00170_RNCMPT.pkl,RBM6,P78332,MWGDSRPANRTGPFRGSQEERFAPGWNRDYPPPPLKSHAQERHSGNFPGRDSLPFDFQGHSGPPFANVEEHSFSYGARDGPHGDYRGGEGPGHDFRGGDFSSSDFQSRDSSQLDFRGRDIHSGDFRDREGPPMDYRGGDGTSMDYRGREAPHMNYRDRDAHAVDFRGRDAPPSDFRGRGTYDLDFRGRDGSHADFRGRDLSDLDFRAREQSRSDFRNRDVSDLDFRDKDGTQVDFRGRGSGTTDLDFRDRDTPHSDFRGRHRSRTDQDFRGREMGSCMEFKDREMPPVDPNILDYIQPSTQDREHSGMNVNRREESTHDHTIERPAFGIQKGEFEHSETREGETQGVAFEHESPADFQNSQSPVQDQDKSQLSGREEQSSDAGLFKEEGGLDFLGRQDTDYRSMEYRDVDHRLPGSQMFGYGQSKSFPEGKTARDAQRDLQDQDYRTGPSEEKPSRLIRLSGVPEDATKEEILNAFRTPDGMPVKNLQLKEYNTGYDYGYVCVEFSLLEDAIGCMEANQGTLMIQDKEVTLEYVSSLDFWYCKRCKANIGGHRSSCSFCKNPREVTEAKQELITYPQPQKTSIPAPLEKQPNQPLRPADKEPEPRKREEGQESRLGHQKREAERYLPPSRREGPTFRRDRERESWSGETRQDGESKTIMLKRIYRSTPPEVIVEVLEPYVRLTTANVRIIKNRTGPMGHTYGFIDLDSHAEALRVVKILQNLDPPFSIDGKMVAVNLATGKRRNDSGDHSDHMHYYQGKKYFRDRRGGGRNSDWSSDTNRQGQQSSSDCYIYDSATGYYYDPLAGTYYDPNTQQEVYVPQDPGLPEEEEIKEKKPTSQGKSSSKKEMSKRDGKEKKDRGVTRFQENASEGKAPAEDVFKKPLPPTVKKEESPPPPKVVNPLIGLLGEYGGDSDYEEEEEEEQTPPPQPRTAQPQKREEQTKKENEEDKLTDWNKLACLLCRRQFPNKEVLIKHQQLSDLHKQNLEIHRKIKQSEQELAYLERREREGKFKGRGNDRREKLQSFDSPERKRIKYSRETDSDRKLVDKEDIDTSSKGGCVQQATGWRKGTGLGYGHPGLASSEEAEGRMRGPSVGASGRTSKRQSNETYRDAVRRVMFARYKELD,
RNCMPT00056_RNCMPT.pkl,RBM8A,Q9Y5S9,MADVLDLHEAGGEDFAMDEDGDESIHKLKEKAKKRKGRGFGSEEGSRARMREDYDSVEQDGDEPGPQRSVEGWILFVTGVHEEATEEDIHDKFAEYGEIKNIHLNLDRRTGYLKGYTLVEYETYKEAQAAMEGLNGQDLMGQPISVDWCFVRGPPKGKRRGGRRRSRSPDRRRR,
RNCMPT00184_RNCMPT.pkl,RBM24,Q9BX46,MHTTQKDTTYTKIFVGGLPYHTTDASLRKYFEVFGEIEEAVVITDRQTGKSRGYGFVTMADRAAAERACKDPNPIIDGRKANVNLAYLGAKPRIMQPGFAFGVQQLHPALIQRPFGIPAHYVYPQAFVQPGVVIPHVQPTAAAASTTPYIDYTGAAYAQYSAAAAAAAAAAAYDQYPYAASPAAAGYVTAGGYGYAVQQPITAAAPGTAAAAAAAAAAAAAFGQYQPQQLQTDRMQ,
RNCMPT00049_RNCMPT.pkl,RBM28,Q9NW13,MAGLTLFVGRLPPSARSEQLEELFSQVGPVKQCFVVTEKGSKACRGFGYVTFSMLEDVQRALKEITTFEGCKINVTVAKKKLRNKTKEKGKNENSECPKKEPKAKKAKVADKKARLIIRNLSFKCSEDDLKTVFAQFGAVLEVNIPRKPDGKMRGFGFVQFKNLLEAGKALKGMNMKEIKGRTVAVDWAVAKDKYKDTQSVSAIGEEKSHESKHQESVKKKGREEEDMEEEENDDDDDDDDEEDGVFDDEDEEEENIESKVTKPVQIQKRAVKRPAPAKSSDHSEEDSDLEESDSIDDGEELAQSDTSTEEQEDKAVQVSNKKKRKLPSDVNEGKTVFIRNLSFDSEEEELGELLQQFGELKYVRIVLHPDTEHSKGCAFAQFMTQEAAQKCLLAASPENEAGGLKLDGRQLKVDLAVTRDEAAKLQTTKVKKPTGTRNLYLAREGLIRAGTKAAEGVSAADMAKRERFELLKHQKLKDQNIFVSRTRLCLHNLPKAVDDKQLRKLLLSATSGEKGVRIKECRVMRDLKGVHGNMKGQSLGYAFAEFQEHEHALKALRLINNNPEIFGPLKRPIVEFSLEDRRKLKMKELRIQRSLQKMRSKPATGEPQKGQPEPAKDQQQKAAQHHTEEQSKVPPEQKRKAGSTSWTGFQTKAEVEQVELPDGKKRRKVLALPSHRGPKIRLRDKGKVKPVHPKKPKPQINQWKQEKQQLSSEQVSRKKAKGNKTETRFNQLVEQYKQKLLGPSKGAPLAKRSKWFDS,
RNCMPT00053_RNCMPT.pkl,RBM41,Q96IZ5,MKRVNSCVKSDEHVLEELETEGERQLKSLLQHQLDTSVSIEECMSKKESFAPGTMYKPFGKEAAGTMTLSQFQTLHEKDQETASLRELGLNETEILIWKSHVSGEKKTKLRATPEAIQNRLQDIEERISERQRILCLPQRFAKSKQLTRREMEIEKSLFQGADRHSFLKALYYQDEPQKKNKGDPMNNLESFYQEMIMKKRLEEFQLMRGEPFASHSLVSATSVGDSGTAESPSLLQDKGKQAAQGKGPSLHVANVIDFSPEQCWTGPKKLTQPIEFVPEDEIQRNRLSEEEIRKIPMFSSYNPGEPNKVLYLKNLSPRVTERDLVSLFARFQEKKGPPIQFRMMTGRMRGQAFITFPNKEIAWQALHLVNGYKLHGKILVIEFGKNKKQRSNLQATSLISCATGSTTEISGS,
RNCMPT00151_RNCMPT.pkl,RBM42,Q9BTD8,MAGAGPAPGLPGAGGPVVPGPGAGIPGKSGEERLKEMEAEMALFEQEVLGAPVPGIPTAVPAVPTVPTVPTVEAMQVPAAPVIRPIIATNTYQQVQQTLEARAAAAATVVPPMVGGPPFVGPVGFGPGDRSHLDSPEAREAMFLRRAAVAPQRAPILRPAFVPHVLQRADSALSSAAAGPRPMALRPPHQALVGPPLPGPPGPPMMLPPMARAPGPPLGSMAALRPPLEEPAAPRELGLGLGLGLKEKEEAVVAAAAGLEEASAAVAVGAGGAPAGPAVIGPSLPLALAMPLPEPEPLPLPLEVVRGLLPPLRIPELLSLRPRPRPPRPEPPPGLMALEVPEPLGEDKKKGKPEKLKRCIRTAAGSSWEDPSLLEWDADDFRIFCGDLGNEVNDDILARAFSRFPSFLKAKVIRDKRTGKTKGYGFVSFKDPSDYVRAMREMNGKYVGSRPIKLRKSMWKDRNLDVVRKKQKEKKKLGLR,
RNCMPT00241_RNCMPT.pkl,RBM45,Q8IUH3,MDEAGSSASGGGFRPGVDSLDEPPNSRIFLVISKYTPESVLRERFSPFGDIQDIWVVRDKHTKESKGIAFVKFARSSQACRAMEEMHGQCLGPNDTKPIKVFIAQSRSSGSHRDVEDEELTRIFVMIPKSYTEEDLREKFKVYGDIEYCSIIKNKVTGESKGLGYVRYLKPSQAAQAIENCDRSFRAILAEPKNKASESSEQDYYSNMRQEALGHEPRVNMFPFVGEQQSEFSSFDKNDSRGQEAISKRLSVVSRVPFTEEQLFSIFDIVPGLEYCEVQRDPYSNYGHGVVQYFNVASAIYAKYKLHGFQYPPGNRIGVSFIDDGSNATDLLRKMATQMVAAQLASMVWNNPSQQQFMQFGGSSGSQLPQIQTDVVLPSCKKKAPAETPVKERLFIVFNPHPLPLDVLEDIFCRFGNLIEVYLVSGKNVGYAKYADRISANDAIATLHGKILNGVRLKVMLADSPREESNKRQRTY,
RNCMPT00054_RNCMPT.pkl,RBM46,Q8TBY0,MNEENIDGTNGCSKVRTGIQNEAALLALMEKTGYNMVQENGQRKFGGPPPGWEGPPPPRGCEVFVGKIPRDMYEDELVPVFERAGKIYEFRLMMEFSGENRGYAFVMYTTKEEAQLAIRILNNYEIRPGKFIGVCVSLDNCRLFIGAIPKEKKKEEILDEMKKVTEGVVDVIVYPSATDKTKNRGFAFVEYESHRAAAMARRKLIPGTFQLWGHTIQVDWADPEKEVDEETMQRVKVLYVRNLMISTTEETIKAEFNKFKPGAVERVKKLRDYAFVHFFNREDAVAAMSVMNGKCIDGASIEVTLAKPVNKENTWRQHLNGQISPNSENLIVFANKEESHPKTLGKLPTLPARLNGQHSPSPPEVERCTYPFYPGTKLTPISMYSLKSNHFNSAVMHLDYYCNKNNWAPPEYYLYSTTSQDGKVLLVYKIVIPAIANGSQSYFMPDKLCTTLEDAKELAAQFTLLHLDYNFHRSSINSLSPVSATLSSGTPSVLPYTSRPYSYPGYPLSPTISLANGSHVGQRLCISNQASFF,
RNCMPT00152_RNCMPT.pkl,RBMS1,P29558,MGKVWKQQMYPQYATYYYPQYLQAKQSLVPAHPMAPPSPSTTSSNNNSSSSSNSGWDQLSKTNLYIRGLPPHTTDQDLVKLCQPYGKIVSTKAILDKTTNKCKGYGFVDFDSPAAAQKAVSALKASGVQAQMAKQQEQDPTNLYISNLPLSMDEQELENMLKPFGQVISTRILRDSSGTSRGVGFARMESTEKCEAVIGHFNGKFIKTPPGVSAPTEPLLCKFADGGQKKRQNPNKYIPNGRPWHREGEVRLAGMTLTYDPTTAAIQNGFYPSPYSIATNRMITQTSITPYIASPVSAYQVQSPSWMQPQPYILQHPGAVLTPSMEHTMSLQPASMISPLAQQMSHLSLGSTGTYMPATSAMQGAYLPQYAHMQTTAVPVEEASGQQQVAVETSNDHSPYTFQPNK,
RNCMPT00173_RNCMPT.pkl,RBMS3,Q6XE24,MGKRLDQPQMYPQYTYYYPHYLQTKQSYAPAPHPMAPPSPSTNSSSNNSSNNSSGEQLSKTNLYIRGLPPGTTDQDLIKLCQPYGKIVSTKAILDKNTNQCKGYGFVDFDSPAAAQKAVASLKANGVQAQMAKQQEQDPTNLYISNLPISMDEQELENMLKPFGHVISTRILRDANGVSRGVGFARMESTEKCEVVIQHFNGKYLKTPPGIPAPSEPLLCKFADGGQKKRQNQSKYTQNGRPWPREGEAGMALTYDPTAAIQNGFYSSPYSIATNRMIPQTSITPFIAASPVSTYQVQSTSWMPHPPYVMQPTGAVITPTMDHPMSMQPANMMGPLTQQMNHLSLGTTGTIQSQDRIMILHQLLCQYMTAAAPMQGTYIPQYTPVPPTAVSIEGVVADTSPQTVAPSSQDTSGQQQQIAVDTSNEHAPAYSYQQSKP,
RNCMPT00057_RNCMPT.pkl,RBMS3,Q6XE24,MGKRLDQPQMYPQYTYYYPHYLQTKQSYAPAPHPMAPPSPSTNSSSNNSSNNSSGEQLSKTNLYIRGLPPGTTDQDLIKLCQPYGKIVSTKAILDKNTNQCKGYGFVDFDSPAAAQKAVASLKANGVQAQMAKQQEQDPTNLYISNLPISMDEQELENMLKPFGHVISTRILRDANGVSRGVGFARMESTEKCEVVIQHFNGKYLKTPPGIPAPSEPLLCKFADGGQKKRQNQSKYTQNGRPWPREGEAGMALTYDPTAAIQNGFYSSPYSIATNRMIPQTSITPFIAASPVSTYQVQSTSWMPHPPYVMQPTGAVITPTMDHPMSMQPANMMGPLTQQMNHLSLGTTGTIQSQDRIMILHQLLCQYMTAAAPMQGTYIPQYTPVPPTAVSIEGVVADTSPQTVAPSSQDTSGQQQQIAVDTSNEHAPAYSYQQSKP,
RNCMPT00063_RNCMPT.pkl,SAMD4A,Q9UPU9,MMFRDQVGVLAGWFKGWNECEQTVALLSLLKRVSQTQARFLQLCLEHSLADCAELHVLEREANSPGIINQWQQESKDKVISLLLTHLPLLKPGNLDAKVEYMKLLPKILAHSIEHNQHIEESRQLLSYALIHPATSLEDRSALAMWLNHLEDRTSTSFGGQNRGRSDSVDYGQTHYYHQRQNSDDKLNGWQNSRDSGICINASNWQDKSMGCENGHVPLYSSSSVPTTINTIGTSTSTILSGQAHHSPLKRSVSLTPPMNVPNQPLGHGWMSHEDLRARGPQCLPSDHAPLSPQSSVASSGSGGSEHLEDQTTARNTFQEEGSGMKDVPAWLKSLRLHKYAALFSQMTYEEMMALTECQLEAQNVTKGARHKIVISIQKLKERQNLLKSLERDIIEGGSLRIPLQELHQMILTPIKAYSSPSTTPEARRREPQAPRQPSLMGPESQSPDCKDGAAATGATATPSAGASGGLQPHQLSSCDGELAVAPLPEGDLPGQFTRVMGKVCTQLLVSRPDEENISSYLQLIDKCLIHEAFTETQKKRLLSWKQQVQKLFRSFPRKTLLDISGYRQQRNRGFGQSNSLPTAGSVGGGMGRRNPRQYQIPSRNVPSARLGLLGTSGFVSSNQRNTTATPTIMKQGRQNLWFANPGGSNSMPSRTHSSVQRTRSLPVHTSPQNMLMFQQPEFQLPVTEPDINNRLESLCLSMTEHALGDGVDRTSTI,
RNCMPT00064_RNCMPT.pkl,SART3,Q15020,MATAAETSASEPEAESKAGPKADGEEDEVKAARTRRKVLSRAVAAATYKTMGPAWDQQEEGVSESDGDEYAMASSAESSPGEYEWEYDEEEEKNQLEIERLEEQLSINVYDYNCHVDLIRLLRLEGELTKVRMARQKMSEIFPLTEELWLEWLHDEISMAQDGLDREHVYDLFEKAVKDYICPNIWLEYGQYSVGGIGQKGGLEKVRSVFERALSSVGLHMTKGLALWEAYREFESAIVEAARLEKVHSLFRRQLAIPLYDMEATFAEYEEWSEDPIPESVIQNYNKALQQLEKYKPYEEALLQAEAPRLAEYQAYIDFEMKIGDPARIQLIFERALVENCLVPDLWIRYSQYLDRQLKVKDLVLSVHNRAIRNCPWTVALWSRYLLAMERHGVDHQVISVTFEKALNAGFIQATDYVEIWQAYLDYLRRRVDFKQDSSKELEELRAAFTRALEYLKQEVEERFNESGDPSCVIMQNWARIEARLCNNMQKARELWDSIMTRGNAKYANMWLEYYNLERAHGDTQHCRKALHRAVQCTSDYPEHVCEVLLTMERTEGSLEDWDIAVQKTETRLARVNEQRMKAAEKEAALVQQEEEKAEQRKRARAEKKALKKKKKIRGPEKRGADEDDEKEWGDDEEEQPSKRRRVENSIPAAGETQNVEVAAGPAGKCAAVDVEPPSKQKEKAASLKRDMPKVLHDSSKDSITVFVSNLPYSMQEPDTKLRPLFEACGEVVQIRPIFSNRGDFRGYCYVEFKEEKSALQALEMDRKSVEGRPMFVSPCVDKSKNPDFKVFRYSTSLEKHKLFISGLPFSCTKEELEEICKAHGTVKDLRLVTNRAGKPKGLAYVEYENESQASQAVMKMDGMTIKENIIKVAISNPPQRKVPEKPETRKAPGGPMLLPQTYGARGKGRTQLSLLPRALQRPSAAAPQAENGPAAAPAVAAPAATEAPKMSNADFAKLFLRK,
RNCMPT00177_RNCMPT.pkl,SFPQ,P23246,MSRDRFRSRGGGGGGFHRRGGGGGRGGLHDFRSPPPGMGLNQNRGPMGPGPGQSGPKPPIPPPPPHQQQQQPPPQQPPPQQPPPHQPPPHPQPHQQQQPPPPPQDSSKPVVAQGPGPAPGVGSAPPASSSAPPATPPTSGAPPGSGPGPTPTPPPAVTSAPPGAPPPTPPSSGVPTTPPQAGGPPPPPAAVPGPGPGPKQGPGPGGPKGGKMPGGPKPGGGPGLSTPGGHPKPPHRGGGEPRGGRQHHPPYHQQHHQGPPPGGPGGRSEEKISDSEGFKANLSLLRRPGEKTYTQRCRLFVGNLPADITEDEFKRLFAKYGEPGEVFINKGKGFGFIKLESRALAEIAKAELDDTPMRGRQLRVRFATHAAALSVRNLSPYVSNELLEEAFSQFGPIERAVVIVDDRGRSTGKGIVEFASKPAARKAFERCSEGVFLLTTTPRPVIVEPLEQLDDEDGLPEKLAQKNPMYQKERETPPRFAQHGTFEYEYSQRWKSLDEMEKQQREQVEKNMKDAKDKLESEMEDAYHEHQANLLRQDLMRRQEELRRMEELHNQEMQKRKEMQLRQEEERRRREEEMMIRQREMEEQMRRQREESYSRMGYMDPRERDMRMGGGGAMNMGDPYGSGGQKFPPLGGGGGIGYEANPGVPPATMSGSMMGSDMRTERFGQGGAGPVGGQGPRGMGPGTPAGYGRGREEYEGPNKKPRF,
RNCMPT00070_RNCMPT.pkl,SNRNP70,P08621,MTQFLPPNLLALFAPRDPIPYLPPLEKLPHEKHHNQPYCGIAPYIREFEDPRDAPPPTRAETREERMERKRREKIERRQQEVETELKMWDPHNDPNAQGDAFKTLFVARVNYDTTESKLRREFEVYGPIKRIHMVYSKRSGKPRGYAFIEYEHERDMHSAYKHADGKKIDGRRVLVDVERGRTVKGWRPRRLGGGLGGTRRGGADVNIRHSGRDDTSRYDERPGPSPLPHRDRDRDRERERRERSRERDKERERRRSRSRDRRRRSRSRDKEERRRSRERSKDKDRDRKRRSSRSRERARRERERKEELRGGGGDMAEPSEAGDAPPDDGPPGELGPDGPDGPEEKGRDRDRERRRSHRSERERRRDRDRDRDRDREHKRGERGSERGRDEARGGGGGQDNGLEGLGNDSRDMYMESEGGDGYLAPENGYLMEAAPE,
RNCMPT00071_RNCMPT.pkl,SNRPA,P09012,MAVPETRPNHTIYINNLNEKIKKDELKKSLYAIFSQFGQILDILVSRSLKMRGQAFVIFKEVSSATNALRSMQGFPFYDKPMRIQYAKTDSDIIAKMKGTFVERDRKREKRKPKSQETPATKKAVQGGGATPVVGAVQGPVPGMPPMTQAPRIMHHMPGQPPYMPPPGMIPPPGLAPGQIPPGAMPPQQLMPGQMPPAQPLSENPPNHILFLTNLPEETNELMLSMLFNQFPGFKEVRLVPGRHDIAFVEFDNEVQAGAARDALQGFKITQNNAMKISFAKK,
RNCMPT00106_RNCMPT.pkl,SRSF1,Q07955,MSGGGVIRGPAGNNDCRIYVGNLPPDIRTKDIEDVFYKYGAIRDIDLKNRRGGPPFAFVEFEDPRDAEDAVYGRDGYDYDGYRLRVEFPRSGRGTGRGGGGGGGGGAPRGRYGPPSRRSENRVVVSGLPPSGSWQDLKDHMREAGDVCYADVYRDGTGVVEFVRKEDMTYAVRKLDNTKFRSHEGETAYIRVKVDGPRSPSYGRSRSRSRSRSRSRSRSNSRSRSYSPRRSRGSPRYSPRHSRSRSRT,
RNCMPT00107_RNCMPT.pkl,SRSF1,Q07956,MSGGGVIRGPAGNNDCRIYVGNLPPDIRTKDIEDVFYKYGAIRDIDLKNRRGGPPFAFVEFEDPRDAEDAVYGRDGYDYDGYRLRVEFPRSGRGTGRGGGGGGGGGAPRGRYGPPSRRSENRVVVSGLPPSGSWQDLKDHMREAGDVCYADVYRDGTGVVEFVRKEDMTYAVRKLDNTKFRSHEGETAYIRVKVDGPRSPSYGRSRSRSRSRSRSRSRSNSRSRSYSPRRSRGSPRYSPRHSRSRSRT,
RNCMPT00108_RNCMPT.pkl,SRSF1,Q07957,MSGGGVIRGPAGNNDCRIYVGNLPPDIRTKDIEDVFYKYGAIRDIDLKNRRGGPPFAFVEFEDPRDAEDAVYGRDGYDYDGYRLRVEFPRSGRGTGRGGGGGGGGGAPRGRYGPPSRRSENRVVVSGLPPSGSWQDLKDHMREAGDVCYADVYRDGTGVVEFVRKEDMTYAVRKLDNTKFRSHEGETAYIRVKVDGPRSPSYGRSRSRSRSRSRSRSRSNSRSRSYSPRRSRGSPRYSPRHSRSRSRT,
RNCMPT00109_RNCMPT.pkl,SRSF1,Q07958,MSGGGVIRGPAGNNDCRIYVGNLPPDIRTKDIEDVFYKYGAIRDIDLKNRRGGPPFAFVEFEDPRDAEDAVYGRDGYDYDGYRLRVEFPRSGRGTGRGGGGGGGGGAPRGRYGPPSRRSENRVVVSGLPPSGSWQDLKDHMREAGDVCYADVYRDGTGVVEFVRKEDMTYAVRKLDNTKFRSHEGETAYIRVKVDGPRSPSYGRSRSRSRSRSRSRSRSNSRSRSYSPRRSRGSPRYSPRHSRSRSRT,
RNCMPT00110_RNCMPT.pkl,SRSF1,Q07959,MSGGGVIRGPAGNNDCRIYVGNLPPDIRTKDIEDVFYKYGAIRDIDLKNRRGGPPFAFVEFEDPRDAEDAVYGRDGYDYDGYRLRVEFPRSGRGTGRGGGGGGGGGAPRGRYGPPSRRSENRVVVSGLPPSGSWQDLKDHMREAGDVCYADVYRDGTGVVEFVRKEDMTYAVRKLDNTKFRSHEGETAYIRVKVDGPRSPSYGRSRSRSRSRSRSRSRSNSRSRSYSPRRSRGSPRYSPRHSRSRSRT,
RNCMPT00163_RNCMPT.pkl,SRSF1,Q07960,MSGGGVIRGPAGNNDCRIYVGNLPPDIRTKDIEDVFYKYGAIRDIDLKNRRGGPPFAFVEFEDPRDAEDAVYGRDGYDYDGYRLRVEFPRSGRGTGRGGGGGGGGGAPRGRYGPPSRRSENRVVVSGLPPSGSWQDLKDHMREAGDVCYADVYRDGTGVVEFVRKEDMTYAVRKLDNTKFRSHEGETAYIRVKVDGPRSPSYGRSRSRSRSRSRSRSRSNSRSRSYSPRRSRGSPRYSPRHSRSRSRT,
RNCMPT00072_RNCMPT.pkl,SRSF2,Q01130,MSYGRPPPDVEGMTSLKVDNLTYRTSPDTLRRVFEKYGRVGDVYIPRDRYTKESRGFAFVRFHDKRDAEDAMDAMDGAVLDGRELRVQMARYGRPPDSHHSRRGPPPRRYGGGGYGRRSRSPRRRRRSRSRSRSRSRSRSRSRYSRSKSRSRTRSRSRSTSKSRSARRSKSKSSSVSRSRSRSRSRSRSRSPPPVSKRESKSRSRSKSPPKSPEEEGAVSS,
RNCMPT00073_RNCMPT.pkl,SRSF7,Q16629,MSRYGRYGGETKVYVGNLGTGAGKGELERAFSYYGPLRTVWIARNPPGFAFVEFEDPRDAEDAVRGLDGKVICGSRVRVELSTGMPRRSRFDRPPARRPFDPNDRCYECGEKGHYAYDCHRYSRRRRSRSRSRSHSRSRGRRYSRSRSRSRGRRSRSASPRRSRSISLRRSRSASLRRSRSGSIKGSRYFQSPSRSRSRSRSISRPRSSRSKSRSPSPKRSRSPSGSPRRSASPERMD,
RNCMPT00074_RNCMPT.pkl,SRSF9,Q13242,MSGWADERGGEGDGRIYVGNLPTDVREKDLEDLFYKYGRIREIELKNRHGLVPFAFVRFEDPRDAEDAIYGRNGYDYGQCRLRVEFPRTYGGRGGWPRGGRNGPPTRRSDFRVLVSGLPPSGSWQDLKDHMREAGDVCYADVQKDGVGMVEYLRKEDMEYALRKLDDTKFRSHEGETSYIRVYPERSTSYGYSRSRSGSRGRDSPYQSRGSPHYFSPFRPY,
RNCMPT00067_RNCMPT.pkl,SRSF9,Q13242,MSGWADERGGEGDGRIYVGNLPTDVREKDLEDLFYKYGRIREIELKNRHGLVPFAFVRFEDPRDAEDAIYGRNGYDYGQCRLRVEFPRTYGGRGGWPRGGRNGPPTRRSDFRVLVSGLPPSGSWQDLKDHMREAGDVCYADVQKDGVGMVEYLRKEDMEYALRKLDDTKFRSHEGETSYIRVYPERSTSYGYSRSRSGSRGRDSPYQSRGSPHYFSPFRPY,
RNCMPT00088_RNCMPT.pkl,SRSF10,O75494,MSRYLRPPNTSLFVRNVADDTRSEDLRREFGRYGPIVDVYVPLDFYTRRPRGFAYVQFEDVRDAEDALHNLDRKWICGRQIEIQFAQGDRKTPNQMKAKEGRNVYSSSRYDDYDRYRRSRSRSYERRRSRSRSFDYNYRRSYSPRNSRPTGRPRRSRSHSDNDRFKHRNRSFSRSKSNSRSRSKSQPKKEMKAKSRSRSASHTKTRGTSKTDSKTHYKSGSRYEKESRKKEPPRSKSQSRSQSRSRSKSRSRSWTSPKSSGH,
RNCMPT00089_RNCMPT.pkl,SRSF10,O75494,MSRYLRPPNTSLFVRNVADDTRSEDLRREFGRYGPIVDVYVPLDFYTRRPRGFAYVQFEDVRDAEDALHNLDRKWICGRQIEIQFAQGDRKTPNQMKAKEGRNVYSSSRYDDYDRYRRSRSRSYERRRSRSRSFDYNYRRSYSPRNSRPTGRPRRSRSHSDNDRFKHRNRSFSRSKSNSRSRSKSQPKKEMKAKSRSRSASHTKTRGTSKTDSKTHYKSGSRYEKESRKKEPPRSKSQSRSQSRSRSKSRSRSWTSPKSSGH,
RNCMPT00090_RNCMPT.pkl,SRSF10,O75494,MSRYLRPPNTSLFVRNVADDTRSEDLRREFGRYGPIVDVYVPLDFYTRRPRGFAYVQFEDVRDAEDALHNLDRKWICGRQIEIQFAQGDRKTPNQMKAKEGRNVYSSSRYDDYDRYRRSRSRSYERRRSRSRSFDYNYRRSYSPRNSRPTGRPRRSRSHSDNDRFKHRNRSFSRSKSNSRSRSKSQPKKEMKAKSRSRSASHTKTRGTSKTDSKTHYKSGSRYEKESRKKEPPRSKSQSRSQSRSRSKSRSRSWTSPKSSGH,
RNCMPT00019_RNCMPT.pkl,SRSF10,O75494,MSRYLRPPNTSLFVRNVADDTRSEDLRREFGRYGPIVDVYVPLDFYTRRPRGFAYVQFEDVRDAEDALHNLDRKWICGRQIEIQFAQGDRKTPNQMKAKEGRNVYSSSRYDDYDRYRRSRSRSYERRRSRSRSFDYNYRRSYSPRNSRPTGRPRRSRSHSDNDRFKHRNRSFSRSKSNSRSRSKSQPKKEMKAKSRSRSASHTKTRGTSKTDSKTHYKSGSRYEKESRKKEPPRSKSQSRSQSRSRSKSRSRSWTSPKSSGH,
RNCMPT00076_RNCMPT.pkl,TARDBP,Q13148,MSEYIRVTEDENDEPIEIPSEDDGTVLLSTVTAQFPGACGLRYRNPVSQCMRGVRLVEGILHAPDAGWGNLVYVVNYPKDNKRKMDETDASSAVKVKRAVQKTSDLIVLGLPWKTTEQDLKEYFSTFGEVLMVQVKKDLKTGHSKGFGFVRFTEYETQVKVMSQRHMIDGRWCDCKLPNSKQSQDEPLRSRKVFVGRCTEDMTEDELREFFSQYGDVMDVFIPKPFRAFAFVTFADDQIAQSLCGEDLIIKGISVHISNAEPKHNSNRQLERSGRFGGNPGGFGNQGGFGNSRGGGAGLGNNQGSNMGGGMNFGAFSINPAMMAAAQAALQSSWGMMGMLASQQNQSGPSGNNQNQGNMQREPNQAFGSGNNSYSGSNSGAAIGWGSASNAGSGSGFNGGFGSSMDSKSSGWGM,
RNCMPT00165_RNCMPT.pkl,TIA1,P31483,MEDEMPKTLYVGNLSRDVTEALILQLFSQIGPCKNCKMIMDTAGNDPYCFVEFHEHRHAAAALAAMNGRKIMGKEVKVNWATTPSSQKKDTSSSTVVSTQRSQDHFHVFVGDLSPEITTEDIKAAFAPFGRISDARVVKDMATGKSKGYGFVSFFNKWDAENAIQQMGGQWLGGRQIRTNWATRKPPAPKSTYESNTKQLSYDEVVNQSSPSNCTVYCGGVTSGLTEQLMRQTFSPFGQIMEIRVFPDKGYSFVRFNSHESAAHAIVSVNGTTIEGHVVKCYWGKETLDMINPVQQQNQIGYPQPYGQWGQWYGNAQQIGQYMPNGWQVPAYGMYGQAWNQQGFNQTQSSAPWMGPNYGVQPPQGQNGSMLPNQPSGYRVAGYETQ,
RNCMPT00077_RNCMPT.pkl,TIA1,P31483,MEDEMPKTLYVGNLSRDVTEALILQLFSQIGPCKNCKMIMDTAGNDPYCFVEFHEHRHAAAALAAMNGRKIMGKEVKVNWATTPSSQKKDTSSSTVVSTQRSQDHFHVFVGDLSPEITTEDIKAAFAPFGRISDARVVKDMATGKSKGYGFVSFFNKWDAENAIQQMGGQWLGGRQIRTNWATRKPPAPKSTYESNTKQLSYDEVVNQSSPSNCTVYCGGVTSGLTEQLMRQTFSPFGQIMEIRVFPDKGYSFVRFNSHESAAHAIVSVNGTTIEGHVVKCYWGKETLDMINPVQQQNQIGYPQPYGQWGQWYGNAQQIGQYMPNGWQVPAYGMYGQAWNQQGFNQTQSSAPWMGPNYGVQPPQGQNGSMLPNQPSGYRVAGYETQ,
RNCMPT00075_RNCMPT.pkl,TUT1,Q9H6E5,MAAVDSDVESLPRGGFRCCLCHVTTANRPSLDAHLGGRKHRHLVELRAARKAQGLRSVFVSGFPRDVDSAQLSEYFLAFGPVASVVMDKDKGVFAIVEMGDVGAREAVLSQSQHSLGGHRLRVRPREQKEFQSPASKSPKGAAPDSHQLAKALAEAADVGAQMIKLVGLRELSEAERQLRSLVVALMQEVFTEFFPGCVVHPFGSSINSFDVHGCDLDLFLDLGDLEEPQPVPKAPESPSLDSALASPLDPQALACTPASPPDSQPPASPQDSEALDFETPSSSLAPQTPDSALASETLASPQSLPPASPLLEDREEGDLGKASELAETPKEEKAEGAAMLELVGSILRGCVPGVYRVQTVPSARRPVVKFCHRPSGLHGDVSLSNRLALHNSRFLSLCSELDGRVRPLVYTLRCWAQGRGLSGSGPLLSNYALTLLVIYFLQTRDPPVLPTVSQLTQKAGEGEQVEVDGWDCSFPRDASRLEPSINVEPLSSLLAQFFSCVSCWDLRGSLLSLREGQALPVAGGLPSNLWEGLRLGPLNLQDPFDLSHNVAANVTSRVAGRLQNCCRAAANYCRSLQYQRRSSRGRDWGLLPLLQPSSPSSLLSATPIPLPLAPFTQLTAALVQVFREALGCHIEQATKRTRSEGGGTGESSQGGTSKRLKVDGQKNCCEEGKEEQQGCAGDGGEDRVEEMVIEVGEMVQDWAMQSPGQPGDLPLTTGKHGAPGEEGQPSHAALAERGPKGHEAAQEWSQGEAGKGASLPSSASWRCALWHRVWQGRRRARRRLQQQTKEGAGGGAGTRAGWLATEAQVTQELKGLSGGEERPETEPLLSFVASVSPADRMLTVTPLQDPQGLFPDLHHFLQVFLPQAIRHLK,
RNCMPT00079_RNCMPT.pkl,U2AF2,Q15696,MAAPEKMTFPEKPSHKKYRAALKKEKRKKRRQELARLRDSGLSQKEEEEDTFIEEQQLEEEKLLERERQRLHEEWLLREQKAQEEFRIKKEKEEAAKKRQEEQERKLKEQWEEQQRKEREEEEQKRQEKKEKEEALQKMLDQAENELENGTTWQNPEPPVDFRVMEKDRANCPFYSKTGACRFGDRCSRKHNFPTSSPTLLIKSMFTTFGMEQCRRDDYDPDASLEYSEEETYQQFLDFYEDVLPEFKNVGKVIQFKVSCNLEPHLRGNVYVQYQSEEECQAALSLFNGRWYAGRQLQCEFCPVTRWKMAICGLFEIQQCPRGKHCNFLHVFRNPNNEFWEANRDIYLSPDRTGSSFGKNSERRERMGHHDDYYSRLRGRRNPSPDHSYKRNGESERKSSRHRGKKSHKRTSKSRERHNSRSRGRNRDRSRDRSRGRGSRSRSRSRSRRSRRSRSQSSSRSRSRGRRRSGNRDRTVQSPKSK,
RNCMPT00116_RNCMPT.pkl,YBX1,P67809,MSSEAETQQPPAAPPAAPALSAADTKPGTTGSGAGSGGPGGLTSAAPAGGDKKVIATKVLGTVKWFNVRNGYGFINRNDTKEDVFVHQTAIKKNNPRKYLRSVGDGETVEFDVVEGEKGAEAANVTGPGGVPVQGSKYAADRNHYRRYPRRRGPPRNYQQNYQNSESGEKNEGSESAPEGQAQQRRPYRRRRFPPYYMRRPYGRRPQYSNPPVQGEVMEGADNQGAGEQGRPVRQNMYRGYRPRFRRGPPRQRQPREDGNEEDKENQGDETQGQQPPQRRYRRNFNYRRRRPENPKPQDGKETKAADPPAENSSAPEAEQGGAE,
RNCMPT00083_RNCMPT.pkl,YBX1,P67809,MSSEAETQQPPAAPPAAPALSAADTKPGTTGSGAGSGGPGGLTSAAPAGGDKKVIATKVLGTVKWFNVRNGYGFINRNDTKEDVFVHQTAIKKNNPRKYLRSVGDGETVEFDVVEGEKGAEAANVTGPGGVPVQGSKYAADRNHYRRYPRRRGPPRNYQQNYQNSESGEKNEGSESAPEGQAQQRRPYRRRRFPPYYMRRPYGRRPQYSNPPVQGEVMEGADNQGAGEQGRPVRQNMYRGYRPRFRRGPPRQRQPREDGNEEDKENQGDETQGQQPPQRRYRRNFNYRRRRPENPKPQDGKETKAADPPAENSSAPEAEQGGAE,
RNCMPT00084_RNCMPT.pkl,YBX2,Q9Y2T7,MSEVEAAAGATAVPAATVPATAAGVVAVVVPVPAGEPQKGGGAGGGGGAASGPAAGTPSAPGSRTPGNPATAVSGTPAPPARSQADKPVLAIQVLGTVKWFNVRNGYGFINRNDTKEDVFVHQTAIKRNNPRKFLRSVGDGETVEFDVVEGEKGAEATNVTGPGGVPVKGSRYAPNRRKSRRFIPRPPSVAPPPMVAEIPSAGTGPGSKGERAEDSGQRPRRWCPPPFFYRRRFVRGPRPPNQQQPIEGTDRVEPKETAPLEGHQQQGDERVPPPRFRPRYRRPFRPRPRQQPTTEGGDGETKPSQGPADGSRPEPQRPRNRPYFQRRRQQAPGPQQAPGPRQPAAPETSAPVNSGDPTTTILE,
RNCMPT00085_RNCMPT.pkl,ZC3H10,Q96K80,MPDRDSYANGTGSSGGGPGGGGSEEASGAGVGSGGASSDAICRDFLRNVCKRGKRCRYRHPDMSEVSNLGVSKNEFIFCHDFQNKECSRPNCRFIHGSKEDEDGYKKTGELPPRLRQKVAAGLGLSPADLPNGKEEVPICRDFLKGDCQRGAKCKFRHLQRDFEFDARGGGGTGGGSTGSVLPGRRHDLYDIYDLPDRGFEDHEPGPKRRRGGCCPPDGPHFESYEYSLAPPRGVECRLLEEENAMLRKRVEELKKQVSNLLATNEVLLEQNAQFRNQAKVITLSSTAPATEQTLAPTVGTVATFNHGIAQTHTTLSSQALQPRPVSQQELVAPAGAPAAPPTNAAPPAAPPPPPPHLTPEITPLSAALAQTIAQGMAPPPVSMAPVAVSVAPVAPVAVSMAQPLAGITMSHTTTPMVTYPIASQSMRITAMPH,
RNCMPT00086_RNCMPT.pkl,ZC3H14,Q6PJT7,MEIGTEISRKIRSAIKGKLQELGAYVDEELPDYIMVMVANKKSQDQMTEDLSLFLGNNTIRFTVWLHGVLDKLRSVTTEPSSLKSSDTNIFDSNVPSNKSNFSRGDERRHEAAVPPLAIPSARPEKRDSRVSTSSQESKTTNVRQTYDDGAATRLMSTVKPLREPAPSEDVIDIKPEPDDLIDEDLNFVQENPLSQKKPTVTLTYGSSRPSIEIYRPPASRNADSGVHLNRLQFQQQQNSIHAAKQLDMQSSWVYETGRLCEPEVLNSLEETYSPFFRNNSEKMSMEDENFRKRKLPVVSSVVKVKKFNHDGEEEEEDDDYGSRTGSISSSVSVPAKPERRPSLPPSKQANKNLILKAISEAQESVTKTTNYSTVPQKQTLPVAPRTRTSQEELLAEVVQGQSRTPRISPPIKEEETKGDSVEKNQGTQQRQLLSRLQIDPVMAETLQMSQDYYDMESMVHADTRSFILKKPKLSEEVVVAPNQESGMKTADSLRVLSGHLMQTRDLVQPDKPASPKFIVTLDGVPSPPGYMSDQEEDMCFEGMKPVNQTAASNKGLRGLLHPQQLHLLSRQLEDPNGSFSNAEMSELSVAQKPEKLLERCKYWPACKNGDECAYHHPISPCKAFPNCKFAEKCLFVHPNCKYDAKCTKPDCPFTHVSRRIPVLSPKPAVAPPAPPSSSQLCRYFPACKKMECPFYHPKHCRFNTQCTRPDCTFYHPTINVPPRHALKWIRPQTSE,
RNCMPT00087_RNCMPT.pkl,ZCRB1,Q8TBF4,MSGGLAPSKSTVYVSNLPFSLTNNDLYRIFSKYGKVVKVTIMKDKDTRKSKGVAFILFLDKDSAQNCTRAINNKQLFGRVIKASIAIDNGRAAEFIRRRNYFDKSKCYECGESGHLSYACPKNMLGEREPPKKKEKKKKKKAPEPEEEIEEVEESEDEGEDPALDSLSQAIAFQQAKIEEEQKKWKPSSGVPSTSDDSRRPRIKKSTYFSDEEELSD,
RNCMPT00164_RNCMPT.pkl,ZNF638,Q14966,MSRPRFNPRGDFPLQRPRAPNPSGMRPPGPFMRPGSMGLPRFYPAGRARGIPHRFAGHESYQNMGPQRMNVQVTQHRTDPRLTKEKLDFHEAQQKKGKPHGSRWDDEPHISASVAVKQSSVTQVTEQSPKVQSRYTKESASSILASFGLSNEDLEELSRYPDEQLTPENMPLILRDIRMRKMGRRLPNLPSQSRNKETLGSEAVSSNVIDYGHASKYGYTEDPLEVRIYDPEIPTDEVENEFQSQQNISASVPNPNVICNSMFPVEDVFRQMDFPGESSNNRSFFSVESGTKMSGLHISGGQSVLEPIKSVNQSINQTVSQTMSQSLIPPSMNQQPFSSELISSVSQQERIPHEPVINSSNVHVGSRGSKKNYQSQADIPIRSPFGIVKASWLPKFSHADAQKMKRLPTPSMMNDYYAASPRIFPHLCSLCNVECSHLKDWIQHQNTSTHIESCRQLRQQYPDWNPEILPSRRNEGNRKENETPRRRSHSPSPRRSRRSSSSHRFRRSRSPMHYMYRPRSRSPRICHRFISRYRSRSRSRSPYRIRNPFRGSPKCFRSVSPERMSRRSVRSSDRKKALEDVVQRSGHGTEFNKQKHLEAADKGHSPAQKPKTSSGTKPSVKPTSATKSDSNLGGHSIRCKSKNLEDDTLSECKQVSDKAVSLQRKLRKEQSLHYGSVLLITELPEDGCTEEDVRKLFQPFGKVNDVLIVPYRKEAYLEMEFKEAITAIMKYIETTPLTIKGKSVKICVPGKKKAQNKEVKKKTLESKKVSASTLKRDADASKAVEIVTSTSAAKTGQAKASVAKVNKSTGKSASSVKSVVTVAVKGNKASIKTAKSGGKKSLEAKKTGNVKNKDSNKPVTIPENSEIKTSIEVKATENCAKEAISDAALEATENEPLNKETEEMCVMLVSNLPNKGYSVEEVYDLAKPFGGLKDILILSSHKKAYIEINRKAAESMVKFYTCFPVLMDGNQLSISMAPENMNIKDEEAIFITLVKENDPEANIDTIYDRFVHLDNLPEDGLQCVLCVGLQFGKVDHHVFISNRNKAILQLDSPESAQSMYSFLKQNPQNIGDHMLTCSLSPKIDLPEVQIEHDPELEKESPGLKNSPIDESEVQTATDSPSVKPNELEEESTPSIQTETLVQQEEPCEEEAEKATCDSDFAVETLELETQGEEVKEEIPLVASASVSIEQFTENAEECALNQQMFNSDLEKKGAEIINPKTALLPSDSVFAEERNLKGILEESPSEAEDFISGITQTMVEAVAEVEKNETVSEILPSTCIVTLVPGIPTGDEKTVDKKNISEKKGNMDEKEEKEFNTKETRMDLQIGTEKAEKNEGRMDAEKVEKMAAMKEKPAENTLFKAYPNKGVGQANKPDETSKTSILAVSDVSSSKPSIKAVIVSSPKAKATVSKTENQKSFPKSVPRDQINAEKKLSAKEFGLLKPTSARSGLAESSSKFKPTQSSLTRGGSGRISALQGKLSKLDYRDITKQSQETEARPSIMKRDDSNNKTLAEQNTKNPKSTTGRSSKSKEEPLFPFNLDEFVTVDEVIEEVNPSQAKQNPLKGKRKETLKNVPFSELNLKKKKGKTSTPRGVEGELSFVTLDEIGEEEDAAAHLAQALVTVDEVIDEEELNMEEMVKNSNSLFTLDELIDQDDCISHSEPKDVTVLSVAEEQDLLKQERLVTVDEIGEVEELPLNESADITFATLNTKGNEGDTVRDSIGFISSQVPEDPSTLVTVDEIQDDSSDLHLVTLDEVTEEDEDSLADFNNLKEELNFVTVDEVGEEEDGDNDLKVELAQSKNDHPTDKKGNRKKRAVDTKKTKLESLSQVGPVNENVMEEDLKTMIERHLTAKTPTKRVRIGKTLPSEKAVVTEPAKGEEAFQMSEVDEESGLKDSEPERKRKKTEDSSSGKSVASDVPEELDFLVPKAGFFCPICSLFYSGEKAMTNHCKSTRHKQNTEKFMAKQRKEKEQNEAEERSSR,