id,sequence
Q9NQ94,UUGGAGUAGGCCAGCUCAGACCGAACUCAUUUCCUGCCUUUUACCGGAUGUGACCGUGAGUUGGCCUGAAAUACUCCCUAACCCAAUCUUUGGAAACUCUCUGGAUAUCCCAGAUU
Q9UKV8,UGGAGUGUGACAAUGGUGUUU
Q6P6C2,ACACAGGUUUGGUCCUGGCCUUUCUAUUAAUUCUUAAUAAAAUUACACAUGCAAGUAUCCGCGCCCCGGUGAGAAUGCCCUCCAGAUCUUAAAGAUCAAAAGGAGCAGGUAUCAAGCACACCUAUAACGGUAGCUCAUAACGCCUUGCUCAACCACACCCCCACGGGAAACAGCAGUGAUAAAAAUUAAGCCAUGAACGAAAGUUUGACUAAGUUAUAUUAAUUAGAGUUGGUAAAUCUCGUGCCAGCCACCGCGGUCAUACGAUUAACCCAAAUUAAUAGAUCCACGGCGUAAAGAGUGUUUAAGAAAAAAAAUCACAAUAGAGUUAAAUUAUAACUAAGCUGUAAAAAGCCCUAGUUAAAAUAAAAUAACCCACGAAAGUGACUCUAAUAAUCCUGACACACGAUAGCUAGGACCCAAACUGGGAUUAGAUACCCCACUAUGCCUAGCCCUAAACCCAAAUAGUUACAUAACAAAACUAUUCGCCAGAGUACUACUCGCAACUGCCUAAAACUCAAAGGACUUGGCGGUGCUUCACAUCCACCUAGAGGAGCCUGUUCUAUAAUCGAUAAACCCCGAUAGACCUUACCAACCCUUGCCAAUUCAGCCUAUAUACCGCCAUCUUCAGCAAACCCUAAAAAGGAACAAUAGUAAGCACAAUCAUAGCACAUAAAAACGUUAGGUCAAGGUGUAGCUUAUGGGUUGGAAAGAAAUGGGCUACAUUUUCUACAUAAGAAUAUCCACCACACGAAAGUUUUUAUGAAACUAAAAACCAAAGGAGGAUUUAGCAGUAAAUCAAGAAUAGAGUGCUUGAUUGAAUAAGGCCAUGAAGCACGCACACACCGCCCGUCACCCUCCUCAAGCAUGUAGUAAUAAAAAUAACCUAUAUUCAAUUACACAACCAUGCAAGAAGAGACAAGUCGUAACAAGGUAAGCAUACUGGAAAGUGUGCUUGGAUUACC
Q53F19,AUCGCUUCUCGGCCUUUUGGCUAAGAUCAAGUGUAGUAUCUGUUCUUAUCAGUUUAAUAUCUGAUACGUCCUCUAUCCGAGGACAAUAUAUUAAAUGGAUUUUUGGAGCAGGGAGAUGGAAUAGGAGCUUGCUCCGUCCACUCCACGCAUCGACCUGGUAUUGCAGUACCUCCAGGAACGGUGCACCC
Q9Y3I0,GGGAUGCGUAGGAUAGGUGGGAGCCUGUGAACCCCCGCCUCCGGGUGGGGGGGAGGCGCCGGUGAAAUACCACCCUUCCC
Q14444,UUUUUUUUUUUUUUUUUUUUUUUUUUUUUUUUUUUUUUUUUUUUUUUUUUUUUUUUUUUUUUUUUUUUUUUUUUUUUU
Q9BZC1,AUCCUCUCUCAAACAAAACCGAGGUGAUCAGCAAACUCGCGAGCC
Q8N6W0,ACCACAGUAGCUCAGGUGGUAAGAGCAAUCUUUUAAUAAAUGAAGAGGCGCAAAGCAACUCCCUCUGUGAACCACA
Q96J87,AUCCUCUCUCUUCAGC
O95628,UUUUUUUUUUUUUUUUUUUUUUUUUUUUUUU
Q7Z5Q1,UUUUUUUUUUUUUUUUUUUUUUUUUUUUUU
Q17RY0,UUUUUUUUUUUUUUU
Q96EP5,UUUUUUUUUUUUUUUUUUUUUUUUUUUUUUUUUUUUUUUUUUUUUUUUUUUUUUUUUUUUUUUUUUUUUUUUUUUUUU
Q15717,AUUUUUAUUUU
Q15718,AUUUUUAUUUU
Q15719,AUUUUUAUUUU
Q15720,AUUUUUAUUUU
Q15721,AUUUUUAUUUU
Q8TC92,AUACUCUGGUUUCUCUUCAGAUCGCAUAAAUCUUUCGCCUUUUACUAAAGAUUUCCGUGGAGAGGAACAACUCUGAGUCUUAACCCAAUUUUUUGAGGCCUUGCUUUGGCAAGGCUA
Q9H6T0,AAAAAAAAAAAAAAAAAAAAAAAAAAAA
Q01844,UUGGAGUAGGCCAGCUCAGACCGAACUCAUUUCCUGCCUUUUACCGGAUGUGACCGUGAGUUGGCCUGAAAUACUCCCUAACCCAAUCUUUGGAAACUCUCUGGAUAUCCCAGAUU
Q06787,UUCGAUACCAAGAGCUGGUGUCUGAGGGAUUACGACUCGCGUGGUCGGACAGCACAUGUUAGUCAUGUAUUAUGGUGUUUCCCAACACGUAUCUUUGCUCUAGUAUUGAACUUUAGUGAUGAGUGUACUUGGCAUGUACACCUGAUUAGUUAGCCCUUGUGGAUACGCCACUGCCGCUCAGGUACAGUAGGACAUACCCCAAAUAUUGGGUUUUUUUUUUAGAGAAGAAAAUUAGUGGCGAAACGUACGGUUUAUGUCAAAGGAGAAGGUGAUUUUAAUUGCACCUGAAGCAACCCUAGGUCUUCCCUUUGAUGUGAGCUAAUAAGGAGUAACCGAUUCUUACAAUGUGAUCAUGUCUUUUCAACAAACAAAGGAUC
Q96I24,UUCGAUACCAAGAGCUGGUGUCUGAGGGAUUACGACUCGCGUGGUCGGACAGCACAUGUUAGUCAUGUAUUAUGGUGUUUCCCAACACGUAUCUUUGCUCUAGUAUUGAACUUUAGUGAUGAGUGUACUUGGCAUGUACACCUGAUUAGUUAGCCCUUGUGGAUACGCCACUGCCGCUCAGGUACAGUAGGACAUACCCCAAAUAUUGGGUUUUUUUUUUAGAGAAGAAAAUUAGUGGCGAAACGUACGGUUUAUGUCAAAGGAGAAGGUGAUUUUAAUUGCACCUGAAGCAACCCUAGGUCUUCCCUUUGAUGUGAGCUAAUAAGGAGUAACCGAUUCUUACAAUGUGAUCAUGUCUUUUCAACAAACAAAGGAUC
P35637,UUGUAUAAAAAAAAAUAAAAAAAAAAAAAAAAAAUAAAAAAAUUUUAAAAAAAAAAUUUUAUUUAAUAAAUUAAAUAAUAGUAAAAUAUUAAAAAAAAAAUUUAAAAAAAAAAAAAUUAUAAAUAAAAAAAUUUUAAAUUUAUUUUAAAGACUUUUUAAGGAGGAACCUAAUUUAAAAAAAUUAAAAAAUUAAUAGAAAAAAAAUUAUUAGUAAUGAUUUAUUAAAAAAAAGUAUUAAUUAAUUUUAUUAAAAAACAACAAUAAAAAAAAAAUUUUUUAAUUUUUUUGAGUAAAAGAAUUUAAAAAACUAAAAAAAUUUUCAAUUUAUUUGGAAAAUUUU
P51114,UUCGAUACCAAGAGCUGGUGUCUGAGGGAUUACGACUCGCGUGGUCGGACAGCACAUGUUAGUCAUGUAUUAUGGUGUUUCCCAACACGUAUCUUUGCUCUAGUAUUGAACUUUAGUGAUGAGUGUACUUGGCAUGUACACCUGAUUAGUUAGCCCUUGUGGAUACGCCACUGCCGCUCAGGUACAGUAGGACAUACCCCAAAUAUUGGGUUUUUUUUUUAGAGAAGAAAAUUAGUGGCGAAACGUACGGUUUAUGUCAAAGGAGAAGGUGAUUUUAAUUGCACCUGAAGCAACCCUAGGUCUUCCCUUUGAUGUGAGCUAAUAAGGAGUAACCGAUUCUUACAAUGUGAUCAUGUCUUUUCAACAAACAAAGGAUC
P51116,UUUUUUUUUUUUUUUUUUUUUUUUUUCUCCUCUUUUUUUUUUUU
Q13283,UUUUUUUUUUUUUUUUUUUUUUUUUUUUUU
Q9UN86,UUUUUUUUUUUUUUUUUUUUUUUUUUUUUUUUUUUUUUUUUUUU
Q12849,UUUUUUUUUUUUUUUUUUUUUUUUUUUUUU
P09651,UUUUUUUUUUUUUUUUUUUUUUUUUUUUUUUUUUUUUUUUUUUUUUUUUUUUUUUUUUUUUUUUUUUUUUUUUUUUUU
Q32P51,UUGGAGUAGGCCAGCUCAGACCGAACUCAUUUCCUGCCUUUUACCGGAUGUGACCGUGAGUUGGCCUGAAAUACUCCCUAACCCAAUCUUUGGAAACUCUCUGGAUAUCCCAGAUU
P22626,UUGGAGUAGGCCAGCUCAGACCGAACUCAUUUCCUGCCUUUUACCGGAUGUGACCGUGAGUUGGCCUGAAAUACUCCCUAACCCAAUCUUUGGAAACUCUCUGGAUAUCCCAGAUU
P07910,AUACUCUGGUUUCUCUUCAGAUCGCAUAAAUCUUUCGCCUUUUACUAAAGAUUUCCGUGGAGAGGAACAACUCUGAGUCUUAACCCAAUUUUUUGAGGCCUUGCUUUGGCAAGGCUA
O60812,AUACUCUGGUUUCUCUUCAGAUCGCAUAAAUCUUUCGCCUUUUACUAAAGAUUUCCGUGGAGAGGAACAACUCUGAGUCUUAACCCAAUUUUUUGAGGCCUUGCUUUGGCAAGGCUA
P55795,UUGGAGUAGUUCCUCUCAGACCGAGCUCAUUUCCUGCCUUUUGAACUUCG
P61978,UUUUUUUUUUUUUUU
P14866,AUUUUACCAAUUAAGAAGAAUAUUAUAAUAAUGGGUGUCUUAUAUUUUAAAUAAAUAUUUAAAUUCCGUGUAGUAAAUUUAUUAUUUGUAUUAUUUAUAUAAUAGGUGUAUUAUAUUUAAAUUUUAAAUUUGUUGUUUUAUAUUUAGAUACAUAUUUAUAGAUUAAUAUAUUUAAAUAAUAUUUUAAAAUUUAUUGAACUGUAAUGUUACAGUUGUAUGUACCAAAUAAAUAUAGUAAGAUUAUUUUAGUUGAAUUAAUAAAUAAAUAUUUAUUUUUCUUUGUAAAUAUUAUGAACAAUUUAAUUAACUAAAAUGUUUGAAUAUUUAUUUUUAUAUUUUUAGUAGGUAAAUGAAAAGUAUAAAUGGAUAUAACUUAAUAUUUAAUAUUUGUUUAAUGAAAAGUAUUUUAUAUUGUAUAGUAUUAUUAUAGUGUAUAGUUUUUUAAAAAUAUAGUUAAAUAAAGUAUGAAUUAAUAUCAAAAUUUUAAUAAAAAUUAAAAAAUUAAAAUAGGGCAAGUCCUACUCUCCUUUACAAAGAGAACAUUAUAUGUAAUUGUAUGUUUGAUUGGGGCAAUACUAUAUUUAUUUAUAUAGCAUAAGAACUAUAUUCUUUGAAAUUAUAAAAGGAGCAGGUUAACAAGCAUGUGUUUCAUCGUCUCGUUGUAAAGCAGAUUUGUAUAUUUAAUUUUUAUAAUUAAUAAUAAUUAAUAUAAGUACGCAAGGAUUGAUUAUUGAAAAAAGAAAGAAGAAUAUAAUUUA
Q8WVV9,AUACUCUGGUUUCUCUUCAGAUCGCAUAAAUCUUUCGCCUUUUACUAAAGAUUUCCGUGGAGAGGAACAACUCUGAGUCUUAACCCAAUUUUUUGAGGCCUUGCUUUGGCAAGGCUA
P52272,AUACUCUGGUUUCUCUUCAGAUCGCAUAAAUCUUUCGCCUUUUACUAAAGAUUUCCGUGGAGAGGAACAACUCUGAGUCUUAACCCAAUUUUUUGAGGCCUUGCUUUGGCAAGGCUA
Q00839,AUACUCUGGUUUCUCUUCAGAUCGCAUAAAUCUUUCGCCUUUUACUAAAGAUUUCCGUGGAGAGGAACAACUCUGAGUCUUAACCCAAUUUUUUGAGGCCUUGCUUUGGCAAGGCUA
Q9BUJ2,UUUUUUUUUUUUUUUUUUUUUUUUUUUUUUUUUUUUUUUUUUUU
Q9NZI8,UUCGAUACCAAGAGCUGGUGUCUGAGGGAUUACGACUCGCGUGGUCGGACAGCACAUGUUAGUCAUGUAUUAUGGUGUUUCCCAACACGUAUCUUUGCUCUAGUAUUGAACUUUAGUGAUGAGUGUACUUGGCAUGUACACCUGAUUAGUUAGCCCUUGUGGAUACGCCACUGCCGCUCAGGUACAGUAGGACAUACCCCAAAUAUUGGGUUUUUUUUUUAGAGAAGAAAAUUAGUGGCGAAACGUACGGUUUAUGUCAAAGGAGAAGGUGAUUUUAAUUGCACCUGAAGCAACCCUAGGUCUUCCCUUUGAUGUGAGCUAAUAAGGAGUAACCGAUUCUUACAAUGUGAUCAUGUCUUUUCAACAAACAAAGGAUC
Q9Y6M1,UUCGAUACCAAGAGCUGGUGUCUGAGGGAUUACGACUCGCGUGGUCGGACAGCACAUGUUAGUCAUGUAUUAUGGUGUUUCCCAACACGUAUCUUUGCUCUAGUAUUGAACUUUAGUGAUGAGUGUACUUGGCAUGUACACCUGAUUAGUUAGCCCUUGUGGAUACGCCACUGCCGCUCAGGUACAGUAGGACAUACCCCAAAUAUUGGGUUUUUUUUUUAGAGAAGAAAAUUAGUGGCGAAACGUACGGUUUAUGUCAAAGGAGAAGGUGAUUUUAAUUGCACCUGAAGCAACCCUAGGUCUUCCCUUUGAUGUGAGCUAAUAAGGAGUAACCGAUUCUUACAAUGUGAUCAUGUCUUUUCAACAAACAAAGGAUC
Q96M15,GUUAAUGUAGCUUAAAUUAUCAAAGCAAGGCACUGAAAAUGCCUAGAUGAGCCUCACAGCUCCAUAAACACCA
O00425,UUCGAUACCAAGAGCUGGUGUCUGAGGGAUUACGACUCGCGUGGUCGGACAGCACAUGUUAGUCAUGUAUUAUGGUGUUUCCCAACACGUAUCUUUGCUCUAGUAUUGAACUUUAGUGAUGAGUGUACUUGGCAUGUACACCUGAUUAGUUAGCCCUUGUGGAUACGCCACUGCCGCUCAGGUACAGUAGGACAUACCCCAAAUAUUGGGUUUUUUUUUUAGAGAAGAAAAUUAGUGGCGAAACGUACGGUUUAUGUCAAAGGAGAAGGUGAUUUUAAUUGCACCUGAAGCAACCCUAGGUCUUCCCUUUGAUGUGAGCUAAUAAGGAGUAACCGAUUCUUACAAUGUGAUCAUGUCUUUUCAACAAACAAAGGAUC
Q12906,UUCGAUACCAAGAGCUGGUGUCUGAGGGAUUACGACUCGCGUGGUCGGACAGCACAUGUUAGUCAUGUAUUAUGGUGUUUCCCAACACGUAUCUUUGCUCUAGUAUUGAACUUUAGUGAUGAGUGUACUUGGCAUGUACACCUGAUUAGUUAGCCCUUGUGGAUACGCCACUGCCGCUCAGGUACAGUAGGACAUACCCCAAAUAUUGGGUUUUUUUUUUAGAGAAGAAAAUUAGUGGCGAAACGUACGGUUUAUGUCAAAGGAGAAGGUGAUUUUAAUUGCACCUGAAGCAACCCUAGGUCUUCCCUUUGAUGUGAGCUAAUAAGGAGUAACCGAUUCUUACAAUGUGAUCAUGUCUUUUCAACAAACAAAGGAUC
Q07666,AUACUCUGGUUUCUCUUCAGAUCGCAUAAAUCUUUCGCCUUUUACUAAAGAUUUCCGUGGAGAGGAACAACUCUGAGUCUUAACCCAAUUUUUUGAGGCCUUGCUUUGGCAAGGCUA
Q5VWX1,AUACUCUGGUUUCUCUUCAGAUCGCAUAAAUCUUUCGCCUUUUACUAAAGAUUUCCGUGGAGAGGAACAACUCUGAGUCUUAACCCAAUUUUUUGAGGCCUUGCUUUGGCAAGGCUA
O75525,AUACUCUGGUUUCUCUUCAGAUCGCAUAAAUCUUUCGCCUUUUACUAAAGAUUUCCGUGGAGAGGAACAACUCUGAGUCUUAACCCAAUUUUUUGAGGCCUUGCUUUGGCAAGGCUA
Q92945,UUCGAUACCAAGAGCUGGUGUCUGAGGGAUUACGACUCGCGUGGUCGGACAGCACAUGUUAGUCAUGUAUUAUGGUGUUUCCCAACACGUAUCUUUGCUCUAGUAUUGAACUUUAGUGAUGAGUGUACUUGGCAUGUACACCUGAUUAGUUAGCCCUUGUGGAUACGCCACUGCCGCUCAGGUACAGUAGGACAUACCCCAAAUAUUGGGUUUUUUUUUUAGAGAAGAAAAUUAGUGGCGAAACGUACGGUUUAUGUCAAAGGAGAAGGUGAUUUUAAUUGCACCUGAAGCAACCCUAGGUCUUCCCUUUGAUGUGAGCUAAUAAGGAGUAACCGAUUCUUACAAUGUGAUCAUGUCUUUUCAACAAACAAAGGAUC
Q71RC2,AUUGGUCGGCUGGACGAGGGGAGGAGCCGCUGGCUCCCAGCCCCGCCGCGAUGAGCCUCGGCCGCCUUUGCCGCCUACUGAAGCCGGCGCUGCUCUGUGGGGCUCUGGCCGCGCCUGGCCUGGCCGGGACCAUGUGCGCGUCCCGGGACGACUGGCGCUGUGCGCGCUCCAUGCACGAGUUUUCCGCCAAGGACAUCGACGGGCACAUGGUUAACCUGGACAAGUACCGGGGCUUCGUGUGCAUCGUCACCAACGUGGCCUCCCAGUGAGGCAAGACCGAAGUAAACUACACUCAGCUCGUCGACCUGCACGCCCGAUACGCUGAGUGUGGUUUGCGGAUCCUGGCCUUCCCGUGUAACCAGUUCGGGAAGCAGGAGCCAGGGAGUAACGAAGAGAUCAAAGAGUUCGCCGCGGGCUACAACGUCAAAUUCGAUAUGUUCAGCAAGAUCUGCGUGAACGGGGACGACGCCCACCCGCUGUGGAAGUGGAUGAAGAUCCAACCCAAGGGCAAGGGCAUCCUGGGAAAUGCCAUCAAGUGGAACUUCACCAAGUUCCUCAUCGACAAGAACGGCUGCGUGGUGAAGCGCUACGGACCCAUGGAGGAGCCCCUGGUGAUAGAGAAGGACCUGCCCCACUAUUUCUAGCUCCACAAGUGUGUGGCCCCGCCCGAGCCCCUGCCCACGCCCUUGGAGCCUUCCACCGGCACUCAUGACGGUCUGCCUGAAAACCAGCCCGCUGACGGGGCAGUCCCGAAAAUCCAGCGUGCACCCCGCCGGAGGAAGGUCCCAUGGCCUGCUGGGCUUGGCUCGGCGCCCCCACCCCUGGCUACCUUGUGGGAAUAAACAGACAAAUUAG
Q4G0J3,GUCUACGGCCAUACCACCCUGAACGCGCCCGAUCUCGUCUGAUCUCGGAAGCUAAGCAGGGUCGGGCCUGGUUAGUACUUGGAUGGGAGACCGCCUGGGAAUACCGGGUGCUGUAGGCUU
Q9H9Z2,GGUAGUAGUUUGUACAGUUUGAGGGUCUCCAAAACCACCCGGUACUAGAGAUAACUGUACAGGCCACUG
P43243,UUGGAGUAGGCCAGCUCAGACCGAACUCAUUUCCUGCCUUUUACCGGAUGUGACCGUGAGUUGGCCUGAAAUACUCCCUAACCCAAUCUUUGGAAACUCUCUGGAUAUCCCAGAUU
Q9NR56,AUACUCUGGUUUCUCUUCAGAUCGCAUAAAUCUUUCGCCUUUUACUAAAGAUUUCCGUGGAGAGGAACAACUCUGAGUCUUAACCCAAUUUUUUGAGGCCUUGCUUUGGCAAGGCUA
O43347,AUACUCUGGUUUCUCUUCAGAUCGCAUAAAUCUUUCGCCUUUUACUAAAGAUUUCCGUGGAGAGGAACAACUCUGAGUCUUAACCCAAUUUUUUGAGGCCUUGCUUUGGCAAGGCUA
Q15233,UUUUUUUUUUUUUUUUUUUUUUUUUUUUUU
P11940,UUUUUUUUUUUUUUUUUUUUUUUUUUUUUUUUUUUUU
Q9H361,UUUUUUUUUUUUUUUUUUUUUUUUUUUUUUUUUUUUU
Q13310,UUUUUUUUUUUUUUUUUUUUUUUUUUUUUUUUUUUUU
Q96DU9,AAAAAAAAAAA
Q86U42,AUACUCUGGUUUCUCUUCAGAUCGCAUAAAUCUUUCGCCUUUUACUAAAGAUUUCCGUGGAGAGGAACAACUCUGAGUCUUAACCCAAUUUUUUGAGGCCUUGCUUUGGCAAGGCUA
Q15365,UUCACUAACAA
Q15366,UUCUAUACCAA
P26599,AUCGCUUCUCGGCCUUUUGGCUAAGAUCAAGUGUAGUAUCUGUUCUUAUCAGUUUAAUAUCUGAUACGUCCUCUAUCCGAGGACAAUAUAUUAAAUGGAUUUUUGGAGCAGGGAGAUGGAAUAGGAGCUUGCUCCGUCCACUCCACGCAUCGACCUGGUAUUGCAGUACCUCCAGGAACGGUGCACCC
Q96PU8,AAAAAUGUGAUCUUGCUUGUAAAUACAAUUUUGAGAGGUUAAUAAAUUACAAGUAGUGCUAUUUUUGUAUUUAGGUUAGCUAUUUAGCUUUACGUUCCAGGAUGCCUAGUGGCAGCCCCACAAUAUCCAGGAAGCCCUCUCUACGGUUUUUCAGAUUAGGUAGUCGAAAAACCUAAGAAAUUUACCUGCU
Q9UKM9,AGCGCCGUGACGCAGUGGAAGCGCGCAGGGCUCAUAACCCUGAUGUCCUCGGAUCGAAACCGAGCGGCGCUACCA
Q9NWB1,UUUUUUUUUUUUUUUUUUUUUUUUUUUUUUUUUUUUUUUUUUUUUUUUUUUUUUUUUUUUUUUUUUUUUUUUUUUUUU
O43251,UUUUUUUUUUUUUUUUUUUUUUUUUUUUUUUUUUUUUUUUUUUUUUUUUUUUUUUUUUUUUUUUUUUUUUUUUUUUUU
P98179,UUUUUUUUUUUUUUUUUUUUUUUUUUUUUUUUUUUUUUUUUUUUUUUUUUUUUUUUUUUUUUUUUUUUUUUUUUUUUU
Q9BWF3,UUGGAGUAGGCCAGCUCAGACCGAACUCAUUUCCUGCCUUUUACCGGAUGUGACCGUGAGUUGGCCUGAAAUACUCCCUAACCCAAUCUUUGGAAACUCUCUGGAUAUCCCAGAUU
P52756,AUACUUACCUUAAGAUAUCAGAGGAGAUCAAGAAGUCCUACUGAUCAAACAUGCGCUUCCAAUAGUAGAAGGACGUUAAGCAUUUAUCAUUGAACUAUAAUUGUUCAUUGAAGUCAUUGAUGCAAACUCCUUGGUCACACACACAUACGGCGCGGAAGGCGUGUUUGCUGACGUUUCCAUUCCCUUGUUUCAAUCAUUGGUUAAUCCCUUGAUUCCUUUGGGGAUUUUUGGGUUAAACUGAUUUUUGGGGCCCUUUGUUUCUUCUGCCUGGAGAAGUUUGACACCAAAUUCAAAUUGGUGUUAGGGGAGCUGGGGCCUUUCAAAAGAGAGCUUUGUAGAGGCAUUCUUUUUGACUACUUUUCUCUAGCGUGCCAUUUUAGUUUUUGACGGCAGAUUCGAAUGAACUUAAGUUUAUGAUGAAGGUAUGGCUGUUGAGAUUAUUUGGUCGGGAUUGUAGUUUGAAGAUGUGCUCUUUUGAGCAGUCUCAACUUUGCUCGUUCCCGUUAUGGGAAAAAUUUUGGAAGGUCUUGGUAGGAACGGGUGGAUCUUAUAAUUUUUGAUUUAUUUU
Q9Y5S9,GGUUGCGGCCAUAUCUACCAGAAAGCACCGUUUCCCGUCCGAUCAACUGUAGUUAAGCUGGUAAGAGCCUGACCGAGUAGUGUAGUGGGUGACCAUACGCGAAACUCAGGUGCUGCAAUCU
Q96T37,UUGGAGUAGGCCAGCUCAGACCGAACUCAUUUCCUGCCUUUUACCGGAUGUGACCGUGAGUUGGCCUGAAAUACUCCCUAACCCAAUCUUUGGAAACUCUCUGGAUAUCCCAGAUU
Q9NW64,AUACUCUGGUUUCUCUUCAGAUCGCAUAAAUCUUUCGCCUUUUACUAAAGAUUUCCGUGGAGAGGAACAACUCUGAGUCUUAACCCAAUUUUUUGAGGCCUUGCUUUGGCAAGGCUA
Q9BX46,AUUUUACCAAUUAAGAAGAAUAUUAUAAUAAUGGGUGUCUUAUAUUUUAAAUAAAUAUUUAAAUUCCGUGUAGUAAAUUUAUUAUUUGUAUUAUUUAUAUAAUAGGUGUAUUAUAUUUAAAUUUUAAAUUUGUUGUUUUAUAUUUAGAUACAUAUUUAUAGAUUAAUAUAUUUAAAUAAUAUUUUAAAAUUUAUUGAACUGUAAUGUUACAGUUGUAUGUACCAAAUAAAUAUAGUAAGAUUAUUUUAGUUGAAUUAAUAAAUAAAUAUUUAUUUUUCUUUGUAAAUAUUAUGAACAAUUUAAUUAACUAAAAUGUUUGAAUAUUUAUUUUUAUAUUUUUAGUAGGUAAAUGAAAAGUAUAAAUGGAUAUAACUUAAUAUUUAAUAUUUGUUUAAUGAAAAGUAUUUUAUAUUGUAUAGUAUUAUUAUAGUGUAUAGUUUUUUAAAAAUAUAGUUAAAUAAAGUAUGAAUUAAUAUCAAAAUUUUAAUAAAAAUUAAAAAAUUAAAAUAGGGCAAGUCCUACUCUCCUUUACAAAGAGAACAUUAUAUGUAAUUGUAUGUUUGAUUGGGGCAAUACUAUAUUUAUUUAUAUAGCAUAAGAACUAUAUUCUUUGAAAUUAUAAAAGGAGCAGGUUAACAAGCAUGUGUUUCAUCGUCUCGUUGUAAAGCAGAUUUGUAUAUUUAAUUUUUAUAAUUAAUAAUAAUUAAUAUAAGUACGCAAGGAUUGAUUAUUGAAAAAAGAAAGAAGAAUAUAAUUUA
Q9NW13,GUCUACGGCCAUACCACCCUGAACGCGCCCGAUCUCGUCUGAUCUCGGAAGCUAAGCAGGGUCGGGCCUGGUUAGUACUUGGAUGGGAGACCGCCUGGGAAUACCGGGUGCUGUAGGCUU
Q96IZ5,AAAGGUUUGGUCCUGGCCUUAUAAUUAAUUAGAGGUAAAAUUACACAUGCAAACCUCCAUAGACCGGUGUAAAAUCCCUUAAACAUUUACUUAAAAUUUAAGGAGAGGGUAUCAAGCACAUUAAAAUAGCUUAAGACACCUUGCCUAGCCACACCCCCACGGGACUCAGCAGUGAUAAAUAUUAAGCAAUAAACGAAAGUUUGACUAAGUUAUACCUCUUAGGGUUGGUAAAUUUCGUGCCAGCCACCGCGGUCAUACGAUUAACCCAAACUAAUUAUCUUCGGCGUAAAACGUGUCAACUAUAAAUAAAUAAAUAGAAUUAAAAUCCAACUUAUAUGUGAAAAUUCAUUGUUAGGACCUAAACUCAAUAACGAAAGUAAUUCUAGUCAUUUAUAAUACACGACAGCUAAGACCCAAACUGGGAUUAGAUACCCCACUAUGCUUAGCCAUAAACCUAAAUAAUUAAAUUUAACAAAACUAUUUGCCAGAGAACUACUAGCCAUAGCUUAAAACUCAAAGGACUUGGCGGUACUUUAUAUCCAUCUAGAGGAGCCUGUUCUAUAAUCGAUAAACCCCGCUCUACCUCACCAUCUCUUGCUAAUUCAGCCUAUAUACCGCCAUCUUCAGCAAACCCUAAAAAGGUAUUAAAGUAAGCAAAAGAAUCAAACAUAAAAACGUUAGGUCAAGGUGUAGCCAAUGAAAUGGGAAGAAAUGGGCUACAUUUUCUUAUAAAAGAACAUUACUAUACCCUUUAUGAAACUAAAGGACUAAGGAGGAUUUAGUAGUAAAUUAAGAAUAGAGAGCUUAAUUGAAUUGAGCAAUGAAGUACGCACACACCGCCCGUCACCCUCCUCAAAUUAAAUUAAACUUAACAUAAUUAAUUUCUAGACAUCCGUUUAUGAGAGGAGAUAAGUCGUAACAAGGUAAGCAUACUGGAAAGUGUGCUUGGAAUAAUC
Q9BTD8,AUCGCUUCUCGGCCUUUUGGCUAAGAUCAAGUGUAGUAUCUGUUCUUAUCAGUUUAAUAUCUGAUACGUCCUCUAUCCGAGGACAAUAUAUUAAAUGGAUUUUUGGAGCAGGGAGAUGGAAUAGGAGCUUGCUCCGUCCACUCCACGCAUCGACCUGGUAUUGCAGUACCUCCAGGAACGGUGCACCC
Q8IUH3,UUCUUUUUUUUU
Q8TBY0,AAAAAAAAAAAAAAAAAAAAAAAAAAAA
P29558,AUACUCUGGUUUCUCUUCAGAUCGCAUAAAUCUUUCGCCUUUUACUAAAGAUUUCCGUGGAGAGGAACAACUCUGAGUCUUAACCCAAUUUUUUGAGGCCUUGCUUUGGCAAGGCUA
Q6XE24,AGCCGGUCUGGAACAGUACCCAGGUGCAGUCACAUCAAGUAGGUUUUGGUUCACUUC
Q9UPU9,UUUUUUUUUUUUUUUUUUUUUUUUUUCUCCUCUUUUUUUUUUUU
Q15020,AUACUCUGGUUUCUCUUCAGAUCGCAUAAAUCUUUCGCCUUUUACUAAAGAUUUCCGUGGAGAGGAACAACUCUGAGUCUUAACCCAAUUUUUUGAGGCCUUGCUUUGGCAAGGCUA
Q12874,AUCGCUUCUCGGCCUUUUGGCUAAGAUCAAGUGUAGUAUCUGUUCUUAUCAGUUUAAUAUCUGAUACGUCCUCUAUCCGAGGACAAUAUAUUAAAUGGAUUUUUGGAGCAGGGAGAUGGAAUAGGAGCUUGCUCCGUCCACUCCACGCAUCGACCUGGUAUUGCAGUACCUCCAGGAACGGUGCACCC
Q15427,AAAAAAAAAAA
P23246,AUACUCUGGUUUCUCUUCAGAUCGCAUAAAUCUUUCGCCUUUUACUAAAGAUUUCCGUGGAGAGGAACAACUCUGAGUCUUAACCCAAUUUUUUGAGGCCUUGCUUUGGCAAGGCUA
P08621,AUACUCUGGUUUCUCUUCAGAUCGCAUAAAUCUUUCGCCUUUUACUAAAGAUUUCCGUGGAGAGGAACAACUCUGAGUCUUAACCCAAUUUUUUGAGGCCUUGCUUUGGCAAGGCUA
P09012,AUCGCUUCUCGGCCUUUUGGCUAAGAUCAAGUGUAGUAUCUGUUCUUAUCAGUUUAAUAUCUGAUACGUCCUCUAUCCGAGGACAAUAUAUUAAAUGGAUUUUUGGAGCAGGGAGAUGGAAUAGGAGCUUGCUCCGUCCACUCCACGCAUCGACCUGGUAUUGCAGUACCUCCAGGAACGGUGCACCC
Q07955,UUAGGUAGAGGG
Q07956,UUAGGUAGAGGG
Q07957,UUAGGUAGAGGG
Q07958,UUAGGUAGAGGG
Q07959,UUAGGUAGAGGG
Q07960,UUAGGUAGAGGG
Q01130,AUUCAAGUCGCUGUUGUAGUUGCACAGACAACUCAUUUUACAGGACGGGAAAGGUACAAAGUUCCUUUAGACUGUAGCUGAAUCAAGGUUCUACAAUUGAUCUAGCCUUCAUGAGAUUUGGCUGCGCGUGCUAUUAGAUUAGAGGACUUUGUUGAUUAUGGGUGGUUCG
Q13243,AUUCCUCAAGUAAACAAUGCGGGUUGGUGGAAUGUUAAAUUGCUUUUUAUUUUGUUGGUAUUUCUAUUACCUUGUAUCUAUAGAAAAUUUCUGUCUUGUUUUUCUCCUCUCUGAUAUUUGAUUCACUGCGCUUUUAAAUUUUUGGUUGUUGUGAAUCUUCAAGGGUUGAUUGAAUUUUCUGAUUGCUUGCCCCCUAUUUGACAAUUCUUUUUUUUCUACCUUUUUUAUUUG
Q13247,AUACUCUGGUUUCUCUUCAGAUCGCAUAAAUCUUUCGCCUUUUACUAAAGAUUUCCGUGGAGAGGAACAACUCUGAGUCUUAACCCAAUUUUUUGAGGCCUUGCUUUGGCAAGGCUA
Q16629,AUUCCUCCAGACAACAAAGCGCUAAGGUGAAACAUUUGUCUGCUCUGUAGUUUGGGGGUAUUGAUAUGAGGGAUUAUAGUCGUGUAAGUUCUGUCUGCUUGCUUUCCUCUCUGAGAUUGGAAACUGACUAAUUUUAGAAAGAUGGGGGUUGGUGCUCUCGGAAGGUUAA
Q13242,UUGUUGUUUUUUUUU
O75494,AUACUUACCUUAAGAUAUCAGAGGAGAUCAAGAAGUCCUACUGAUCAAACAUGCGCUUCCAAUAGUAGAAGGACGUUAAGCAUUUAUCAUUGAACUAUAAUUGUUCAUUGAAGUCAUUGAUGCAAACUCCUUGGUCACACACACAUACGGCGCGGAAGGCGUGUUUGCUGACGUUUCCAUUCCCUUGUUUCAAUCAUUGGUUAAUCCCUUGAUUCCUUUGGGGAUUUUUGGGUUAAACUGAUUUUUGGGGCCCUUUGUUUCUUCUGCCUGGAGAAGUUUGACACCAAAUUCAAAUUGGUGUUAGGGGAGCUGGGGCCUUUCAAAAGAGAGCUUUGUAGAGGCAUUCUUUUUGACUACUUUUCUCUAGCGUGCCAUUUUAGUUUUUGACGGCAGAUUCGAAUGAACUUAAGUUUAUGAUGAAGGUAUGGCUGUUGAGAUUAUUUGGUCGGGAUUGUAGUUUGAAGAUGUGCUCUUUUGAGCAGUCUCAACUUUGCUCGUUCCCGUUAUGGGAAAAAUUUUGGAAGGUCUUGGUAGGAACGGGUGGAUCUUAUAAUUUUUGAUUUAUUUU
Q92804,UUGUUUUUUUUUUUUUUUUUUUUUUUUUUUUUUUUUUUUUUUUUUUUUUUUUUUUUUUUUUUUUUUUUUUUUUUUUUU
Q16514,CGUGGUUGGUGAACAGACCUCUUACAAGAGUGUCUAGGUGCCUUUGAGAGUUACUCUUUGCUCUCUUCGGAAGAACCCUUAGGGGUUCGUGCAUGGGCUUGCAUAGCAAGUCUUAGAAUGCGGGUACCGUACAGUGUUGAAAAACACUGUAAAUCUCUAAAAGAGACCA
Q13148,UUCCGUUUCUUUCUCUAAGUCC
P31483,UUCCUCUGUAUUCUCAAAUUCCUCUGC
Q01085,UUCCUCUUCUUUAUCAAAUUCGUCUGCUUGAA
Q13595,UUUUUUUUUUUUUUUUUUUUUUUUUUUUUUUUUUUUUUUUUUUU
P62995,UUUUUUUUUUUUUUUUUUUUUUUUUUUUUUUUUUUUUUUUUUUU
Q9H6E5,GUGCUCGCUUCGGCAGCACAUACACUGCGCCACAGACGAUACUGGUGCGUAUAGCUGGGCAGACGCUGACCGAUUCCCGCACGAUUCGUGCGAAUCUCCAUCCUCU
Q01081,UUUUUUUUUUUUUUUUUUUUUUUUUUUUUUUUUUUUU
Q8WU68,UUUUUUUUUUUUUUUUUUUUUUUUUUUUUU
Q15696,AUACUUACCUUAAGAUAUCAGAGGAGAUCAAGAAGUCCUACUGAUCAAACAUGCGCUUCCAAUAGUAGAAGGACGUUAAGCAUUUAUCAUUGAACUAUAAUUGUUCAUUGAAGUCAUUGAUGCAAACUCCUUGGUCACACACACAUACGGCGCGGAAGGCGUGUUUGCUGACGUUUCCAUUCCCUUGUUUCAAUCAUUGGUUAAUCCCUUGAUUCCUUUGGGGAUUUUUGGGUUAAACUGAUUUUUGGGGCCCUUUGUUUCUUCUGCCUGGAGAAGUUUGACACCAAAUUCAAAUUGGUGUUAGGGGAGCUGGGGCCUUUCAAAAGAGAGCUUUGUAGAGGCAUUCUUUUUGACUACUUUUCUCUAGCGUGCCAUUUUAGUUUUUGACGGCAGAUUCGAAUGAACUUAAGUUUAUGAUGAAGGUAUGGCUGUUGAGAUUAUUUGGUCGGGAUUGUAGUUUGAAGAUGUGCUCUUUUGAGCAGUCUCAACUUUGCUCGUUCCCGUUAUGGGAAAAAUUUUGGAAGGUCUUGGUAGGAACGGGUGGAUCUUAUAAUUUUUGAUUUAUUUU
Q15695,AAAAAGGGCUUCUGUCGUGAGUGGCACACGUAGGGCAACUCGAUUGCUCUGCGUGCGGAAUCGACAUCAAGGGAUUUCGGAAGCAUAAUUUUUUGGUAUUUGGGCAGCUGGUGAUCGUUGGUCCCGGCGCCCUUU
P26368,UUUUUUUUUUUUUUUUUUUUUUUUUUUUUUUUUUUUUUUUUUUU
P67809,AAAAAUGUGAUCUUGCUUGUAAAUACAAUUUUGAGAGGUUAAUAAAUUACAAGUAGUGCUAUUUUUGUAUUUAGGUUAGCUAUUUAGCUUUACGUUCCAGGAUGCCUAGUGGCAGCCCCACAAUAUCCAGGAAGCCCUCUCUACGGUUUUUCAGAUUAGGUAGUCGAAAAACCUAAGAAAUUUACCUCUU
Q9Y2T7,AUACUCUGGUUUCUCUUCAGAUCGCAUAAAUCUUUCGCCUUUUACUAAAGAUUUCCGUGGAGAGGAACAACUCUGAGUCUUAACCCAAUUUUUUGAGGCCUUGCUUUGGCAAGGCUA
Q96K80,UUCCUUACCAAAACAGCACCCUCAC
Q6PJT7,AAAAAAAAAAAAAAAAAAAAAAAAAAAA
Q9UGR2,AUAGGUUUGGUCCUAGCCUUUCUAUUAGCUCUUAGUAAGAUUACACAUGCAAGCAUCCCCGUUCCAGUGAGUUCACCCUCUAAAUCGAUCAAAAGGAACAAGCAUCAAGCACGCAGCAAUGCAGCUCAAAACGCUUAGCCUAGCCACACCCCCACGGGAAACAGCAGUGAUUAACCUUUAGCAAUAAACGAAAGUUUAACUAAGCUAUACUAACCCCAGGGUUGGUCAAUUUCGUGCCAGCCACCGCGGUCACACGAUUAACCCAAGUCAAUAGACCGGCGUAAAGAGUGUUUUAGAUCACAAUAAAGCUAAAACUCACCUGAGUUGUAAAAAACUCCAGUUGACACAAAAUAGACUACGAAAGUGGCUUUAACAUAUCUGAACACACAAUAGCUAAGACCCAAACUGGGAUUAGAUACCCCACUAUGCUUAGCCCUAAACCUCAACAGUUCAACAAAACUGCUCGCCAGAACACUACGAGCCACAGCUUAAAACUCAAAGGACCUGGCGGUGCUUCAUAUCCCUCUAGAGGAGCCUGUUCUGUAAUCGAUAAACCCCGAUCAACCUCACCACCUCUUGCUCAGCCUAUAUACCGCCAUCUUCAGCAAACCCUGAUGAAGGCUACAAAGUAAGCGCAAGUACCCACGUAAAGACGUUAGGUCAAGGUGUAGCCCAUGAGGUGGCAAGAAAUGGGCUACAUUUUCUACCCCAGAAACGAUAGCCCUUAUGAAAUAAGGGUCGAAGGUGGAUUUAGCAGUAAACUAAGAGUAGAGUGCUUAGUUGAACAGGGCCCUGAAGCGCGUACACACCGCCCGUCACCCUCCUCAAGUAUACUUCAAAGGACUUAACUAAAACCCCUACGCAUUUAUAUAGAGGAGACGUCGUAACAUGGUAAGUGUACUGGAAAGUGCACUUGGACGAAC
Q8TBF4,CCUGGUAUUGCAGUACCUCCAGGU