id,sequence
Q9NQ94,AAAAAAAAAAAG
Q9BZC1,AAUCCAUUGCUCUCCUUUUUUUCCU
Q8N6W0,AUCGCUUCUCGGCCUUUUGGCUAAGGCGGCUCUUUCUUCUCU
Q96J87,AAUAUUUUUUUUUUUUUUUUUUUUUGCAUUUUUUUUUUUCUUUU
O95628,ACAAUAACAACAAAAAAAAACAUGCCUCUGUUUAAUUUUCAA
Q7Z5Q1,AAUAAAAAAAAAAAAAAAAAAAAAAAAA
Q17RY0,UAAUAAAAUAAAAUAAAAAA
Q96EP5,GGGAUUUUAAGUUUAGUUUAGU
Q15717,GUUGUUUUGUUU
Q15718,AUUUUUAUUUU
Q15719,GUUGUUUUUUUU
Q15720,AUUUUUAUUUU
Q15721,UUUUUUUGAGCACGUGAA
Q8TC92,AUACUCUGGUUUCUCUUCAGAUCGCAUAAAUCUUUCGCCUUUUACUAAAGAUUUCCGUGGAGAGGAACAACUCUGAGUCUUAACCCAAUUUUUUGAGGCCUUGCUUUGGCAAGGCUA
Q9H6T0,AUACUCUGGUUUCUCUUCAGAUCGCAUAAAUCUUUCGCCUUUUACUAAAGAUUUCCGUGGAGAGGAACAACUCUGAGUCUUAACCCAAUUUUUUGAGGCCUUGCUUUGGCAAGGCUA
Q06787,GGCGCAUAAAGAUGAGACGCGUUCGGGUCAAAGCUUAAGCAAGUUUCAAUAAAAUUAAAAGUUCCAUGUAAUAACGUUAAAAAGAACCUUCCAAAAAAUUGAAGGCCUAGAAGAAAAAUGCAUUUUCAUAAAAUUCACUUUUGCAGUGAGCGCAAUUACUUA
P35637,UUUUUUUUUUUUUUUUUUUUUUUUUUUUUUUUUUUUUUUUUUUUUUUUUUUUUUUUUUUUUUUUUUUUUUUUUUUUUUUUUUUUUUUUUUUUUUUUUUU
P51114,AUACUCUGGUUUCUCUUCAGAUCGCAUAAAUCUUUCGCCUUUUACUAAAGAUUUCCGUGGAGAGGAACAACUCUGAGUCUUAACCCAAUUUUUUGAGGCCUUGCUUUGGCAAGGCUA
P51116,GUUGUCGGCCAUACUAAGGUGAAAACACCGGAUCCCAUUCGAACUCCGAAGUUAAGCGCCUUAAGGCUGGGUUAGUAGUAAGGUGGGGGACCGCUUGGGAAGUCCCAGUGUCGAUAGCCU
Q9UN86,UUUUUUUUUUUUUUUUUUUUUUUUUUUUUUU
P09651,UUUUUUUUUUUUUUUUUUUUUUUUUUUUUUUUUUUUUUUUUUUUUUUUUUUUUUUUUUUUUUUUUUUUUUUUUUUUUU
Q32P51,UUUUUAAUUUUUUUU
P22626,UUUUUUUUUUUUUUU
P07910,AUACUCUGGUUUCUCUUCAGAUCGCAUAAAUCUUUCGCCUUUUACUAAAGAUUUCCGUGGAGAGGAACAACUCUGAGUCUUAACCCAAUUUUUUGAGGCCUUGCUUUGGCAAGGCUA
O60812,AUACUCUGGUUUCUCUUCAGAUCGCAUAAAUCUUUCGCCUUUUACUAAAGAUUUCCGUGGAGAGGAACAACUCUGAGUCUUAACCCAAUUUUUUGAGGCCUUGCUUUGGCAAGGCUA
P55795,AAUAUUUUUUUUUUUUUUUUUUUUUUUUUUUUUUUUUUUUUUUUUUUUUUUUUUUUUUUUUUUUUUUUUUUUUUUUUUUUUUUUUUUAUUUUUUUUUUU
P61978,UAUAUAAUAGAAUAAGAUAAG
P14866,GGCUCUGUGGCGCAAUGGAUAGCGCAUUGGACUUCUAGAUAGUUAGAGAAAUUCAAAGGUUGUGGGUUCGAGUAUUUCCAGAGUCGCCA
Q8WVV9,GGUUGAAAUUUACGCCGGUUAGACGAAGAUGCAUGCUCCGGCGUAACUAAUCUACAUGUUGGCCCACAAAAUGACUGCAUCAGUUA
Q9Y6M1,GUCGAUGCGAGAAGCUUGAGUCUGAUCUGACUUCAUGAGAUGUAUCCAUCGUAAUUCUUGGCCACCUUAUAUCACACCUAGUGU
O00425,GUUGUUUUCCACACCAACAGCUACGAAGUUGCUCAGUUUC
Q07666,UUUUUUUUUUUUUUUUUUUUUUUUUUUUUUUUUUUUUUUUUUUUUUUUUUUUUUUUUUUUUUUUUUUUUUUUUUUUUU
Q5VWX1,AAGGAAAUUUUCUUAAUUGUAAACCUGCAUCCAAAACAAGAAUAAAUUCGGGGUAGAUAGAUUUUUUGUAGCUAUAUC
O75525,AUAGGGCGGAGGGAAGCUCAUCAGUGGGGCCACGAGCUGAGUGCGUCCUGUCACUCCACUCCCAUGUCCCUUGGGAAGGUCUGAGACUAGGGCCAGAGGCGGCCCUAACAGGGUUCUCCCUGAGCUUCGGGGAGGUGGUUUCCCAGAGAACGGGGGGAUCUAGGAGGUCAGACUGGGCAGGAGAUGCCGUGGACCCCGCCCUUCGGGGAGGGGCCCGGCGGAUGCCUCCUUUGCCGGAGCUUGGAACAGACUCACGGCCAGCGAAGUGAGUUCAAUGGCUGAGGUGAGGUACCCCGCAGGGGACCUCAUAACCCAAUUCAGACUACUCUCCUCCGCCCAUU
Q9H9Z2,UUGUACAGUUUGAGGGUAUAUGAUACAACCCGGUACAGGAGAUAACUGUACAGG
P43243,AAAAAAAAAAAA
Q9NR56,UUCCAAAUUUUCUACACUUUUUAAC
O43347,AAAAAUGUGAUCUUGCUGUGUAAAUACAAUUUUGAGAGGUUAAUAGAUUACAAGUAGUGCUAUUUUUGUAUUUAGGUUAGCUAUUUAGCUUUACGUUCCAGGAUGCCUAGCACAGCCGGGACAAUAGCCAGGAAGCCCUCUCUGCGGUUCGAAAAACCUUUUUAGGUAUUUGGUUUUUCUAAGAAAUUUACCUAUUUUUAAAAAAAUUUUUUUUUUUUUUUUUUUUUUUUUUCUCCUCGUUUUUGUUUUU
P11940,AAUAUUUUUUUUUUU
Q9H361,AUCGCUUCUCGGCCUUUUGGCUAAGAUCAAGUGUAGUAUCUGUUCUUAUCAGUUUAAUAUCUGAUACGUCCUCUAUCCGAGGACAAUAUAUUAAAUGGAUUUUUGGAGCAGGGAGAUUUGAUAGGAGCUUGCUCCGUCCACUCCACGCAUCGACCUGGUAUUGCAGUACCUCCAGGAACGGUGCACCC
Q13310,AAAAAAAAAAA
Q96DU9,GUUGUUUUUUUU
Q86U42,GGCUACGUAGCUCAGUUGGUAGAGCAUUGGACUGAAAAUCCAGAAUUCAGCGGUUCGAUUCUGCUGGAAAACACCA
Q15365,CUGAUAACUUACAGGACGCUUUGGCUUCAUUGCUU
Q15366,CUGGUAGUUAUGGCAACAAUAC
P26599,AAAAAAAAAAAA
Q96PU8,AGGUCGAAAUUGAUCUAUUCAAGCCACAACUUGCACCUGCAAUGACAGACGCACCACCUGACCACGCCACCCA
Q9UKM9,AUACUCUGGUUUCUCUUCAGAUCGCAUAAAUCUUUCGCCUUUUACUAAAGAUUUCCGUGGAGAGGAACAACUCUGAGUCUUAACCCAAUUUUUUGAGGCCUUGCUUUGGCAAGGCUA
Q9NWB1,UUUUUUUUUUUUUUUUUUUUUUUUUUUUUUUUUUUUUUUUUUUUUUUUUUUUUUUUUUUUUUUUUUUUUUUUUUUUUUUUUUUUUUUUUUUUUUUUUUU
Q9BX46,GCCCGCAUCCCCCCCCCCCCCCGCCCCCCCCCCCCCCCCCCCCCCCCCCCCCCCCCCCCCCCCCCCCCCCCCCCCCCCCCCCCCCCCCCCCCCCCCCCCCCCCCCCCCCCCCCCCCCCCCCCCCCCCCCCCCCCCCCCCCCCCCCCCCCCCCCCCCCCCCCCCCCCCCCCCCCCCCCCCCCCCCCCCCCCCCCCCCCCCCCCCCCCCCCCCCCCCCCCCCCCCCCCCCCCCCCCCCCCCCCCCCCCCCCCCCCCCCCCCCCCCCCCCCCCCCCCCCCCCCCCCCCCCCCCCCCCCCCCCCCCCCCCCCCCCCCCCCCCCCCCCCCCCCCCCCCCCCCCCCCCCCCCCCCCCCCCCCCCCCCCCCCCCCCCCCCCCCCCCCCCCCCCCCCCCCCCCCCCCCCCCCCCCCCCCCCCCCCCCCCCCCCCCCCCCCCCCCCCCCCCCCCCCCCCCCCCCCCCCCCCCCCCCCCCCCCCCCCCCCCCCCCCCCCCCCCCCCCCCC
Q9NW13,AUACUCUGGUUUCUCUUCAGAUCGCAUAAAUCUUUCGCCUUUUACUAAAGAUUUCCGUGGAGAGGAACAACUCUGAGUCUUAACCCAAUUUUUUGAGGCCUUGCUUUGGCAAGGCUA
P98179,UUUUUUUUUUUUUUU
Q9BWF3,UUUUUUUUUUUUUUU
Q96IZ5,UGGAGUGUGACAAUGGUGUUU
Q9BTD8,AAUCCAUCAACGCCCAUUGGUCAAGUAAGGGCUCUGGGUCUGUUCUCGCGCCGUUUAGGCUCCAUCGGUCUCAUUA
Q8IUH3,AAAAAAAAAAA
Q8TBY0,UUCACAUUGCACUCUUCUCUU
P52756,UUUUUUUUUUUUUUUUUUUUUUUUUUUUUUUUUUUUUUUUUUUUUUUUUUUUUUUUUUUUUUUUUUUUUUUUUUUUUU
Q9Y5S9,AGUAGAUUAGCA
P29558,CACCCGAGCCCGCCCAUCAC
Q6XE24,CACCCAAACCCCCACACCCCCCCACCCCCACCCACCACACAAAACCCCCAAAACCCCCCCAACCCCCCAACCCCACCAACCCCACCAACCCCACAAACC
Q9UPU9,GGUU
Q15020,AACGCAGCUAGCUGCGAGAAUUAAUGUGAAUUGCAGGACACAUUGAUCAUCGACACUU
P23246,UUUUUUUUUUUUUUUUUUUUUUUUUUUUUUUUUUUUUUUUUUUUUUUUUUUUUUUUUUUUUUUUUUUUUUUUUUUUUU
P08621,UUUUUUUUUUUUUUUUUUUUUUUUUUUUUUUUUUUUUUUUUUUUUUUUUUUUUUUUUUUUUUUUUUUUUUUUUUUUUU
P09012,AAAAAAAAAAA
Q07959,UAAGGUAGAUUGAGCAUUGUGUGGACCUUUUAGUCCUUGAAGUUUUUUUUUUUUCCAUUGGGGGUUUUAAU
Q07955,UUUUU
Q07960,UAAAUUAUGGUCAAUUGUUAGUAUUCAUAUUAAUUUUUUUAAAUGUUUUAUCAUUUUAUAAAGGUUUAUUUUUGAAAGAUUUUUUGUAUAAAAUUUUAGGAGAUGUUAAUAAUAAUUUAUAAUUUUGAUUAGAUUGUUUUGUUAAUGCUAUUAGAUGGGUGUGGAAAAAUAAAAAAAAUAAUUAAUAUAUAUCAAUAAUAAAUUAAAUUAAUCUAUUAGUCAGAAAUGGAUGCCAGCCGUUGCGGUAAUUUCUAUGCUUUUAAAUAUUAUACAAUUAUCAUAUUAAAUUGUUAAGUGCUGAUUUAACCAGUAAAAAUAUAAAUAAUUUUUAUUUGUUUUUAAACACCAUUAGGUAUAUGCAAAUAUAGAAUUAUAGUAAUUAUAGAAAUUAAAAAGGUAUUGUUGCCCACCAAUUUUUAUAAUAAAAAUAACGUGCAGUAAUUAAUAUAUUUAUAAAAAUAUAUUUUUUUUUUU
Q07958,UAAGGUAGAUGGUUGCCUAGUUGGGACGUUUAAUCCUUUCAAUUUUGACCAAACU
Q07956,UUUUUUUUUUUUUUU
Q07957,AUUGAAACUUCUUACCGUGAUUAUCUUUUAUAUAUUUAAAAAUAAAAAAAAAAAAAUAAAAUAUUUAUUUUUGAAAAAUAGUAUAAAA
O75494,AUUCCAGAAGAAAACAUUGCUCUAUCAGAGUGAGGUAGUAGAUUGUAUAGUUGUGGGGUAGUGAUUUUACCCUGUUCAGGAGAUAACUAUACAAUCUAUUGCCUUCCCUGAGGAGUAGACUUGGUGCAUUAUUUUCU
Q01130,AUUCCAGAAGAAAACAUUGCUCUGGUAGAGUGAGGUAGUAGAUUGGAUAGUUGUGGGGUAGUGAUUUUACCCUGUUCAGGAGAUAACUAUACAAUCAGCUGCCUUCCCUGAGGAGUAGACUUGGUGCAUUAUUUUCU
Q16629,AAAAUUAUGGUCAAUUGUUAGUAUUCAUAUUAAUUUUUUUAAAUGUUUUAUCAUUUUAUAAAGGUUUAUUUUUGAAAGAUUUUUUGUAUAAAAUUUUAGGAAUAGUUAAUAAUAAUUUAUAAUUUUCAUUAGAUUCAUUUGUGCAUUUCAUUAGAUUCGUUUGGAAAAAUGGAAAAAAUAAUUUAUUUAUAUUAAUUUAAAAUUUAAUUUUUUUUUUUUUUUUUUUUUUU
Q13242,GUAGAUUUAAGUUUUUUUUUUUUCUUUUUUUUUUUUUUUUUUUUUUUUUUUUUUUUAUUUUUUUUUUUUUUUUUAUUUUUUUUUUUUUUUUUUUUUUUUUUUUUUUUUUUUUUUUUUUUUUUUUUUUUUUUUUUUUUUUUUUUUUUUUUU
Q13148,UUUUUUUUUUUUUUUUUUUUUUUUUUUUUUUUUUUUUUUUUU
P31483,AUUAUAGUAGCAUAGGUUAUAGGAGCGUUUUUUUUUUUUCAA
Q9H6E5,GUGCUCGCUUCGGCAGCACAUAUACUAAAAUUGGAACGAUACAGAGAAGAUUAGCAUGGCCCCUGCGCAAGGAUGACACGCAAAUUCGUGAAGCGUUCCAUAUUUU
Q15696,AUACUCUGGUUUCUCUUCAGAUCGCAUAAAUCUUUCGCCUUUUACUAAAGAUUUCCGUGGAGAGGAACAACUCUGAGUCUUAACCCAAUUUUUUGAGGCCUUGCUUUGGCAAGGCUA
P67809,AAUCCCCCGUGCCCAUAGCGGCGUGGAACCACCCGUUCCCAUUCCGAACACGGAAGUGAAACGCGCCAGCGCCGAUGGUACUGGGCGGGCGACCGCCUGGGAGAGUAGGUCGGUGCGGGGGA
Q9Y2T7,AUUCCAGUGGUCUAGUUGGUAAGAGCGCUGGCUAUUAAUCAAAUGGUCGCUGGUUCGAAUCGGUCCGAAGGGGACUCCUGGUACCUUCCUACGAAAGUUUUAGGUUAACACCUAGCCCCCAUGGUAGGGGGCUAGGUCCACGGCAGCCCAUAAAAUGGGUUAGGGUAUUCUAUGAAAAUGAGUAGUACGUAUCUUCUUCAAGUUAGGGGGUAGUCUUAUUUAGAGUGGUUUUCUUGUAGUUGCCUUAAUGGCUAUGGGAGU
Q96K80,AUCGCUUCUCGGCCUUUUGGCUAAGAUCAAGUGUAGUAUCUGUUCUUAUCAGUUUAAUAUCUGAUACGUCCUCUAUCCGAGGACAAUAUAUUAAAUGGAUUUUUGGAGCAGGGAGAUGGAAUAGGAGCUUGCUCCGUCCACUCCACGCAUCGACCUGGUAUUGCAGUACCUCCAGGAACGGUGCACCC
Q6PJT7,AUUCCAGAAGAAAACAUUGCUCUAUCAGAGUGAGGUAGUAGAUUGUAUAGUUGUGGGGUAGUGAUUUUACCCUGUUCAGGAGAUAACUAUACAAUCUAUUGCCUUCCCUGAGGAGUAGACUUGCUGCAUUAUUUUCU
Q8TBF4,GGUUCCAUCCUGUUUGACGGCGACCUCGCUAAUACCCGCCUGCUGCCAAGCGUUCCGAGCUGGGGGGGUUU
